	Ctenosaura_bakeri	Cachryx_defensor	Iguana_delicatissima	Iguana_iguana	Cyclura_pinguis	Gambelia_wislizenii	Basiliscus_vittatus	Corytophanes_hernandesii	Laemanctus_serratus	Anolis_apletophallus	Anolis_lemurinus	Anolis_rodriguezii	Anolis_tropidonotus	Anolis_sericeus	Anolis_planiceps	Anolis_sagrei	Anolis_carolinensis	Sceloporus_tristichus	Sceloporus_undulatus	Sceloporus_occidentalis	Sceloporus_chrysostictus	Urosaurus_nigricaudus	Phrynosoma_platyrhinos	Phrynosoma_blainvillii	Calotes_versicolor	Agama_finchi	Agama_doriae	Xenagama_zonura	Acanthocercus_atricollis	Acanthocercus_guentherpetersi	Acanthocercus_cyanogaster	Acanthocercus_annectans	Phrynocephalus_versicolor	Phrynocephalus_vlangalii	Phrynocephalus_putjatai	Phrynocephalus_forsythii	Laudakia_wui	Pogona_vitticeps	Intellagama_lesueurii	Trioceros_balebicornutus	Trioceros_harennae	Trioceros_affinis	Chamaeleo_calyptratus	Chamaeleo_gracilis	Chamaeleo_laevigatus	Chamaeleo_dilepis	Bradypodion_ventrale	Bradypodion_pumilum	Furcifer_pardalis	Elgaria_multicarinata	Ophisaurus_attenuatus	Anniella_stebbinsi	Varanus_macraei	Varanus_salvator	Varanus_acanthurus	Varanus_komodoensis	Varanus_albigularis	Varanus_niloticus	Shinisaurus_crocodilurus	Acrochordus_granulatus	Latastia_doriai	Darevskia_unisexualis	Darevskia_armeniaca	Darevskia_mixta	Darevskia_valentini	Lacerta_agilis	Lacerta_bilineata	Lacerta_viridis	Zootoca_vivipara	Podarcis_bocagei	Podarcis_vaucheri	Podarcis_liolepis	Podarcis_muralis	Podarcis_raffonei	Podarcis_siculus	Podarcis_tiliguerta	Podarcis_filfolensis	Podarcis_cretensis	Podarcis_pityusensis	Podarcis_lilfordi	Podarcis_gaigeae	Podarcis_melisellensis	Podarcis_erhardii	Gallotia_galloti	Rhineura_floridana	Tretioscincus_oriximinensis	Calyptommatus_sinebrachiatus	Bachia_flavescens	Aspidoscelis_angusticeps	Aspidoscelis_marmoratus	Aspidoscelis_tigris	Holcosus_undulatus	Kentropyx_calcarata	Ameiva_ameiva	Tupinambis_teguixin	Salvator_merianae	Carinascincus_ocellatus	Cryptoblepharus_egeriae	Acritoscincus_duperreyi	Mochlus_sundevallii	Trachylepis_striata	Trachylepis_maculilabris	Trachylepis_brevicollis	Marisora_unimarginata	Tiliqua_scincoides	Tiliqua_occipitalis	Lerista_edwardsae	Mesoscincus_schwartzei	Plestiodon_gilberti	Cordylus_rivae	Hemicordylus_capensis	Paroedura_picta	Gekko_japonicus	Gekko_gecko	Lepidodactylus_listeri	Heteronotia_binoei	Hemidactylus_brookii	Hemidactylus_flaviviridis	Hemidactylus_macropholis	Mediodactylus_kotschyi	Asaccus_caudivolvulus	Thecadactylus_rapicauda	Tarentola_annularis	Sphaerodactylus_townsendi	Sphaerodactylus_glaucus	Gonatodes_alexandermendesi	Teratoscincus_roborowskii	Euleptes_europaea	Correlophus_ciliatus	Eublepharis_macularius	Coleonyx_elegans
Ctenosaura_bakeri	0	34.041258	43.3926	43.3926	53.504543839	166.084600146	166.084600146	166.084600146	166.084600146	172.547199929	172.547199929	172.54719993	172.547199929	172.547199933	172.547199928	172.547199926	172.54719993	237.79079983	237.79079983	237.790799829	237.790799822	237.79079982	237.79079983	237.79079983	336.206999864	336.206999864	336.206999864	336.206999864	336.206999864	336.206999864	336.206999864	336.206999864	336.206999872	336.206999871	336.206999871	336.206999871	336.206999868	336.20699987	336.20699987	336.2069998821	336.2069998821	336.2069998821	336.2069998721	336.2069998721	336.2069998721	336.2069998721	336.2069998761	336.2069998761	336.20699988	359.81879986	359.81879986	359.81879987	359.8187998652	359.8187998652	359.818799861	359.818799861	359.818799864	359.818799864	359.818799902	250.1232000402	376.6737998332	376.6737998317	376.6737998307	376.6737998307	376.6737998257	376.6737998357	376.6737998357	376.6737998357	376.6737998332	376.6737998356	376.6737998356	376.6737998364	376.6737998364	376.6737998362	376.6737998362	376.6737998362	376.6737998362	376.6737998364	376.6737998362	376.6737998362	376.6737998362	376.6737998362	376.6737998332	376.6737998432	376.6737997632	376.6737998432	376.6737998432	376.6737998432	376.6737998462	376.6737998412	376.6737998412	376.6737998462	376.6737998392	376.6737998392	376.6737998342	376.6737998342	407.4393997621	407.4393997621	407.4393997552	407.4393997752	407.4393997762	407.4393997762	407.4393997812	407.4393997712	407.4393997592	407.4393997592	407.4393997292	407.4393997642	407.4393997642	407.4393997242	407.4393997242	426.3841998212	426.3841998182	426.3841998182	426.3841998162	426.3841998262	426.3841998222	426.3841998222	426.3841998252	426.3841998152	426.3841998252	426.3841998252	426.3841998252	426.3841998352	426.3841998352	426.3841998252	426.3841998252	426.3841998252	426.3841998152	426.3841998212	426.3841998312
Cachryx_defensor	34.041258	0	43.3926	43.3926	53.504543839	166.084600146	166.084600146	166.084600146	166.084600146	172.547199929	172.547199929	172.54719993	172.547199929	172.547199933	172.547199928	172.547199926	172.54719993	237.79079983	237.79079983	237.790799829	237.790799822	237.79079982	237.79079983	237.79079983	336.206999864	336.206999864	336.206999864	336.206999864	336.206999864	336.206999864	336.206999864	336.206999864	336.206999872	336.206999871	336.206999871	336.206999871	336.206999868	336.20699987	336.20699987	336.2069998821	336.2069998821	336.2069998821	336.2069998721	336.2069998721	336.2069998721	336.2069998721	336.2069998761	336.2069998761	336.20699988	359.81879986	359.81879986	359.81879987	359.8187998652	359.8187998652	359.818799861	359.818799861	359.818799864	359.818799864	359.818799902	250.1232000402	376.6737998332	376.6737998317	376.6737998307	376.6737998307	376.6737998257	376.6737998357	376.6737998357	376.6737998357	376.6737998332	376.6737998356	376.6737998356	376.6737998364	376.6737998364	376.6737998362	376.6737998362	376.6737998362	376.6737998362	376.6737998364	376.6737998362	376.6737998362	376.6737998362	376.6737998362	376.6737998332	376.6737998432	376.6737997632	376.6737998432	376.6737998432	376.6737998432	376.6737998462	376.6737998412	376.6737998412	376.6737998462	376.6737998392	376.6737998392	376.6737998342	376.6737998342	407.4393997621	407.4393997621	407.4393997552	407.4393997752	407.4393997762	407.4393997762	407.4393997812	407.4393997712	407.4393997592	407.4393997592	407.4393997292	407.4393997642	407.4393997642	407.4393997242	407.4393997242	426.3841998212	426.3841998182	426.3841998182	426.3841998162	426.3841998262	426.3841998222	426.3841998222	426.3841998252	426.3841998152	426.3841998252	426.3841998252	426.3841998252	426.3841998352	426.3841998352	426.3841998252	426.3841998252	426.3841998252	426.3841998152	426.3841998212	426.3841998312
Iguana_delicatissima	43.3926	43.3926	0	30.668796	53.504543839	166.084600146	166.084600146	166.084600146	166.084600146	172.547199929	172.547199929	172.54719993	172.547199929	172.547199933	172.547199928	172.547199926	172.54719993	237.79079983	237.79079983	237.790799829	237.790799822	237.79079982	237.79079983	237.79079983	336.206999864	336.206999864	336.206999864	336.206999864	336.206999864	336.206999864	336.206999864	336.206999864	336.206999872	336.206999871	336.206999871	336.206999871	336.206999868	336.20699987	336.20699987	336.2069998821	336.2069998821	336.2069998821	336.2069998721	336.2069998721	336.2069998721	336.2069998721	336.2069998761	336.2069998761	336.20699988	359.81879986	359.81879986	359.81879987	359.8187998652	359.8187998652	359.818799861	359.818799861	359.818799864	359.818799864	359.818799902	250.1232000402	376.6737998332	376.6737998317	376.6737998307	376.6737998307	376.6737998257	376.6737998357	376.6737998357	376.6737998357	376.6737998332	376.6737998356	376.6737998356	376.6737998364	376.6737998364	376.6737998362	376.6737998362	376.6737998362	376.6737998362	376.6737998364	376.6737998362	376.6737998362	376.6737998362	376.6737998362	376.6737998332	376.6737998432	376.6737997632	376.6737998432	376.6737998432	376.6737998432	376.6737998462	376.6737998412	376.6737998412	376.6737998462	376.6737998392	376.6737998392	376.6737998342	376.6737998342	407.4393997621	407.4393997621	407.4393997552	407.4393997752	407.4393997762	407.4393997762	407.4393997812	407.4393997712	407.4393997592	407.4393997592	407.4393997292	407.4393997642	407.4393997642	407.4393997242	407.4393997242	426.3841998212	426.3841998182	426.3841998182	426.3841998162	426.3841998262	426.3841998222	426.3841998222	426.3841998252	426.3841998152	426.3841998252	426.3841998252	426.3841998252	426.3841998352	426.3841998352	426.3841998252	426.3841998252	426.3841998252	426.3841998152	426.3841998212	426.3841998312
Iguana_iguana	43.3926	43.3926	30.668796	0	53.504543839	166.084600146	166.084600146	166.084600146	166.084600146	172.547199929	172.547199929	172.54719993	172.547199929	172.547199933	172.547199928	172.547199926	172.54719993	237.79079983	237.79079983	237.790799829	237.790799822	237.79079982	237.79079983	237.79079983	336.206999864	336.206999864	336.206999864	336.206999864	336.206999864	336.206999864	336.206999864	336.206999864	336.206999872	336.206999871	336.206999871	336.206999871	336.206999868	336.20699987	336.20699987	336.2069998821	336.2069998821	336.2069998821	336.2069998721	336.2069998721	336.2069998721	336.2069998721	336.2069998761	336.2069998761	336.20699988	359.81879986	359.81879986	359.81879987	359.8187998652	359.8187998652	359.818799861	359.818799861	359.818799864	359.818799864	359.818799902	250.1232000402	376.6737998332	376.6737998317	376.6737998307	376.6737998307	376.6737998257	376.6737998357	376.6737998357	376.6737998357	376.6737998332	376.6737998356	376.6737998356	376.6737998364	376.6737998364	376.6737998362	376.6737998362	376.6737998362	376.6737998362	376.6737998364	376.6737998362	376.6737998362	376.6737998362	376.6737998362	376.6737998332	376.6737998432	376.6737997632	376.6737998432	376.6737998432	376.6737998432	376.6737998462	376.6737998412	376.6737998412	376.6737998462	376.6737998392	376.6737998392	376.6737998342	376.6737998342	407.4393997621	407.4393997621	407.4393997552	407.4393997752	407.4393997762	407.4393997762	407.4393997812	407.4393997712	407.4393997592	407.4393997592	407.4393997292	407.4393997642	407.4393997642	407.4393997242	407.4393997242	426.3841998212	426.3841998182	426.3841998182	426.3841998162	426.3841998262	426.3841998222	426.3841998222	426.3841998252	426.3841998152	426.3841998252	426.3841998252	426.3841998252	426.3841998352	426.3841998352	426.3841998252	426.3841998252	426.3841998252	426.3841998152	426.3841998212	426.3841998312
Cyclura_pinguis	53.504543839	53.504543839	53.504543839	53.504543839	0	166.084600147	166.084600147	166.084600147	166.084600147	172.54719993	172.54719993	172.547199931	172.54719993	172.547199934	172.547199929	172.547199927	172.547199931	237.790799831	237.790799831	237.79079983	237.790799823	237.790799821	237.790799831	237.790799831	336.206999865	336.206999865	336.206999865	336.206999865	336.206999865	336.206999865	336.206999865	336.206999865	336.206999873	336.206999872	336.206999872	336.206999872	336.206999869	336.206999871	336.206999871	336.2069998831	336.2069998831	336.2069998831	336.2069998731	336.2069998731	336.2069998731	336.2069998731	336.2069998771	336.2069998771	336.206999881	359.818799861	359.818799861	359.818799871	359.8187998662	359.8187998662	359.818799862	359.818799862	359.818799865	359.818799865	359.818799903	250.1232000412	376.6737998342	376.6737998327	376.6737998317	376.6737998317	376.6737998267	376.6737998367	376.6737998367	376.6737998367	376.6737998342	376.6737998366	376.6737998366	376.6737998374	376.6737998374	376.6737998372	376.6737998372	376.6737998372	376.6737998372	376.6737998374	376.6737998372	376.6737998372	376.6737998372	376.6737998372	376.6737998342	376.6737998442	376.6737997642	376.6737998442	376.6737998442	376.6737998442	376.6737998472	376.6737998422	376.6737998422	376.6737998472	376.6737998402	376.6737998402	376.6737998352	376.6737998352	407.4393997631	407.4393997631	407.4393997562	407.4393997762	407.4393997772	407.4393997772	407.4393997822	407.4393997722	407.4393997602	407.4393997602	407.4393997302	407.4393997652	407.4393997652	407.4393997252	407.4393997252	426.3841998222	426.3841998192	426.3841998192	426.3841998172	426.3841998272	426.3841998232	426.3841998232	426.3841998262	426.3841998162	426.3841998262	426.3841998262	426.3841998262	426.3841998362	426.3841998362	426.3841998262	426.3841998262	426.3841998262	426.3841998162	426.3841998222	426.3841998322
Gambelia_wislizenii	166.084600146	166.084600146	166.084600146	166.084600146	166.084600147	0	158.50931	158.50931	158.50931	172.547199917	172.547199917	172.547199918	172.547199917	172.547199921	172.547199916	172.547199914	172.547199918	237.790799818	237.790799818	237.790799817	237.79079981	237.790799808	237.790799818	237.790799818	336.206999852	336.206999852	336.206999852	336.206999852	336.206999852	336.206999852	336.206999852	336.206999852	336.20699986	336.206999859	336.206999859	336.206999859	336.206999856	336.206999858	336.206999858	336.2069998701	336.2069998701	336.2069998701	336.2069998601	336.2069998601	336.2069998601	336.2069998601	336.2069998641	336.2069998641	336.206999868	359.818799848	359.818799848	359.818799858	359.8187998532	359.8187998532	359.818799849	359.818799849	359.818799852	359.818799852	359.81879989	250.1232000282	376.6737998212	376.6737998197	376.6737998187	376.6737998187	376.6737998137	376.6737998237	376.6737998237	376.6737998237	376.6737998212	376.6737998236	376.6737998236	376.6737998244	376.6737998244	376.6737998242	376.6737998242	376.6737998242	376.6737998242	376.6737998244	376.6737998242	376.6737998242	376.6737998242	376.6737998242	376.6737998212	376.6737998312	376.6737997512	376.6737998312	376.6737998312	376.6737998312	376.6737998342	376.6737998292	376.6737998292	376.6737998342	376.6737998272	376.6737998272	376.6737998222	376.6737998222	407.4393997501	407.4393997501	407.4393997432	407.4393997632	407.4393997642	407.4393997642	407.4393997692	407.4393997592	407.4393997472	407.4393997472	407.4393997172	407.4393997522	407.4393997522	407.4393997122	407.4393997122	426.3841998092	426.3841998062	426.3841998062	426.3841998042	426.3841998142	426.3841998102	426.3841998102	426.3841998132	426.3841998032	426.3841998132	426.3841998132	426.3841998132	426.3841998232	426.3841998232	426.3841998132	426.3841998132	426.3841998132	426.3841998032	426.3841998092	426.3841998192
Basiliscus_vittatus	166.084600146	166.084600146	166.084600146	166.084600146	166.084600147	158.50931	0	94.8238	94.8238	172.547199917	172.547199917	172.547199918	172.547199917	172.547199921	172.547199916	172.547199914	172.547199918	237.790799818	237.790799818	237.790799817	237.79079981	237.790799808	237.790799818	237.790799818	336.206999852	336.206999852	336.206999852	336.206999852	336.206999852	336.206999852	336.206999852	336.206999852	336.20699986	336.206999859	336.206999859	336.206999859	336.206999856	336.206999858	336.206999858	336.2069998701	336.2069998701	336.2069998701	336.2069998601	336.2069998601	336.2069998601	336.2069998601	336.2069998641	336.2069998641	336.206999868	359.818799848	359.818799848	359.818799858	359.8187998532	359.8187998532	359.818799849	359.818799849	359.818799852	359.818799852	359.81879989	250.1232000282	376.6737998212	376.6737998197	376.6737998187	376.6737998187	376.6737998137	376.6737998237	376.6737998237	376.6737998237	376.6737998212	376.6737998236	376.6737998236	376.6737998244	376.6737998244	376.6737998242	376.6737998242	376.6737998242	376.6737998242	376.6737998244	376.6737998242	376.6737998242	376.6737998242	376.6737998242	376.6737998212	376.6737998312	376.6737997512	376.6737998312	376.6737998312	376.6737998312	376.6737998342	376.6737998292	376.6737998292	376.6737998342	376.6737998272	376.6737998272	376.6737998222	376.6737998222	407.4393997501	407.4393997501	407.4393997432	407.4393997632	407.4393997642	407.4393997642	407.4393997692	407.4393997592	407.4393997472	407.4393997472	407.4393997172	407.4393997522	407.4393997522	407.4393997122	407.4393997122	426.3841998092	426.3841998062	426.3841998062	426.3841998042	426.3841998142	426.3841998102	426.3841998102	426.3841998132	426.3841998032	426.3841998132	426.3841998132	426.3841998132	426.3841998232	426.3841998232	426.3841998132	426.3841998132	426.3841998132	426.3841998032	426.3841998092	426.3841998192
Corytophanes_hernandesii	166.084600146	166.084600146	166.084600146	166.084600146	166.084600147	158.50931	94.8238	0	70.587994	172.547199917	172.547199917	172.547199918	172.547199917	172.547199921	172.547199916	172.547199914	172.547199918	237.790799818	237.790799818	237.790799817	237.79079981	237.790799808	237.790799818	237.790799818	336.206999852	336.206999852	336.206999852	336.206999852	336.206999852	336.206999852	336.206999852	336.206999852	336.20699986	336.206999859	336.206999859	336.206999859	336.206999856	336.206999858	336.206999858	336.2069998701	336.2069998701	336.2069998701	336.2069998601	336.2069998601	336.2069998601	336.2069998601	336.2069998641	336.2069998641	336.206999868	359.818799848	359.818799848	359.818799858	359.8187998532	359.8187998532	359.818799849	359.818799849	359.818799852	359.818799852	359.81879989	250.1232000282	376.6737998212	376.6737998197	376.6737998187	376.6737998187	376.6737998137	376.6737998237	376.6737998237	376.6737998237	376.6737998212	376.6737998236	376.6737998236	376.6737998244	376.6737998244	376.6737998242	376.6737998242	376.6737998242	376.6737998242	376.6737998244	376.6737998242	376.6737998242	376.6737998242	376.6737998242	376.6737998212	376.6737998312	376.6737997512	376.6737998312	376.6737998312	376.6737998312	376.6737998342	376.6737998292	376.6737998292	376.6737998342	376.6737998272	376.6737998272	376.6737998222	376.6737998222	407.4393997501	407.4393997501	407.4393997432	407.4393997632	407.4393997642	407.4393997642	407.4393997692	407.4393997592	407.4393997472	407.4393997472	407.4393997172	407.4393997522	407.4393997522	407.4393997122	407.4393997122	426.3841998092	426.3841998062	426.3841998062	426.3841998042	426.3841998142	426.3841998102	426.3841998102	426.3841998132	426.3841998032	426.3841998132	426.3841998132	426.3841998132	426.3841998232	426.3841998232	426.3841998132	426.3841998132	426.3841998132	426.3841998032	426.3841998092	426.3841998192
Laemanctus_serratus	166.084600146	166.084600146	166.084600146	166.084600146	166.084600147	158.50931	94.8238	70.587994	0	172.547199917	172.547199917	172.547199918	172.547199917	172.547199921	172.547199916	172.547199914	172.547199918	237.790799818	237.790799818	237.790799817	237.79079981	237.790799808	237.790799818	237.790799818	336.206999852	336.206999852	336.206999852	336.206999852	336.206999852	336.206999852	336.206999852	336.206999852	336.20699986	336.206999859	336.206999859	336.206999859	336.206999856	336.206999858	336.206999858	336.2069998701	336.2069998701	336.2069998701	336.2069998601	336.2069998601	336.2069998601	336.2069998601	336.2069998641	336.2069998641	336.206999868	359.818799848	359.818799848	359.818799858	359.8187998532	359.8187998532	359.818799849	359.818799849	359.818799852	359.818799852	359.81879989	250.1232000282	376.6737998212	376.6737998197	376.6737998187	376.6737998187	376.6737998137	376.6737998237	376.6737998237	376.6737998237	376.6737998212	376.6737998236	376.6737998236	376.6737998244	376.6737998244	376.6737998242	376.6737998242	376.6737998242	376.6737998242	376.6737998244	376.6737998242	376.6737998242	376.6737998242	376.6737998242	376.6737998212	376.6737998312	376.6737997512	376.6737998312	376.6737998312	376.6737998312	376.6737998342	376.6737998292	376.6737998292	376.6737998342	376.6737998272	376.6737998272	376.6737998222	376.6737998222	407.4393997501	407.4393997501	407.4393997432	407.4393997632	407.4393997642	407.4393997642	407.4393997692	407.4393997592	407.4393997472	407.4393997472	407.4393997172	407.4393997522	407.4393997522	407.4393997122	407.4393997122	426.3841998092	426.3841998062	426.3841998062	426.3841998042	426.3841998142	426.3841998102	426.3841998102	426.3841998132	426.3841998032	426.3841998132	426.3841998132	426.3841998132	426.3841998232	426.3841998232	426.3841998132	426.3841998132	426.3841998132	426.3841998032	426.3841998092	426.3841998192
Anolis_apletophallus	172.547199929	172.547199929	172.547199929	172.547199929	172.54719993	172.547199917	172.547199917	172.547199917	172.547199917	0	21.430878	23.944217059	29.3224629	39.209746076	46.679756981	53.446230743	63.595526599	237.790799819	237.790799819	237.790799818	237.790799811	237.790799809	237.790799819	237.790799819	336.206999853	336.206999853	336.206999853	336.206999853	336.206999853	336.206999853	336.206999853	336.206999853	336.206999861	336.20699986	336.20699986	336.20699986	336.206999857	336.206999859	336.206999859	336.2069998711	336.2069998711	336.2069998711	336.2069998611	336.2069998611	336.2069998611	336.2069998611	336.2069998651	336.2069998651	336.206999869	359.818799849	359.818799849	359.818799859	359.8187998542	359.8187998542	359.81879985	359.81879985	359.818799853	359.818799853	359.818799891	250.1232000292	376.6737998222	376.6737998207	376.6737998197	376.6737998197	376.6737998147	376.6737998247	376.6737998247	376.6737998247	376.6737998222	376.6737998246	376.6737998246	376.6737998254	376.6737998254	376.6737998252	376.6737998252	376.6737998252	376.6737998252	376.6737998254	376.6737998252	376.6737998252	376.6737998252	376.6737998252	376.6737998222	376.6737998322	376.6737997522	376.6737998322	376.6737998322	376.6737998322	376.6737998352	376.6737998302	376.6737998302	376.6737998352	376.6737998282	376.6737998282	376.6737998232	376.6737998232	407.4393997511	407.4393997511	407.4393997442	407.4393997642	407.4393997652	407.4393997652	407.4393997702	407.4393997602	407.4393997482	407.4393997482	407.4393997182	407.4393997532	407.4393997532	407.4393997132	407.4393997132	426.3841998102	426.3841998072	426.3841998072	426.3841998052	426.3841998152	426.3841998112	426.3841998112	426.3841998142	426.3841998042	426.3841998142	426.3841998142	426.3841998142	426.3841998242	426.3841998242	426.3841998142	426.3841998142	426.3841998142	426.3841998042	426.3841998102	426.3841998202
Anolis_lemurinus	172.547199929	172.547199929	172.547199929	172.547199929	172.54719993	172.547199917	172.547199917	172.547199917	172.547199917	21.430878	0	23.944217059	29.3224629	39.209746076	46.679756981	53.446230743	63.595526599	237.790799819	237.790799819	237.790799818	237.790799811	237.790799809	237.790799819	237.790799819	336.206999853	336.206999853	336.206999853	336.206999853	336.206999853	336.206999853	336.206999853	336.206999853	336.206999861	336.20699986	336.20699986	336.20699986	336.206999857	336.206999859	336.206999859	336.2069998711	336.2069998711	336.2069998711	336.2069998611	336.2069998611	336.2069998611	336.2069998611	336.2069998651	336.2069998651	336.206999869	359.818799849	359.818799849	359.818799859	359.8187998542	359.8187998542	359.81879985	359.81879985	359.818799853	359.818799853	359.818799891	250.1232000292	376.6737998222	376.6737998207	376.6737998197	376.6737998197	376.6737998147	376.6737998247	376.6737998247	376.6737998247	376.6737998222	376.6737998246	376.6737998246	376.6737998254	376.6737998254	376.6737998252	376.6737998252	376.6737998252	376.6737998252	376.6737998254	376.6737998252	376.6737998252	376.6737998252	376.6737998252	376.6737998222	376.6737998322	376.6737997522	376.6737998322	376.6737998322	376.6737998322	376.6737998352	376.6737998302	376.6737998302	376.6737998352	376.6737998282	376.6737998282	376.6737998232	376.6737998232	407.4393997511	407.4393997511	407.4393997442	407.4393997642	407.4393997652	407.4393997652	407.4393997702	407.4393997602	407.4393997482	407.4393997482	407.4393997182	407.4393997532	407.4393997532	407.4393997132	407.4393997132	426.3841998102	426.3841998072	426.3841998072	426.3841998052	426.3841998152	426.3841998112	426.3841998112	426.3841998142	426.3841998042	426.3841998142	426.3841998142	426.3841998142	426.3841998242	426.3841998242	426.3841998142	426.3841998142	426.3841998142	426.3841998042	426.3841998102	426.3841998202
Anolis_rodriguezii	172.54719993	172.54719993	172.54719993	172.54719993	172.547199931	172.547199918	172.547199918	172.547199918	172.547199918	23.944217059	23.944217059	0	29.322462901	39.209746077	46.679756982	53.446230744	63.5955266	237.79079982	237.79079982	237.790799819	237.790799812	237.79079981	237.79079982	237.79079982	336.206999854	336.206999854	336.206999854	336.206999854	336.206999854	336.206999854	336.206999854	336.206999854	336.206999862	336.206999861	336.206999861	336.206999861	336.206999858	336.20699986	336.20699986	336.2069998721	336.2069998721	336.2069998721	336.2069998621	336.2069998621	336.2069998621	336.2069998621	336.2069998661	336.2069998661	336.20699987	359.81879985	359.81879985	359.81879986	359.8187998552	359.8187998552	359.818799851	359.818799851	359.818799854	359.818799854	359.818799892	250.1232000302	376.6737998232	376.6737998217	376.6737998207	376.6737998207	376.6737998157	376.6737998257	376.6737998257	376.6737998257	376.6737998232	376.6737998256	376.6737998256	376.6737998264	376.6737998264	376.6737998262	376.6737998262	376.6737998262	376.6737998262	376.6737998264	376.6737998262	376.6737998262	376.6737998262	376.6737998262	376.6737998232	376.6737998332	376.6737997532	376.6737998332	376.6737998332	376.6737998332	376.6737998362	376.6737998312	376.6737998312	376.6737998362	376.6737998292	376.6737998292	376.6737998242	376.6737998242	407.4393997521	407.4393997521	407.4393997452	407.4393997652	407.4393997662	407.4393997662	407.4393997712	407.4393997612	407.4393997492	407.4393997492	407.4393997192	407.4393997542	407.4393997542	407.4393997142	407.4393997142	426.3841998112	426.3841998082	426.3841998082	426.3841998062	426.3841998162	426.3841998122	426.3841998122	426.3841998152	426.3841998052	426.3841998152	426.3841998152	426.3841998152	426.3841998252	426.3841998252	426.3841998152	426.3841998152	426.3841998152	426.3841998052	426.3841998112	426.3841998212
Anolis_tropidonotus	172.547199929	172.547199929	172.547199929	172.547199929	172.54719993	172.547199917	172.547199917	172.547199917	172.547199917	29.3224629	29.3224629	29.322462901	0	39.209746076	46.679756981	53.446230743	63.595526599	237.790799819	237.790799819	237.790799818	237.790799811	237.790799809	237.790799819	237.790799819	336.206999853	336.206999853	336.206999853	336.206999853	336.206999853	336.206999853	336.206999853	336.206999853	336.206999861	336.20699986	336.20699986	336.20699986	336.206999857	336.206999859	336.206999859	336.2069998711	336.2069998711	336.2069998711	336.2069998611	336.2069998611	336.2069998611	336.2069998611	336.2069998651	336.2069998651	336.206999869	359.818799849	359.818799849	359.818799859	359.8187998542	359.8187998542	359.81879985	359.81879985	359.818799853	359.818799853	359.818799891	250.1232000292	376.6737998222	376.6737998207	376.6737998197	376.6737998197	376.6737998147	376.6737998247	376.6737998247	376.6737998247	376.6737998222	376.6737998246	376.6737998246	376.6737998254	376.6737998254	376.6737998252	376.6737998252	376.6737998252	376.6737998252	376.6737998254	376.6737998252	376.6737998252	376.6737998252	376.6737998252	376.6737998222	376.6737998322	376.6737997522	376.6737998322	376.6737998322	376.6737998322	376.6737998352	376.6737998302	376.6737998302	376.6737998352	376.6737998282	376.6737998282	376.6737998232	376.6737998232	407.4393997511	407.4393997511	407.4393997442	407.4393997642	407.4393997652	407.4393997652	407.4393997702	407.4393997602	407.4393997482	407.4393997482	407.4393997182	407.4393997532	407.4393997532	407.4393997132	407.4393997132	426.3841998102	426.3841998072	426.3841998072	426.3841998052	426.3841998152	426.3841998112	426.3841998112	426.3841998142	426.3841998042	426.3841998142	426.3841998142	426.3841998142	426.3841998242	426.3841998242	426.3841998142	426.3841998142	426.3841998142	426.3841998042	426.3841998102	426.3841998202
Anolis_sericeus	172.547199933	172.547199933	172.547199933	172.547199933	172.547199934	172.547199921	172.547199921	172.547199921	172.547199921	39.209746076	39.209746076	39.209746077	39.209746076	0	46.679756985	53.446230747	63.595526603	237.790799823	237.790799823	237.790799822	237.790799815	237.790799813	237.790799823	237.790799823	336.206999857	336.206999857	336.206999857	336.206999857	336.206999857	336.206999857	336.206999857	336.206999857	336.206999865	336.206999864	336.206999864	336.206999864	336.206999861	336.206999863	336.206999863	336.2069998751	336.2069998751	336.2069998751	336.2069998651	336.2069998651	336.2069998651	336.2069998651	336.2069998691	336.2069998691	336.206999873	359.818799853	359.818799853	359.818799863	359.8187998582	359.8187998582	359.818799854	359.818799854	359.818799857	359.818799857	359.818799895	250.1232000332	376.6737998262	376.6737998247	376.6737998237	376.6737998237	376.6737998187	376.6737998287	376.6737998287	376.6737998287	376.6737998262	376.6737998286	376.6737998286	376.6737998294	376.6737998294	376.6737998292	376.6737998292	376.6737998292	376.6737998292	376.6737998294	376.6737998292	376.6737998292	376.6737998292	376.6737998292	376.6737998262	376.6737998362	376.6737997562	376.6737998362	376.6737998362	376.6737998362	376.6737998392	376.6737998342	376.6737998342	376.6737998392	376.6737998322	376.6737998322	376.6737998272	376.6737998272	407.4393997551	407.4393997551	407.4393997482	407.4393997682	407.4393997692	407.4393997692	407.4393997742	407.4393997642	407.4393997522	407.4393997522	407.4393997222	407.4393997572	407.4393997572	407.4393997172	407.4393997172	426.3841998142	426.3841998112	426.3841998112	426.3841998092	426.3841998192	426.3841998152	426.3841998152	426.3841998182	426.3841998082	426.3841998182	426.3841998182	426.3841998182	426.3841998282	426.3841998282	426.3841998182	426.3841998182	426.3841998182	426.3841998082	426.3841998142	426.3841998242
Anolis_planiceps	172.547199928	172.547199928	172.547199928	172.547199928	172.547199929	172.547199916	172.547199916	172.547199916	172.547199916	46.679756981	46.679756981	46.679756982	46.679756981	46.679756985	0	53.446230742	63.595526598	237.790799818	237.790799818	237.790799817	237.79079981	237.790799808	237.790799818	237.790799818	336.206999852	336.206999852	336.206999852	336.206999852	336.206999852	336.206999852	336.206999852	336.206999852	336.20699986	336.206999859	336.206999859	336.206999859	336.206999856	336.206999858	336.206999858	336.2069998701	336.2069998701	336.2069998701	336.2069998601	336.2069998601	336.2069998601	336.2069998601	336.2069998641	336.2069998641	336.206999868	359.818799848	359.818799848	359.818799858	359.8187998532	359.8187998532	359.818799849	359.818799849	359.818799852	359.818799852	359.81879989	250.1232000282	376.6737998212	376.6737998197	376.6737998187	376.6737998187	376.6737998137	376.6737998237	376.6737998237	376.6737998237	376.6737998212	376.6737998236	376.6737998236	376.6737998244	376.6737998244	376.6737998242	376.6737998242	376.6737998242	376.6737998242	376.6737998244	376.6737998242	376.6737998242	376.6737998242	376.6737998242	376.6737998212	376.6737998312	376.6737997512	376.6737998312	376.6737998312	376.6737998312	376.6737998342	376.6737998292	376.6737998292	376.6737998342	376.6737998272	376.6737998272	376.6737998222	376.6737998222	407.4393997501	407.4393997501	407.4393997432	407.4393997632	407.4393997642	407.4393997642	407.4393997692	407.4393997592	407.4393997472	407.4393997472	407.4393997172	407.4393997522	407.4393997522	407.4393997122	407.4393997122	426.3841998092	426.3841998062	426.3841998062	426.3841998042	426.3841998142	426.3841998102	426.3841998102	426.3841998132	426.3841998032	426.3841998132	426.3841998132	426.3841998132	426.3841998232	426.3841998232	426.3841998132	426.3841998132	426.3841998132	426.3841998032	426.3841998092	426.3841998192
Anolis_sagrei	172.547199926	172.547199926	172.547199926	172.547199926	172.547199927	172.547199914	172.547199914	172.547199914	172.547199914	53.446230743	53.446230743	53.446230744	53.446230743	53.446230747	53.446230742	0	63.595526596	237.790799816	237.790799816	237.790799815	237.790799808	237.790799806	237.790799816	237.790799816	336.20699985	336.20699985	336.20699985	336.20699985	336.20699985	336.20699985	336.20699985	336.20699985	336.206999858	336.206999857	336.206999857	336.206999857	336.206999854	336.206999856	336.206999856	336.2069998681	336.2069998681	336.2069998681	336.2069998581	336.2069998581	336.2069998581	336.2069998581	336.2069998621	336.2069998621	336.206999866	359.818799846	359.818799846	359.818799856	359.8187998512	359.8187998512	359.818799847	359.818799847	359.81879985	359.81879985	359.818799888	250.1232000262	376.6737998192	376.6737998177	376.6737998167	376.6737998167	376.6737998117	376.6737998217	376.6737998217	376.6737998217	376.6737998192	376.6737998216	376.6737998216	376.6737998224	376.6737998224	376.6737998222	376.6737998222	376.6737998222	376.6737998222	376.6737998224	376.6737998222	376.6737998222	376.6737998222	376.6737998222	376.6737998192	376.6737998292	376.6737997492	376.6737998292	376.6737998292	376.6737998292	376.6737998322	376.6737998272	376.6737998272	376.6737998322	376.6737998252	376.6737998252	376.6737998202	376.6737998202	407.4393997481	407.4393997481	407.4393997412	407.4393997612	407.4393997622	407.4393997622	407.4393997672	407.4393997572	407.4393997452	407.4393997452	407.4393997152	407.4393997502	407.4393997502	407.4393997102	407.4393997102	426.3841998072	426.3841998042	426.3841998042	426.3841998022	426.3841998122	426.3841998082	426.3841998082	426.3841998112	426.3841998012	426.3841998112	426.3841998112	426.3841998112	426.3841998212	426.3841998212	426.3841998112	426.3841998112	426.3841998112	426.3841998012	426.3841998072	426.3841998172
Anolis_carolinensis	172.54719993	172.54719993	172.54719993	172.54719993	172.547199931	172.547199918	172.547199918	172.547199918	172.547199918	63.595526599	63.595526599	63.5955266	63.595526599	63.595526603	63.595526598	63.595526596	0	237.79079982	237.79079982	237.790799819	237.790799812	237.79079981	237.79079982	237.79079982	336.206999854	336.206999854	336.206999854	336.206999854	336.206999854	336.206999854	336.206999854	336.206999854	336.206999862	336.206999861	336.206999861	336.206999861	336.206999858	336.20699986	336.20699986	336.2069998721	336.2069998721	336.2069998721	336.2069998621	336.2069998621	336.2069998621	336.2069998621	336.2069998661	336.2069998661	336.20699987	359.81879985	359.81879985	359.81879986	359.8187998552	359.8187998552	359.818799851	359.818799851	359.818799854	359.818799854	359.818799892	250.1232000302	376.6737998232	376.6737998217	376.6737998207	376.6737998207	376.6737998157	376.6737998257	376.6737998257	376.6737998257	376.6737998232	376.6737998256	376.6737998256	376.6737998264	376.6737998264	376.6737998262	376.6737998262	376.6737998262	376.6737998262	376.6737998264	376.6737998262	376.6737998262	376.6737998262	376.6737998262	376.6737998232	376.6737998332	376.6737997532	376.6737998332	376.6737998332	376.6737998332	376.6737998362	376.6737998312	376.6737998312	376.6737998362	376.6737998292	376.6737998292	376.6737998242	376.6737998242	407.4393997521	407.4393997521	407.4393997452	407.4393997652	407.4393997662	407.4393997662	407.4393997712	407.4393997612	407.4393997492	407.4393997492	407.4393997192	407.4393997542	407.4393997542	407.4393997142	407.4393997142	426.3841998112	426.3841998082	426.3841998082	426.3841998062	426.3841998162	426.3841998122	426.3841998122	426.3841998152	426.3841998052	426.3841998152	426.3841998152	426.3841998152	426.3841998252	426.3841998252	426.3841998152	426.3841998152	426.3841998152	426.3841998052	426.3841998112	426.3841998212
Sceloporus_tristichus	237.79079983	237.79079983	237.79079983	237.79079983	237.790799831	237.790799818	237.790799818	237.790799818	237.790799818	237.790799819	237.790799819	237.79079982	237.790799819	237.790799823	237.790799818	237.790799816	237.79079982	0	11.507525334	18.648915455	68.369403128	76.93595113	168.85132522	168.85132522	336.206999854	336.206999854	336.206999854	336.206999854	336.206999854	336.206999854	336.206999854	336.206999854	336.206999862	336.206999861	336.206999861	336.206999861	336.206999858	336.20699986	336.20699986	336.2069998721	336.2069998721	336.2069998721	336.2069998621	336.2069998621	336.2069998621	336.2069998621	336.2069998661	336.2069998661	336.20699987	359.81879985	359.81879985	359.81879986	359.8187998552	359.8187998552	359.818799851	359.818799851	359.818799854	359.818799854	359.818799892	250.1232000302	376.6737998232	376.6737998217	376.6737998207	376.6737998207	376.6737998157	376.6737998257	376.6737998257	376.6737998257	376.6737998232	376.6737998256	376.6737998256	376.6737998264	376.6737998264	376.6737998262	376.6737998262	376.6737998262	376.6737998262	376.6737998264	376.6737998262	376.6737998262	376.6737998262	376.6737998262	376.6737998232	376.6737998332	376.6737997532	376.6737998332	376.6737998332	376.6737998332	376.6737998362	376.6737998312	376.6737998312	376.6737998362	376.6737998292	376.6737998292	376.6737998242	376.6737998242	407.4393997521	407.4393997521	407.4393997452	407.4393997652	407.4393997662	407.4393997662	407.4393997712	407.4393997612	407.4393997492	407.4393997492	407.4393997192	407.4393997542	407.4393997542	407.4393997142	407.4393997142	426.3841998112	426.3841998082	426.3841998082	426.3841998062	426.3841998162	426.3841998122	426.3841998122	426.3841998152	426.3841998052	426.3841998152	426.3841998152	426.3841998152	426.3841998252	426.3841998252	426.3841998152	426.3841998152	426.3841998152	426.3841998052	426.3841998112	426.3841998212
Sceloporus_undulatus	237.79079983	237.79079983	237.79079983	237.79079983	237.790799831	237.790799818	237.790799818	237.790799818	237.790799818	237.790799819	237.790799819	237.79079982	237.790799819	237.790799823	237.790799818	237.790799816	237.79079982	11.507525334	0	18.648915455	68.369403128	76.93595113	168.85132522	168.85132522	336.206999854	336.206999854	336.206999854	336.206999854	336.206999854	336.206999854	336.206999854	336.206999854	336.206999862	336.206999861	336.206999861	336.206999861	336.206999858	336.20699986	336.20699986	336.2069998721	336.2069998721	336.2069998721	336.2069998621	336.2069998621	336.2069998621	336.2069998621	336.2069998661	336.2069998661	336.20699987	359.81879985	359.81879985	359.81879986	359.8187998552	359.8187998552	359.818799851	359.818799851	359.818799854	359.818799854	359.818799892	250.1232000302	376.6737998232	376.6737998217	376.6737998207	376.6737998207	376.6737998157	376.6737998257	376.6737998257	376.6737998257	376.6737998232	376.6737998256	376.6737998256	376.6737998264	376.6737998264	376.6737998262	376.6737998262	376.6737998262	376.6737998262	376.6737998264	376.6737998262	376.6737998262	376.6737998262	376.6737998262	376.6737998232	376.6737998332	376.6737997532	376.6737998332	376.6737998332	376.6737998332	376.6737998362	376.6737998312	376.6737998312	376.6737998362	376.6737998292	376.6737998292	376.6737998242	376.6737998242	407.4393997521	407.4393997521	407.4393997452	407.4393997652	407.4393997662	407.4393997662	407.4393997712	407.4393997612	407.4393997492	407.4393997492	407.4393997192	407.4393997542	407.4393997542	407.4393997142	407.4393997142	426.3841998112	426.3841998082	426.3841998082	426.3841998062	426.3841998162	426.3841998122	426.3841998122	426.3841998152	426.3841998052	426.3841998152	426.3841998152	426.3841998152	426.3841998252	426.3841998252	426.3841998152	426.3841998152	426.3841998152	426.3841998052	426.3841998112	426.3841998212
Sceloporus_occidentalis	237.790799829	237.790799829	237.790799829	237.790799829	237.79079983	237.790799817	237.790799817	237.790799817	237.790799817	237.790799818	237.790799818	237.790799819	237.790799818	237.790799822	237.790799817	237.790799815	237.790799819	18.648915455	18.648915455	0	68.369403127	76.935951129	168.851325219	168.851325219	336.206999853	336.206999853	336.206999853	336.206999853	336.206999853	336.206999853	336.206999853	336.206999853	336.206999861	336.20699986	336.20699986	336.20699986	336.206999857	336.206999859	336.206999859	336.2069998711	336.2069998711	336.2069998711	336.2069998611	336.2069998611	336.2069998611	336.2069998611	336.2069998651	336.2069998651	336.206999869	359.818799849	359.818799849	359.818799859	359.8187998542	359.8187998542	359.81879985	359.81879985	359.818799853	359.818799853	359.818799891	250.1232000292	376.6737998222	376.6737998207	376.6737998197	376.6737998197	376.6737998147	376.6737998247	376.6737998247	376.6737998247	376.6737998222	376.6737998246	376.6737998246	376.6737998254	376.6737998254	376.6737998252	376.6737998252	376.6737998252	376.6737998252	376.6737998254	376.6737998252	376.6737998252	376.6737998252	376.6737998252	376.6737998222	376.6737998322	376.6737997522	376.6737998322	376.6737998322	376.6737998322	376.6737998352	376.6737998302	376.6737998302	376.6737998352	376.6737998282	376.6737998282	376.6737998232	376.6737998232	407.4393997511	407.4393997511	407.4393997442	407.4393997642	407.4393997652	407.4393997652	407.4393997702	407.4393997602	407.4393997482	407.4393997482	407.4393997182	407.4393997532	407.4393997532	407.4393997132	407.4393997132	426.3841998102	426.3841998072	426.3841998072	426.3841998052	426.3841998152	426.3841998112	426.3841998112	426.3841998142	426.3841998042	426.3841998142	426.3841998142	426.3841998142	426.3841998242	426.3841998242	426.3841998142	426.3841998142	426.3841998142	426.3841998042	426.3841998102	426.3841998202
Sceloporus_chrysostictus	237.790799822	237.790799822	237.790799822	237.790799822	237.790799823	237.79079981	237.79079981	237.79079981	237.79079981	237.790799811	237.790799811	237.790799812	237.790799811	237.790799815	237.79079981	237.790799808	237.790799812	68.369403128	68.369403128	68.369403127	0	76.935951122	168.851325212	168.851325212	336.206999846	336.206999846	336.206999846	336.206999846	336.206999846	336.206999846	336.206999846	336.206999846	336.206999854	336.206999853	336.206999853	336.206999853	336.20699985	336.206999852	336.206999852	336.2069998641	336.2069998641	336.2069998641	336.2069998541	336.2069998541	336.2069998541	336.2069998541	336.2069998581	336.2069998581	336.206999862	359.818799842	359.818799842	359.818799852	359.8187998472	359.8187998472	359.818799843	359.818799843	359.818799846	359.818799846	359.818799884	250.1232000222	376.6737998152	376.6737998137	376.6737998127	376.6737998127	376.6737998077	376.6737998177	376.6737998177	376.6737998177	376.6737998152	376.6737998176	376.6737998176	376.6737998184	376.6737998184	376.6737998182	376.6737998182	376.6737998182	376.6737998182	376.6737998184	376.6737998182	376.6737998182	376.6737998182	376.6737998182	376.6737998152	376.6737998252	376.6737997452	376.6737998252	376.6737998252	376.6737998252	376.6737998282	376.6737998232	376.6737998232	376.6737998282	376.6737998212	376.6737998212	376.6737998162	376.6737998162	407.4393997441	407.4393997441	407.4393997372	407.4393997572	407.4393997582	407.4393997582	407.4393997632	407.4393997532	407.4393997412	407.4393997412	407.4393997112	407.4393997462	407.4393997462	407.4393997062	407.4393997062	426.3841998032	426.3841998002	426.3841998002	426.3841997982	426.3841998082	426.3841998042	426.3841998042	426.3841998072	426.3841997972	426.3841998072	426.3841998072	426.3841998072	426.3841998172	426.3841998172	426.3841998072	426.3841998072	426.3841998072	426.3841997972	426.3841998032	426.3841998132
Urosaurus_nigricaudus	237.79079982	237.79079982	237.79079982	237.79079982	237.790799821	237.790799808	237.790799808	237.790799808	237.790799808	237.790799809	237.790799809	237.79079981	237.790799809	237.790799813	237.790799808	237.790799806	237.79079981	76.93595113	76.93595113	76.935951129	76.935951122	0	168.85132521	168.85132521	336.206999844	336.206999844	336.206999844	336.206999844	336.206999844	336.206999844	336.206999844	336.206999844	336.206999852	336.206999851	336.206999851	336.206999851	336.206999848	336.20699985	336.20699985	336.2069998621	336.2069998621	336.2069998621	336.2069998521	336.2069998521	336.2069998521	336.2069998521	336.2069998561	336.2069998561	336.20699986	359.81879984	359.81879984	359.81879985	359.8187998452	359.8187998452	359.818799841	359.818799841	359.818799844	359.818799844	359.818799882	250.1232000202	376.6737998132	376.6737998117	376.6737998107	376.6737998107	376.6737998057	376.6737998157	376.6737998157	376.6737998157	376.6737998132	376.6737998156	376.6737998156	376.6737998164	376.6737998164	376.6737998162	376.6737998162	376.6737998162	376.6737998162	376.6737998164	376.6737998162	376.6737998162	376.6737998162	376.6737998162	376.6737998132	376.6737998232	376.6737997432	376.6737998232	376.6737998232	376.6737998232	376.6737998262	376.6737998212	376.6737998212	376.6737998262	376.6737998192	376.6737998192	376.6737998142	376.6737998142	407.4393997421	407.4393997421	407.4393997352	407.4393997552	407.4393997562	407.4393997562	407.4393997612	407.4393997512	407.4393997392	407.4393997392	407.4393997092	407.4393997442	407.4393997442	407.4393997042	407.4393997042	426.3841998012	426.3841997982	426.3841997982	426.3841997962	426.3841998062	426.3841998022	426.3841998022	426.3841998052	426.3841997952	426.3841998052	426.3841998052	426.3841998052	426.3841998152	426.3841998152	426.3841998052	426.3841998052	426.3841998052	426.3841997952	426.3841998012	426.3841998112
Phrynosoma_platyrhinos	237.79079983	237.79079983	237.79079983	237.79079983	237.790799831	237.790799818	237.790799818	237.790799818	237.790799818	237.790799819	237.790799819	237.79079982	237.790799819	237.790799823	237.790799818	237.790799816	237.79079982	168.85132522	168.85132522	168.851325219	168.851325212	168.85132521	0	31.61246374	336.206999854	336.206999854	336.206999854	336.206999854	336.206999854	336.206999854	336.206999854	336.206999854	336.206999862	336.206999861	336.206999861	336.206999861	336.206999858	336.20699986	336.20699986	336.2069998721	336.2069998721	336.2069998721	336.2069998621	336.2069998621	336.2069998621	336.2069998621	336.2069998661	336.2069998661	336.20699987	359.81879985	359.81879985	359.81879986	359.8187998552	359.8187998552	359.818799851	359.818799851	359.818799854	359.818799854	359.818799892	250.1232000302	376.6737998232	376.6737998217	376.6737998207	376.6737998207	376.6737998157	376.6737998257	376.6737998257	376.6737998257	376.6737998232	376.6737998256	376.6737998256	376.6737998264	376.6737998264	376.6737998262	376.6737998262	376.6737998262	376.6737998262	376.6737998264	376.6737998262	376.6737998262	376.6737998262	376.6737998262	376.6737998232	376.6737998332	376.6737997532	376.6737998332	376.6737998332	376.6737998332	376.6737998362	376.6737998312	376.6737998312	376.6737998362	376.6737998292	376.6737998292	376.6737998242	376.6737998242	407.4393997521	407.4393997521	407.4393997452	407.4393997652	407.4393997662	407.4393997662	407.4393997712	407.4393997612	407.4393997492	407.4393997492	407.4393997192	407.4393997542	407.4393997542	407.4393997142	407.4393997142	426.3841998112	426.3841998082	426.3841998082	426.3841998062	426.3841998162	426.3841998122	426.3841998122	426.3841998152	426.3841998052	426.3841998152	426.3841998152	426.3841998152	426.3841998252	426.3841998252	426.3841998152	426.3841998152	426.3841998152	426.3841998052	426.3841998112	426.3841998212
Phrynosoma_blainvillii	237.79079983	237.79079983	237.79079983	237.79079983	237.790799831	237.790799818	237.790799818	237.790799818	237.790799818	237.790799819	237.790799819	237.79079982	237.790799819	237.790799823	237.790799818	237.790799816	237.79079982	168.85132522	168.85132522	168.851325219	168.851325212	168.85132521	31.61246374	0	336.206999854	336.206999854	336.206999854	336.206999854	336.206999854	336.206999854	336.206999854	336.206999854	336.206999862	336.206999861	336.206999861	336.206999861	336.206999858	336.20699986	336.20699986	336.2069998721	336.2069998721	336.2069998721	336.2069998621	336.2069998621	336.2069998621	336.2069998621	336.2069998661	336.2069998661	336.20699987	359.81879985	359.81879985	359.81879986	359.8187998552	359.8187998552	359.818799851	359.818799851	359.818799854	359.818799854	359.818799892	250.1232000302	376.6737998232	376.6737998217	376.6737998207	376.6737998207	376.6737998157	376.6737998257	376.6737998257	376.6737998257	376.6737998232	376.6737998256	376.6737998256	376.6737998264	376.6737998264	376.6737998262	376.6737998262	376.6737998262	376.6737998262	376.6737998264	376.6737998262	376.6737998262	376.6737998262	376.6737998262	376.6737998232	376.6737998332	376.6737997532	376.6737998332	376.6737998332	376.6737998332	376.6737998362	376.6737998312	376.6737998312	376.6737998362	376.6737998292	376.6737998292	376.6737998242	376.6737998242	407.4393997521	407.4393997521	407.4393997452	407.4393997652	407.4393997662	407.4393997662	407.4393997712	407.4393997612	407.4393997492	407.4393997492	407.4393997192	407.4393997542	407.4393997542	407.4393997142	407.4393997142	426.3841998112	426.3841998082	426.3841998082	426.3841998062	426.3841998162	426.3841998122	426.3841998122	426.3841998152	426.3841998052	426.3841998152	426.3841998152	426.3841998152	426.3841998252	426.3841998252	426.3841998152	426.3841998152	426.3841998152	426.3841998052	426.3841998112	426.3841998212
Calotes_versicolor	336.206999864	336.206999864	336.206999864	336.206999864	336.206999865	336.206999852	336.206999852	336.206999852	336.206999852	336.206999853	336.206999853	336.206999854	336.206999853	336.206999857	336.206999852	336.20699985	336.206999854	336.206999854	336.206999854	336.206999853	336.206999846	336.206999844	336.206999854	336.206999854	0	99.2252114	99.2252114	99.2252114	99.2252114	99.2252114	99.2252114	99.2252114	99.225211408	99.225211407	99.225211407	99.225211407	99.225211404	102.245600514	102.245600514	246.1307999461	246.1307999461	246.1307999461	246.1307999361	246.1307999361	246.1307999361	246.1307999361	246.1307999401	246.1307999401	246.130799944	359.818799844	359.818799844	359.818799854	359.8187998492	359.8187998492	359.818799845	359.818799845	359.818799848	359.818799848	359.818799886	250.1232000242	376.6737998172	376.6737998157	376.6737998147	376.6737998147	376.6737998097	376.6737998197	376.6737998197	376.6737998197	376.6737998172	376.6737998196	376.6737998196	376.6737998204	376.6737998204	376.6737998202	376.6737998202	376.6737998202	376.6737998202	376.6737998204	376.6737998202	376.6737998202	376.6737998202	376.6737998202	376.6737998172	376.6737998272	376.6737997472	376.6737998272	376.6737998272	376.6737998272	376.6737998302	376.6737998252	376.6737998252	376.6737998302	376.6737998232	376.6737998232	376.6737998182	376.6737998182	407.4393997461	407.4393997461	407.4393997392	407.4393997592	407.4393997602	407.4393997602	407.4393997652	407.4393997552	407.4393997432	407.4393997432	407.4393997132	407.4393997482	407.4393997482	407.4393997082	407.4393997082	426.3841998052	426.3841998022	426.3841998022	426.3841998002	426.3841998102	426.3841998062	426.3841998062	426.3841998092	426.3841997992	426.3841998092	426.3841998092	426.3841998092	426.3841998192	426.3841998192	426.3841998092	426.3841998092	426.3841998092	426.3841997992	426.3841998052	426.3841998152
Agama_finchi	336.206999864	336.206999864	336.206999864	336.206999864	336.206999865	336.206999852	336.206999852	336.206999852	336.206999852	336.206999853	336.206999853	336.206999854	336.206999853	336.206999857	336.206999852	336.20699985	336.206999854	336.206999854	336.206999854	336.206999853	336.206999846	336.206999844	336.206999854	336.206999854	99.2252114	0	41.93427412	68.698695	68.698695	68.698695	68.698695	68.698695	76.992272492	76.992272491	76.992272491	76.992272491	80.143334456	102.245600514	102.245600514	246.1307999461	246.1307999461	246.1307999461	246.1307999361	246.1307999361	246.1307999361	246.1307999361	246.1307999401	246.1307999401	246.130799944	359.818799844	359.818799844	359.818799854	359.8187998492	359.8187998492	359.818799845	359.818799845	359.818799848	359.818799848	359.818799886	250.1232000242	376.6737998172	376.6737998157	376.6737998147	376.6737998147	376.6737998097	376.6737998197	376.6737998197	376.6737998197	376.6737998172	376.6737998196	376.6737998196	376.6737998204	376.6737998204	376.6737998202	376.6737998202	376.6737998202	376.6737998202	376.6737998204	376.6737998202	376.6737998202	376.6737998202	376.6737998202	376.6737998172	376.6737998272	376.6737997472	376.6737998272	376.6737998272	376.6737998272	376.6737998302	376.6737998252	376.6737998252	376.6737998302	376.6737998232	376.6737998232	376.6737998182	376.6737998182	407.4393997461	407.4393997461	407.4393997392	407.4393997592	407.4393997602	407.4393997602	407.4393997652	407.4393997552	407.4393997432	407.4393997432	407.4393997132	407.4393997482	407.4393997482	407.4393997082	407.4393997082	426.3841998052	426.3841998022	426.3841998022	426.3841998002	426.3841998102	426.3841998062	426.3841998062	426.3841998092	426.3841997992	426.3841998092	426.3841998092	426.3841998092	426.3841998192	426.3841998192	426.3841998092	426.3841998092	426.3841998092	426.3841997992	426.3841998052	426.3841998152
Agama_doriae	336.206999864	336.206999864	336.206999864	336.206999864	336.206999865	336.206999852	336.206999852	336.206999852	336.206999852	336.206999853	336.206999853	336.206999854	336.206999853	336.206999857	336.206999852	336.20699985	336.206999854	336.206999854	336.206999854	336.206999853	336.206999846	336.206999844	336.206999854	336.206999854	99.2252114	41.93427412	0	68.698695	68.698695	68.698695	68.698695	68.698695	76.992272492	76.992272491	76.992272491	76.992272491	80.143334456	102.245600514	102.245600514	246.1307999461	246.1307999461	246.1307999461	246.1307999361	246.1307999361	246.1307999361	246.1307999361	246.1307999401	246.1307999401	246.130799944	359.818799844	359.818799844	359.818799854	359.8187998492	359.8187998492	359.818799845	359.818799845	359.818799848	359.818799848	359.818799886	250.1232000242	376.6737998172	376.6737998157	376.6737998147	376.6737998147	376.6737998097	376.6737998197	376.6737998197	376.6737998197	376.6737998172	376.6737998196	376.6737998196	376.6737998204	376.6737998204	376.6737998202	376.6737998202	376.6737998202	376.6737998202	376.6737998204	376.6737998202	376.6737998202	376.6737998202	376.6737998202	376.6737998172	376.6737998272	376.6737997472	376.6737998272	376.6737998272	376.6737998272	376.6737998302	376.6737998252	376.6737998252	376.6737998302	376.6737998232	376.6737998232	376.6737998182	376.6737998182	407.4393997461	407.4393997461	407.4393997392	407.4393997592	407.4393997602	407.4393997602	407.4393997652	407.4393997552	407.4393997432	407.4393997432	407.4393997132	407.4393997482	407.4393997482	407.4393997082	407.4393997082	426.3841998052	426.3841998022	426.3841998022	426.3841998002	426.3841998102	426.3841998062	426.3841998062	426.3841998092	426.3841997992	426.3841998092	426.3841998092	426.3841998092	426.3841998192	426.3841998192	426.3841998092	426.3841998092	426.3841998092	426.3841997992	426.3841998052	426.3841998152
Xenagama_zonura	336.206999864	336.206999864	336.206999864	336.206999864	336.206999865	336.206999852	336.206999852	336.206999852	336.206999852	336.206999853	336.206999853	336.206999854	336.206999853	336.206999857	336.206999852	336.20699985	336.206999854	336.206999854	336.206999854	336.206999853	336.206999846	336.206999844	336.206999854	336.206999854	99.2252114	68.698695	68.698695	0	23.1502848	42.518230572	42.518230572	48.888282	76.992272492	76.992272491	76.992272491	76.992272491	80.143334456	102.245600514	102.245600514	246.1307999461	246.1307999461	246.1307999461	246.1307999361	246.1307999361	246.1307999361	246.1307999361	246.1307999401	246.1307999401	246.130799944	359.818799844	359.818799844	359.818799854	359.8187998492	359.8187998492	359.818799845	359.818799845	359.818799848	359.818799848	359.818799886	250.1232000242	376.6737998172	376.6737998157	376.6737998147	376.6737998147	376.6737998097	376.6737998197	376.6737998197	376.6737998197	376.6737998172	376.6737998196	376.6737998196	376.6737998204	376.6737998204	376.6737998202	376.6737998202	376.6737998202	376.6737998202	376.6737998204	376.6737998202	376.6737998202	376.6737998202	376.6737998202	376.6737998172	376.6737998272	376.6737997472	376.6737998272	376.6737998272	376.6737998272	376.6737998302	376.6737998252	376.6737998252	376.6737998302	376.6737998232	376.6737998232	376.6737998182	376.6737998182	407.4393997461	407.4393997461	407.4393997392	407.4393997592	407.4393997602	407.4393997602	407.4393997652	407.4393997552	407.4393997432	407.4393997432	407.4393997132	407.4393997482	407.4393997482	407.4393997082	407.4393997082	426.3841998052	426.3841998022	426.3841998022	426.3841998002	426.3841998102	426.3841998062	426.3841998062	426.3841998092	426.3841997992	426.3841998092	426.3841998092	426.3841998092	426.3841998192	426.3841998192	426.3841998092	426.3841998092	426.3841998092	426.3841997992	426.3841998052	426.3841998152
Acanthocercus_atricollis	336.206999864	336.206999864	336.206999864	336.206999864	336.206999865	336.206999852	336.206999852	336.206999852	336.206999852	336.206999853	336.206999853	336.206999854	336.206999853	336.206999857	336.206999852	336.20699985	336.206999854	336.206999854	336.206999854	336.206999853	336.206999846	336.206999844	336.206999854	336.206999854	99.2252114	68.698695	68.698695	23.1502848	0	42.518230572	42.518230572	48.888282	76.992272492	76.992272491	76.992272491	76.992272491	80.143334456	102.245600514	102.245600514	246.1307999461	246.1307999461	246.1307999461	246.1307999361	246.1307999361	246.1307999361	246.1307999361	246.1307999401	246.1307999401	246.130799944	359.818799844	359.818799844	359.818799854	359.8187998492	359.8187998492	359.818799845	359.818799845	359.818799848	359.818799848	359.818799886	250.1232000242	376.6737998172	376.6737998157	376.6737998147	376.6737998147	376.6737998097	376.6737998197	376.6737998197	376.6737998197	376.6737998172	376.6737998196	376.6737998196	376.6737998204	376.6737998204	376.6737998202	376.6737998202	376.6737998202	376.6737998202	376.6737998204	376.6737998202	376.6737998202	376.6737998202	376.6737998202	376.6737998172	376.6737998272	376.6737997472	376.6737998272	376.6737998272	376.6737998272	376.6737998302	376.6737998252	376.6737998252	376.6737998302	376.6737998232	376.6737998232	376.6737998182	376.6737998182	407.4393997461	407.4393997461	407.4393997392	407.4393997592	407.4393997602	407.4393997602	407.4393997652	407.4393997552	407.4393997432	407.4393997432	407.4393997132	407.4393997482	407.4393997482	407.4393997082	407.4393997082	426.3841998052	426.3841998022	426.3841998022	426.3841998002	426.3841998102	426.3841998062	426.3841998062	426.3841998092	426.3841997992	426.3841998092	426.3841998092	426.3841998092	426.3841998192	426.3841998192	426.3841998092	426.3841998092	426.3841998092	426.3841997992	426.3841998052	426.3841998152
Acanthocercus_guentherpetersi	336.206999864	336.206999864	336.206999864	336.206999864	336.206999865	336.206999852	336.206999852	336.206999852	336.206999852	336.206999853	336.206999853	336.206999854	336.206999853	336.206999857	336.206999852	336.20699985	336.206999854	336.206999854	336.206999854	336.206999853	336.206999846	336.206999844	336.206999854	336.206999854	99.2252114	68.698695	68.698695	42.518230572	42.518230572	0	25.136124	48.888282	76.992272492	76.992272491	76.992272491	76.992272491	80.143334456	102.245600514	102.245600514	246.1307999461	246.1307999461	246.1307999461	246.1307999361	246.1307999361	246.1307999361	246.1307999361	246.1307999401	246.1307999401	246.130799944	359.818799844	359.818799844	359.818799854	359.8187998492	359.8187998492	359.818799845	359.818799845	359.818799848	359.818799848	359.818799886	250.1232000242	376.6737998172	376.6737998157	376.6737998147	376.6737998147	376.6737998097	376.6737998197	376.6737998197	376.6737998197	376.6737998172	376.6737998196	376.6737998196	376.6737998204	376.6737998204	376.6737998202	376.6737998202	376.6737998202	376.6737998202	376.6737998204	376.6737998202	376.6737998202	376.6737998202	376.6737998202	376.6737998172	376.6737998272	376.6737997472	376.6737998272	376.6737998272	376.6737998272	376.6737998302	376.6737998252	376.6737998252	376.6737998302	376.6737998232	376.6737998232	376.6737998182	376.6737998182	407.4393997461	407.4393997461	407.4393997392	407.4393997592	407.4393997602	407.4393997602	407.4393997652	407.4393997552	407.4393997432	407.4393997432	407.4393997132	407.4393997482	407.4393997482	407.4393997082	407.4393997082	426.3841998052	426.3841998022	426.3841998022	426.3841998002	426.3841998102	426.3841998062	426.3841998062	426.3841998092	426.3841997992	426.3841998092	426.3841998092	426.3841998092	426.3841998192	426.3841998192	426.3841998092	426.3841998092	426.3841998092	426.3841997992	426.3841998052	426.3841998152
Acanthocercus_cyanogaster	336.206999864	336.206999864	336.206999864	336.206999864	336.206999865	336.206999852	336.206999852	336.206999852	336.206999852	336.206999853	336.206999853	336.206999854	336.206999853	336.206999857	336.206999852	336.20699985	336.206999854	336.206999854	336.206999854	336.206999853	336.206999846	336.206999844	336.206999854	336.206999854	99.2252114	68.698695	68.698695	42.518230572	42.518230572	25.136124	0	48.888282	76.992272492	76.992272491	76.992272491	76.992272491	80.143334456	102.245600514	102.245600514	246.1307999461	246.1307999461	246.1307999461	246.1307999361	246.1307999361	246.1307999361	246.1307999361	246.1307999401	246.1307999401	246.130799944	359.818799844	359.818799844	359.818799854	359.8187998492	359.8187998492	359.818799845	359.818799845	359.818799848	359.818799848	359.818799886	250.1232000242	376.6737998172	376.6737998157	376.6737998147	376.6737998147	376.6737998097	376.6737998197	376.6737998197	376.6737998197	376.6737998172	376.6737998196	376.6737998196	376.6737998204	376.6737998204	376.6737998202	376.6737998202	376.6737998202	376.6737998202	376.6737998204	376.6737998202	376.6737998202	376.6737998202	376.6737998202	376.6737998172	376.6737998272	376.6737997472	376.6737998272	376.6737998272	376.6737998272	376.6737998302	376.6737998252	376.6737998252	376.6737998302	376.6737998232	376.6737998232	376.6737998182	376.6737998182	407.4393997461	407.4393997461	407.4393997392	407.4393997592	407.4393997602	407.4393997602	407.4393997652	407.4393997552	407.4393997432	407.4393997432	407.4393997132	407.4393997482	407.4393997482	407.4393997082	407.4393997082	426.3841998052	426.3841998022	426.3841998022	426.3841998002	426.3841998102	426.3841998062	426.3841998062	426.3841998092	426.3841997992	426.3841998092	426.3841998092	426.3841998092	426.3841998192	426.3841998192	426.3841998092	426.3841998092	426.3841998092	426.3841997992	426.3841998052	426.3841998152
Acanthocercus_annectans	336.206999864	336.206999864	336.206999864	336.206999864	336.206999865	336.206999852	336.206999852	336.206999852	336.206999852	336.206999853	336.206999853	336.206999854	336.206999853	336.206999857	336.206999852	336.20699985	336.206999854	336.206999854	336.206999854	336.206999853	336.206999846	336.206999844	336.206999854	336.206999854	99.2252114	68.698695	68.698695	48.888282	48.888282	48.888282	48.888282	0	76.992272492	76.992272491	76.992272491	76.992272491	80.143334456	102.245600514	102.245600514	246.1307999461	246.1307999461	246.1307999461	246.1307999361	246.1307999361	246.1307999361	246.1307999361	246.1307999401	246.1307999401	246.130799944	359.818799844	359.818799844	359.818799854	359.8187998492	359.8187998492	359.818799845	359.818799845	359.818799848	359.818799848	359.818799886	250.1232000242	376.6737998172	376.6737998157	376.6737998147	376.6737998147	376.6737998097	376.6737998197	376.6737998197	376.6737998197	376.6737998172	376.6737998196	376.6737998196	376.6737998204	376.6737998204	376.6737998202	376.6737998202	376.6737998202	376.6737998202	376.6737998204	376.6737998202	376.6737998202	376.6737998202	376.6737998202	376.6737998172	376.6737998272	376.6737997472	376.6737998272	376.6737998272	376.6737998272	376.6737998302	376.6737998252	376.6737998252	376.6737998302	376.6737998232	376.6737998232	376.6737998182	376.6737998182	407.4393997461	407.4393997461	407.4393997392	407.4393997592	407.4393997602	407.4393997602	407.4393997652	407.4393997552	407.4393997432	407.4393997432	407.4393997132	407.4393997482	407.4393997482	407.4393997082	407.4393997082	426.3841998052	426.3841998022	426.3841998022	426.3841998002	426.3841998102	426.3841998062	426.3841998062	426.3841998092	426.3841997992	426.3841998092	426.3841998092	426.3841998092	426.3841998192	426.3841998192	426.3841998092	426.3841998092	426.3841998092	426.3841997992	426.3841998052	426.3841998152
Phrynocephalus_versicolor	336.206999872	336.206999872	336.206999872	336.206999872	336.206999873	336.20699986	336.20699986	336.20699986	336.20699986	336.206999861	336.206999861	336.206999862	336.206999861	336.206999865	336.20699986	336.206999858	336.206999862	336.206999862	336.206999862	336.206999861	336.206999854	336.206999852	336.206999862	336.206999862	99.225211408	76.992272492	76.992272492	76.992272492	76.992272492	76.992272492	76.992272492	76.992272492	0	32.068131159	32.068131159	32.068131159	80.143334464	102.245600522	102.245600522	246.1307999541	246.1307999541	246.1307999541	246.1307999441	246.1307999441	246.1307999441	246.1307999441	246.1307999481	246.1307999481	246.130799952	359.818799852	359.818799852	359.818799862	359.8187998572	359.8187998572	359.818799853	359.818799853	359.818799856	359.818799856	359.818799894	250.1232000322	376.6737998252	376.6737998237	376.6737998227	376.6737998227	376.6737998177	376.6737998277	376.6737998277	376.6737998277	376.6737998252	376.6737998276	376.6737998276	376.6737998284	376.6737998284	376.6737998282	376.6737998282	376.6737998282	376.6737998282	376.6737998284	376.6737998282	376.6737998282	376.6737998282	376.6737998282	376.6737998252	376.6737998352	376.6737997552	376.6737998352	376.6737998352	376.6737998352	376.6737998382	376.6737998332	376.6737998332	376.6737998382	376.6737998312	376.6737998312	376.6737998262	376.6737998262	407.4393997541	407.4393997541	407.4393997472	407.4393997672	407.4393997682	407.4393997682	407.4393997732	407.4393997632	407.4393997512	407.4393997512	407.4393997212	407.4393997562	407.4393997562	407.4393997162	407.4393997162	426.3841998132	426.3841998102	426.3841998102	426.3841998082	426.3841998182	426.3841998142	426.3841998142	426.3841998172	426.3841998072	426.3841998172	426.3841998172	426.3841998172	426.3841998272	426.3841998272	426.3841998172	426.3841998172	426.3841998172	426.3841998072	426.3841998132	426.3841998232
Phrynocephalus_vlangalii	336.206999871	336.206999871	336.206999871	336.206999871	336.206999872	336.206999859	336.206999859	336.206999859	336.206999859	336.20699986	336.20699986	336.206999861	336.20699986	336.206999864	336.206999859	336.206999857	336.206999861	336.206999861	336.206999861	336.20699986	336.206999853	336.206999851	336.206999861	336.206999861	99.225211407	76.992272491	76.992272491	76.992272491	76.992272491	76.992272491	76.992272491	76.992272491	32.068131159	0	12.681428	15.012326	80.143334463	102.245600521	102.245600521	246.1307999531	246.1307999531	246.1307999531	246.1307999431	246.1307999431	246.1307999431	246.1307999431	246.1307999471	246.1307999471	246.130799951	359.818799851	359.818799851	359.818799861	359.8187998562	359.8187998562	359.818799852	359.818799852	359.818799855	359.818799855	359.818799893	250.1232000312	376.6737998242	376.6737998227	376.6737998217	376.6737998217	376.6737998167	376.6737998267	376.6737998267	376.6737998267	376.6737998242	376.6737998266	376.6737998266	376.6737998274	376.6737998274	376.6737998272	376.6737998272	376.6737998272	376.6737998272	376.6737998274	376.6737998272	376.6737998272	376.6737998272	376.6737998272	376.6737998242	376.6737998342	376.6737997542	376.6737998342	376.6737998342	376.6737998342	376.6737998372	376.6737998322	376.6737998322	376.6737998372	376.6737998302	376.6737998302	376.6737998252	376.6737998252	407.4393997531	407.4393997531	407.4393997462	407.4393997662	407.4393997672	407.4393997672	407.4393997722	407.4393997622	407.4393997502	407.4393997502	407.4393997202	407.4393997552	407.4393997552	407.4393997152	407.4393997152	426.3841998122	426.3841998092	426.3841998092	426.3841998072	426.3841998172	426.3841998132	426.3841998132	426.3841998162	426.3841998062	426.3841998162	426.3841998162	426.3841998162	426.3841998262	426.3841998262	426.3841998162	426.3841998162	426.3841998162	426.3841998062	426.3841998122	426.3841998222
Phrynocephalus_putjatai	336.206999871	336.206999871	336.206999871	336.206999871	336.206999872	336.206999859	336.206999859	336.206999859	336.206999859	336.20699986	336.20699986	336.206999861	336.20699986	336.206999864	336.206999859	336.206999857	336.206999861	336.206999861	336.206999861	336.20699986	336.206999853	336.206999851	336.206999861	336.206999861	99.225211407	76.992272491	76.992272491	76.992272491	76.992272491	76.992272491	76.992272491	76.992272491	32.068131159	12.681428	0	15.012326	80.143334463	102.245600521	102.245600521	246.1307999531	246.1307999531	246.1307999531	246.1307999431	246.1307999431	246.1307999431	246.1307999431	246.1307999471	246.1307999471	246.130799951	359.818799851	359.818799851	359.818799861	359.8187998562	359.8187998562	359.818799852	359.818799852	359.818799855	359.818799855	359.818799893	250.1232000312	376.6737998242	376.6737998227	376.6737998217	376.6737998217	376.6737998167	376.6737998267	376.6737998267	376.6737998267	376.6737998242	376.6737998266	376.6737998266	376.6737998274	376.6737998274	376.6737998272	376.6737998272	376.6737998272	376.6737998272	376.6737998274	376.6737998272	376.6737998272	376.6737998272	376.6737998272	376.6737998242	376.6737998342	376.6737997542	376.6737998342	376.6737998342	376.6737998342	376.6737998372	376.6737998322	376.6737998322	376.6737998372	376.6737998302	376.6737998302	376.6737998252	376.6737998252	407.4393997531	407.4393997531	407.4393997462	407.4393997662	407.4393997672	407.4393997672	407.4393997722	407.4393997622	407.4393997502	407.4393997502	407.4393997202	407.4393997552	407.4393997552	407.4393997152	407.4393997152	426.3841998122	426.3841998092	426.3841998092	426.3841998072	426.3841998172	426.3841998132	426.3841998132	426.3841998162	426.3841998062	426.3841998162	426.3841998162	426.3841998162	426.3841998262	426.3841998262	426.3841998162	426.3841998162	426.3841998162	426.3841998062	426.3841998122	426.3841998222
Phrynocephalus_forsythii	336.206999871	336.206999871	336.206999871	336.206999871	336.206999872	336.206999859	336.206999859	336.206999859	336.206999859	336.20699986	336.20699986	336.206999861	336.20699986	336.206999864	336.206999859	336.206999857	336.206999861	336.206999861	336.206999861	336.20699986	336.206999853	336.206999851	336.206999861	336.206999861	99.225211407	76.992272491	76.992272491	76.992272491	76.992272491	76.992272491	76.992272491	76.992272491	32.068131159	15.012326	15.012326	0	80.143334463	102.245600521	102.245600521	246.1307999531	246.1307999531	246.1307999531	246.1307999431	246.1307999431	246.1307999431	246.1307999431	246.1307999471	246.1307999471	246.130799951	359.818799851	359.818799851	359.818799861	359.8187998562	359.8187998562	359.818799852	359.818799852	359.818799855	359.818799855	359.818799893	250.1232000312	376.6737998242	376.6737998227	376.6737998217	376.6737998217	376.6737998167	376.6737998267	376.6737998267	376.6737998267	376.6737998242	376.6737998266	376.6737998266	376.6737998274	376.6737998274	376.6737998272	376.6737998272	376.6737998272	376.6737998272	376.6737998274	376.6737998272	376.6737998272	376.6737998272	376.6737998272	376.6737998242	376.6737998342	376.6737997542	376.6737998342	376.6737998342	376.6737998342	376.6737998372	376.6737998322	376.6737998322	376.6737998372	376.6737998302	376.6737998302	376.6737998252	376.6737998252	407.4393997531	407.4393997531	407.4393997462	407.4393997662	407.4393997672	407.4393997672	407.4393997722	407.4393997622	407.4393997502	407.4393997502	407.4393997202	407.4393997552	407.4393997552	407.4393997152	407.4393997152	426.3841998122	426.3841998092	426.3841998092	426.3841998072	426.3841998172	426.3841998132	426.3841998132	426.3841998162	426.3841998062	426.3841998162	426.3841998162	426.3841998162	426.3841998262	426.3841998262	426.3841998162	426.3841998162	426.3841998162	426.3841998062	426.3841998122	426.3841998222
Laudakia_wui	336.206999868	336.206999868	336.206999868	336.206999868	336.206999869	336.206999856	336.206999856	336.206999856	336.206999856	336.206999857	336.206999857	336.206999858	336.206999857	336.206999861	336.206999856	336.206999854	336.206999858	336.206999858	336.206999858	336.206999857	336.20699985	336.206999848	336.206999858	336.206999858	99.225211404	80.143334456	80.143334456	80.143334456	80.143334456	80.143334456	80.143334456	80.143334456	80.143334464	80.143334463	80.143334463	80.143334463	0	102.245600518	102.245600518	246.1307999501	246.1307999501	246.1307999501	246.1307999401	246.1307999401	246.1307999401	246.1307999401	246.1307999441	246.1307999441	246.130799948	359.818799848	359.818799848	359.818799858	359.8187998532	359.8187998532	359.818799849	359.818799849	359.818799852	359.818799852	359.81879989	250.1232000282	376.6737998212	376.6737998197	376.6737998187	376.6737998187	376.6737998137	376.6737998237	376.6737998237	376.6737998237	376.6737998212	376.6737998236	376.6737998236	376.6737998244	376.6737998244	376.6737998242	376.6737998242	376.6737998242	376.6737998242	376.6737998244	376.6737998242	376.6737998242	376.6737998242	376.6737998242	376.6737998212	376.6737998312	376.6737997512	376.6737998312	376.6737998312	376.6737998312	376.6737998342	376.6737998292	376.6737998292	376.6737998342	376.6737998272	376.6737998272	376.6737998222	376.6737998222	407.4393997501	407.4393997501	407.4393997432	407.4393997632	407.4393997642	407.4393997642	407.4393997692	407.4393997592	407.4393997472	407.4393997472	407.4393997172	407.4393997522	407.4393997522	407.4393997122	407.4393997122	426.3841998092	426.3841998062	426.3841998062	426.3841998042	426.3841998142	426.3841998102	426.3841998102	426.3841998132	426.3841998032	426.3841998132	426.3841998132	426.3841998132	426.3841998232	426.3841998232	426.3841998132	426.3841998132	426.3841998132	426.3841998032	426.3841998092	426.3841998192
Pogona_vitticeps	336.20699987	336.20699987	336.20699987	336.20699987	336.206999871	336.206999858	336.206999858	336.206999858	336.206999858	336.206999859	336.206999859	336.20699986	336.206999859	336.206999863	336.206999858	336.206999856	336.20699986	336.20699986	336.20699986	336.206999859	336.206999852	336.20699985	336.20699986	336.20699986	102.245600514	102.245600514	102.245600514	102.245600514	102.245600514	102.245600514	102.245600514	102.245600514	102.245600522	102.245600521	102.245600521	102.245600521	102.245600518	0	34.3270375	246.1307999521	246.1307999521	246.1307999521	246.1307999421	246.1307999421	246.1307999421	246.1307999421	246.1307999461	246.1307999461	246.13079995	359.81879985	359.81879985	359.81879986	359.8187998552	359.8187998552	359.818799851	359.818799851	359.818799854	359.818799854	359.818799892	250.1232000302	376.6737998232	376.6737998217	376.6737998207	376.6737998207	376.6737998157	376.6737998257	376.6737998257	376.6737998257	376.6737998232	376.6737998256	376.6737998256	376.6737998264	376.6737998264	376.6737998262	376.6737998262	376.6737998262	376.6737998262	376.6737998264	376.6737998262	376.6737998262	376.6737998262	376.6737998262	376.6737998232	376.6737998332	376.6737997532	376.6737998332	376.6737998332	376.6737998332	376.6737998362	376.6737998312	376.6737998312	376.6737998362	376.6737998292	376.6737998292	376.6737998242	376.6737998242	407.4393997521	407.4393997521	407.4393997452	407.4393997652	407.4393997662	407.4393997662	407.4393997712	407.4393997612	407.4393997492	407.4393997492	407.4393997192	407.4393997542	407.4393997542	407.4393997142	407.4393997142	426.3841998112	426.3841998082	426.3841998082	426.3841998062	426.3841998162	426.3841998122	426.3841998122	426.3841998152	426.3841998052	426.3841998152	426.3841998152	426.3841998152	426.3841998252	426.3841998252	426.3841998152	426.3841998152	426.3841998152	426.3841998052	426.3841998112	426.3841998212
Intellagama_lesueurii	336.20699987	336.20699987	336.20699987	336.20699987	336.206999871	336.206999858	336.206999858	336.206999858	336.206999858	336.206999859	336.206999859	336.20699986	336.206999859	336.206999863	336.206999858	336.206999856	336.20699986	336.20699986	336.20699986	336.206999859	336.206999852	336.20699985	336.20699986	336.20699986	102.245600514	102.245600514	102.245600514	102.245600514	102.245600514	102.245600514	102.245600514	102.245600514	102.245600522	102.245600521	102.245600521	102.245600521	102.245600518	34.3270375	0	246.1307999521	246.1307999521	246.1307999521	246.1307999421	246.1307999421	246.1307999421	246.1307999421	246.1307999461	246.1307999461	246.13079995	359.81879985	359.81879985	359.81879986	359.8187998552	359.8187998552	359.818799851	359.818799851	359.818799854	359.818799854	359.818799892	250.1232000302	376.6737998232	376.6737998217	376.6737998207	376.6737998207	376.6737998157	376.6737998257	376.6737998257	376.6737998257	376.6737998232	376.6737998256	376.6737998256	376.6737998264	376.6737998264	376.6737998262	376.6737998262	376.6737998262	376.6737998262	376.6737998264	376.6737998262	376.6737998262	376.6737998262	376.6737998262	376.6737998232	376.6737998332	376.6737997532	376.6737998332	376.6737998332	376.6737998332	376.6737998362	376.6737998312	376.6737998312	376.6737998362	376.6737998292	376.6737998292	376.6737998242	376.6737998242	407.4393997521	407.4393997521	407.4393997452	407.4393997652	407.4393997662	407.4393997662	407.4393997712	407.4393997612	407.4393997492	407.4393997492	407.4393997192	407.4393997542	407.4393997542	407.4393997142	407.4393997142	426.3841998112	426.3841998082	426.3841998082	426.3841998062	426.3841998162	426.3841998122	426.3841998122	426.3841998152	426.3841998052	426.3841998152	426.3841998152	426.3841998152	426.3841998252	426.3841998252	426.3841998152	426.3841998152	426.3841998152	426.3841998052	426.3841998112	426.3841998212
Trioceros_balebicornutus	336.2069998821	336.2069998821	336.2069998821	336.2069998821	336.2069998831	336.2069998701	336.2069998701	336.2069998701	336.2069998701	336.2069998711	336.2069998711	336.2069998721	336.2069998711	336.2069998751	336.2069998701	336.2069998681	336.2069998721	336.2069998721	336.2069998721	336.2069998711	336.2069998641	336.2069998621	336.2069998721	336.2069998721	246.1307999461	246.1307999461	246.1307999461	246.1307999461	246.1307999461	246.1307999461	246.1307999461	246.1307999461	246.1307999541	246.1307999531	246.1307999531	246.1307999531	246.1307999501	246.1307999521	246.1307999521	0	5.814016	21.926482	88.42969489	88.42969489	88.42969489	88.42969489	88.429694894	88.429694894	89.8893586621	359.8187998621	359.8187998621	359.8187998721	359.8187998673	359.8187998673	359.8187998631	359.8187998631	359.8187998661	359.8187998661	359.8187999041	250.1232000423	376.6737998353	376.6737998338	376.6737998328	376.6737998328	376.6737998278	376.6737998378	376.6737998378	376.6737998378	376.6737998353	376.6737998377	376.6737998377	376.6737998385	376.6737998385	376.6737998383	376.6737998383	376.6737998383	376.6737998383	376.6737998385	376.6737998383	376.6737998383	376.6737998383	376.6737998383	376.6737998353	376.6737998453	376.6737997653	376.6737998453	376.6737998453	376.6737998453	376.6737998483	376.6737998433	376.6737998433	376.6737998483	376.6737998413	376.6737998413	376.6737998363	376.6737998363	407.4393997642	407.4393997642	407.4393997573	407.4393997773	407.4393997783	407.4393997783	407.4393997833	407.4393997733	407.4393997613	407.4393997613	407.4393997313	407.4393997663	407.4393997663	407.4393997263	407.4393997263	426.3841998233	426.3841998203	426.3841998203	426.3841998183	426.3841998283	426.3841998243	426.3841998243	426.3841998273	426.3841998173	426.3841998273	426.3841998273	426.3841998273	426.3841998373	426.3841998373	426.3841998273	426.3841998273	426.3841998273	426.3841998173	426.3841998233	426.3841998333
Trioceros_harennae	336.2069998821	336.2069998821	336.2069998821	336.2069998821	336.2069998831	336.2069998701	336.2069998701	336.2069998701	336.2069998701	336.2069998711	336.2069998711	336.2069998721	336.2069998711	336.2069998751	336.2069998701	336.2069998681	336.2069998721	336.2069998721	336.2069998721	336.2069998711	336.2069998641	336.2069998621	336.2069998721	336.2069998721	246.1307999461	246.1307999461	246.1307999461	246.1307999461	246.1307999461	246.1307999461	246.1307999461	246.1307999461	246.1307999541	246.1307999531	246.1307999531	246.1307999531	246.1307999501	246.1307999521	246.1307999521	5.814016	0	21.926482	88.42969489	88.42969489	88.42969489	88.42969489	88.429694894	88.429694894	89.8893586621	359.8187998621	359.8187998621	359.8187998721	359.8187998673	359.8187998673	359.8187998631	359.8187998631	359.8187998661	359.8187998661	359.8187999041	250.1232000423	376.6737998353	376.6737998338	376.6737998328	376.6737998328	376.6737998278	376.6737998378	376.6737998378	376.6737998378	376.6737998353	376.6737998377	376.6737998377	376.6737998385	376.6737998385	376.6737998383	376.6737998383	376.6737998383	376.6737998383	376.6737998385	376.6737998383	376.6737998383	376.6737998383	376.6737998383	376.6737998353	376.6737998453	376.6737997653	376.6737998453	376.6737998453	376.6737998453	376.6737998483	376.6737998433	376.6737998433	376.6737998483	376.6737998413	376.6737998413	376.6737998363	376.6737998363	407.4393997642	407.4393997642	407.4393997573	407.4393997773	407.4393997783	407.4393997783	407.4393997833	407.4393997733	407.4393997613	407.4393997613	407.4393997313	407.4393997663	407.4393997663	407.4393997263	407.4393997263	426.3841998233	426.3841998203	426.3841998203	426.3841998183	426.3841998283	426.3841998243	426.3841998243	426.3841998273	426.3841998173	426.3841998273	426.3841998273	426.3841998273	426.3841998373	426.3841998373	426.3841998273	426.3841998273	426.3841998273	426.3841998173	426.3841998233	426.3841998333
Trioceros_affinis	336.2069998821	336.2069998821	336.2069998821	336.2069998821	336.2069998831	336.2069998701	336.2069998701	336.2069998701	336.2069998701	336.2069998711	336.2069998711	336.2069998721	336.2069998711	336.2069998751	336.2069998701	336.2069998681	336.2069998721	336.2069998721	336.2069998721	336.2069998711	336.2069998641	336.2069998621	336.2069998721	336.2069998721	246.1307999461	246.1307999461	246.1307999461	246.1307999461	246.1307999461	246.1307999461	246.1307999461	246.1307999461	246.1307999541	246.1307999531	246.1307999531	246.1307999531	246.1307999501	246.1307999521	246.1307999521	21.926482	21.926482	0	88.42969489	88.42969489	88.42969489	88.42969489	88.429694894	88.429694894	89.8893586621	359.8187998621	359.8187998621	359.8187998721	359.8187998673	359.8187998673	359.8187998631	359.8187998631	359.8187998661	359.8187998661	359.8187999041	250.1232000423	376.6737998353	376.6737998338	376.6737998328	376.6737998328	376.6737998278	376.6737998378	376.6737998378	376.6737998378	376.6737998353	376.6737998377	376.6737998377	376.6737998385	376.6737998385	376.6737998383	376.6737998383	376.6737998383	376.6737998383	376.6737998385	376.6737998383	376.6737998383	376.6737998383	376.6737998383	376.6737998353	376.6737998453	376.6737997653	376.6737998453	376.6737998453	376.6737998453	376.6737998483	376.6737998433	376.6737998433	376.6737998483	376.6737998413	376.6737998413	376.6737998363	376.6737998363	407.4393997642	407.4393997642	407.4393997573	407.4393997773	407.4393997783	407.4393997783	407.4393997833	407.4393997733	407.4393997613	407.4393997613	407.4393997313	407.4393997663	407.4393997663	407.4393997263	407.4393997263	426.3841998233	426.3841998203	426.3841998203	426.3841998183	426.3841998283	426.3841998243	426.3841998243	426.3841998273	426.3841998173	426.3841998273	426.3841998273	426.3841998273	426.3841998373	426.3841998373	426.3841998273	426.3841998273	426.3841998273	426.3841998173	426.3841998233	426.3841998333
Chamaeleo_calyptratus	336.2069998721	336.2069998721	336.2069998721	336.2069998721	336.2069998731	336.2069998601	336.2069998601	336.2069998601	336.2069998601	336.2069998611	336.2069998611	336.2069998621	336.2069998611	336.2069998651	336.2069998601	336.2069998581	336.2069998621	336.2069998621	336.2069998621	336.2069998611	336.2069998541	336.2069998521	336.2069998621	336.2069998621	246.1307999361	246.1307999361	246.1307999361	246.1307999361	246.1307999361	246.1307999361	246.1307999361	246.1307999361	246.1307999441	246.1307999431	246.1307999431	246.1307999431	246.1307999401	246.1307999421	246.1307999421	88.42969489	88.42969489	88.42969489	0	32.3942265	32.3942265	32.3942265	86.271577504	86.271577504	89.8893586521	359.8187998521	359.8187998521	359.8187998621	359.8187998573	359.8187998573	359.8187998531	359.8187998531	359.8187998561	359.8187998561	359.8187998941	250.1232000323	376.6737998253	376.6737998238	376.6737998228	376.6737998228	376.6737998178	376.6737998278	376.6737998278	376.6737998278	376.6737998253	376.6737998277	376.6737998277	376.6737998285	376.6737998285	376.6737998283	376.6737998283	376.6737998283	376.6737998283	376.6737998285	376.6737998283	376.6737998283	376.6737998283	376.6737998283	376.6737998253	376.6737998353	376.6737997553	376.6737998353	376.6737998353	376.6737998353	376.6737998383	376.6737998333	376.6737998333	376.6737998383	376.6737998313	376.6737998313	376.6737998263	376.6737998263	407.4393997542	407.4393997542	407.4393997473	407.4393997673	407.4393997683	407.4393997683	407.4393997733	407.4393997633	407.4393997513	407.4393997513	407.4393997213	407.4393997563	407.4393997563	407.4393997163	407.4393997163	426.3841998133	426.3841998103	426.3841998103	426.3841998083	426.3841998183	426.3841998143	426.3841998143	426.3841998173	426.3841998073	426.3841998173	426.3841998173	426.3841998173	426.3841998273	426.3841998273	426.3841998173	426.3841998173	426.3841998173	426.3841998073	426.3841998133	426.3841998233
Chamaeleo_gracilis	336.2069998721	336.2069998721	336.2069998721	336.2069998721	336.2069998731	336.2069998601	336.2069998601	336.2069998601	336.2069998601	336.2069998611	336.2069998611	336.2069998621	336.2069998611	336.2069998651	336.2069998601	336.2069998581	336.2069998621	336.2069998621	336.2069998621	336.2069998611	336.2069998541	336.2069998521	336.2069998621	336.2069998621	246.1307999361	246.1307999361	246.1307999361	246.1307999361	246.1307999361	246.1307999361	246.1307999361	246.1307999361	246.1307999441	246.1307999431	246.1307999431	246.1307999431	246.1307999401	246.1307999421	246.1307999421	88.42969489	88.42969489	88.42969489	32.3942265	0	11.8722	21.902556	86.271577504	86.271577504	89.8893586521	359.8187998521	359.8187998521	359.8187998621	359.8187998573	359.8187998573	359.8187998531	359.8187998531	359.8187998561	359.8187998561	359.8187998941	250.1232000323	376.6737998253	376.6737998238	376.6737998228	376.6737998228	376.6737998178	376.6737998278	376.6737998278	376.6737998278	376.6737998253	376.6737998277	376.6737998277	376.6737998285	376.6737998285	376.6737998283	376.6737998283	376.6737998283	376.6737998283	376.6737998285	376.6737998283	376.6737998283	376.6737998283	376.6737998283	376.6737998253	376.6737998353	376.6737997553	376.6737998353	376.6737998353	376.6737998353	376.6737998383	376.6737998333	376.6737998333	376.6737998383	376.6737998313	376.6737998313	376.6737998263	376.6737998263	407.4393997542	407.4393997542	407.4393997473	407.4393997673	407.4393997683	407.4393997683	407.4393997733	407.4393997633	407.4393997513	407.4393997513	407.4393997213	407.4393997563	407.4393997563	407.4393997163	407.4393997163	426.3841998133	426.3841998103	426.3841998103	426.3841998083	426.3841998183	426.3841998143	426.3841998143	426.3841998173	426.3841998073	426.3841998173	426.3841998173	426.3841998173	426.3841998273	426.3841998273	426.3841998173	426.3841998173	426.3841998173	426.3841998073	426.3841998133	426.3841998233
Chamaeleo_laevigatus	336.2069998721	336.2069998721	336.2069998721	336.2069998721	336.2069998731	336.2069998601	336.2069998601	336.2069998601	336.2069998601	336.2069998611	336.2069998611	336.2069998621	336.2069998611	336.2069998651	336.2069998601	336.2069998581	336.2069998621	336.2069998621	336.2069998621	336.2069998611	336.2069998541	336.2069998521	336.2069998621	336.2069998621	246.1307999361	246.1307999361	246.1307999361	246.1307999361	246.1307999361	246.1307999361	246.1307999361	246.1307999361	246.1307999441	246.1307999431	246.1307999431	246.1307999431	246.1307999401	246.1307999421	246.1307999421	88.42969489	88.42969489	88.42969489	32.3942265	11.8722	0	21.902556	86.271577504	86.271577504	89.8893586521	359.8187998521	359.8187998521	359.8187998621	359.8187998573	359.8187998573	359.8187998531	359.8187998531	359.8187998561	359.8187998561	359.8187998941	250.1232000323	376.6737998253	376.6737998238	376.6737998228	376.6737998228	376.6737998178	376.6737998278	376.6737998278	376.6737998278	376.6737998253	376.6737998277	376.6737998277	376.6737998285	376.6737998285	376.6737998283	376.6737998283	376.6737998283	376.6737998283	376.6737998285	376.6737998283	376.6737998283	376.6737998283	376.6737998283	376.6737998253	376.6737998353	376.6737997553	376.6737998353	376.6737998353	376.6737998353	376.6737998383	376.6737998333	376.6737998333	376.6737998383	376.6737998313	376.6737998313	376.6737998263	376.6737998263	407.4393997542	407.4393997542	407.4393997473	407.4393997673	407.4393997683	407.4393997683	407.4393997733	407.4393997633	407.4393997513	407.4393997513	407.4393997213	407.4393997563	407.4393997563	407.4393997163	407.4393997163	426.3841998133	426.3841998103	426.3841998103	426.3841998083	426.3841998183	426.3841998143	426.3841998143	426.3841998173	426.3841998073	426.3841998173	426.3841998173	426.3841998173	426.3841998273	426.3841998273	426.3841998173	426.3841998173	426.3841998173	426.3841998073	426.3841998133	426.3841998233
Chamaeleo_dilepis	336.2069998721	336.2069998721	336.2069998721	336.2069998721	336.2069998731	336.2069998601	336.2069998601	336.2069998601	336.2069998601	336.2069998611	336.2069998611	336.2069998621	336.2069998611	336.2069998651	336.2069998601	336.2069998581	336.2069998621	336.2069998621	336.2069998621	336.2069998611	336.2069998541	336.2069998521	336.2069998621	336.2069998621	246.1307999361	246.1307999361	246.1307999361	246.1307999361	246.1307999361	246.1307999361	246.1307999361	246.1307999361	246.1307999441	246.1307999431	246.1307999431	246.1307999431	246.1307999401	246.1307999421	246.1307999421	88.42969489	88.42969489	88.42969489	32.3942265	21.902556	21.902556	0	86.271577504	86.271577504	89.8893586521	359.8187998521	359.8187998521	359.8187998621	359.8187998573	359.8187998573	359.8187998531	359.8187998531	359.8187998561	359.8187998561	359.8187998941	250.1232000323	376.6737998253	376.6737998238	376.6737998228	376.6737998228	376.6737998178	376.6737998278	376.6737998278	376.6737998278	376.6737998253	376.6737998277	376.6737998277	376.6737998285	376.6737998285	376.6737998283	376.6737998283	376.6737998283	376.6737998283	376.6737998285	376.6737998283	376.6737998283	376.6737998283	376.6737998283	376.6737998253	376.6737998353	376.6737997553	376.6737998353	376.6737998353	376.6737998353	376.6737998383	376.6737998333	376.6737998333	376.6737998383	376.6737998313	376.6737998313	376.6737998263	376.6737998263	407.4393997542	407.4393997542	407.4393997473	407.4393997673	407.4393997683	407.4393997683	407.4393997733	407.4393997633	407.4393997513	407.4393997513	407.4393997213	407.4393997563	407.4393997563	407.4393997163	407.4393997163	426.3841998133	426.3841998103	426.3841998103	426.3841998083	426.3841998183	426.3841998143	426.3841998143	426.3841998173	426.3841998073	426.3841998173	426.3841998173	426.3841998173	426.3841998273	426.3841998273	426.3841998173	426.3841998173	426.3841998173	426.3841998073	426.3841998133	426.3841998233
Bradypodion_ventrale	336.2069998761	336.2069998761	336.2069998761	336.2069998761	336.2069998771	336.2069998641	336.2069998641	336.2069998641	336.2069998641	336.2069998651	336.2069998651	336.2069998661	336.2069998651	336.2069998691	336.2069998641	336.2069998621	336.2069998661	336.2069998661	336.2069998661	336.2069998651	336.2069998581	336.2069998561	336.2069998661	336.2069998661	246.1307999401	246.1307999401	246.1307999401	246.1307999401	246.1307999401	246.1307999401	246.1307999401	246.1307999401	246.1307999481	246.1307999471	246.1307999471	246.1307999471	246.1307999441	246.1307999461	246.1307999461	88.429694894	88.429694894	88.429694894	86.271577504	86.271577504	86.271577504	86.271577504	0	17.382612588	89.8893586561	359.8187998561	359.8187998561	359.8187998661	359.8187998613	359.8187998613	359.8187998571	359.8187998571	359.8187998601	359.8187998601	359.8187998981	250.1232000363	376.6737998293	376.6737998278	376.6737998268	376.6737998268	376.6737998218	376.6737998318	376.6737998318	376.6737998318	376.6737998293	376.6737998317	376.6737998317	376.6737998325	376.6737998325	376.6737998323	376.6737998323	376.6737998323	376.6737998323	376.6737998325	376.6737998323	376.6737998323	376.6737998323	376.6737998323	376.6737998293	376.6737998393	376.6737997593	376.6737998393	376.6737998393	376.6737998393	376.6737998423	376.6737998373	376.6737998373	376.6737998423	376.6737998353	376.6737998353	376.6737998303	376.6737998303	407.4393997582	407.4393997582	407.4393997513	407.4393997713	407.4393997723	407.4393997723	407.4393997773	407.4393997673	407.4393997553	407.4393997553	407.4393997253	407.4393997603	407.4393997603	407.4393997203	407.4393997203	426.3841998173	426.3841998143	426.3841998143	426.3841998123	426.3841998223	426.3841998183	426.3841998183	426.3841998213	426.3841998113	426.3841998213	426.3841998213	426.3841998213	426.3841998313	426.3841998313	426.3841998213	426.3841998213	426.3841998213	426.3841998113	426.3841998173	426.3841998273
Bradypodion_pumilum	336.2069998761	336.2069998761	336.2069998761	336.2069998761	336.2069998771	336.2069998641	336.2069998641	336.2069998641	336.2069998641	336.2069998651	336.2069998651	336.2069998661	336.2069998651	336.2069998691	336.2069998641	336.2069998621	336.2069998661	336.2069998661	336.2069998661	336.2069998651	336.2069998581	336.2069998561	336.2069998661	336.2069998661	246.1307999401	246.1307999401	246.1307999401	246.1307999401	246.1307999401	246.1307999401	246.1307999401	246.1307999401	246.1307999481	246.1307999471	246.1307999471	246.1307999471	246.1307999441	246.1307999461	246.1307999461	88.429694894	88.429694894	88.429694894	86.271577504	86.271577504	86.271577504	86.271577504	17.382612588	0	89.8893586561	359.8187998561	359.8187998561	359.8187998661	359.8187998613	359.8187998613	359.8187998571	359.8187998571	359.8187998601	359.8187998601	359.8187998981	250.1232000363	376.6737998293	376.6737998278	376.6737998268	376.6737998268	376.6737998218	376.6737998318	376.6737998318	376.6737998318	376.6737998293	376.6737998317	376.6737998317	376.6737998325	376.6737998325	376.6737998323	376.6737998323	376.6737998323	376.6737998323	376.6737998325	376.6737998323	376.6737998323	376.6737998323	376.6737998323	376.6737998293	376.6737998393	376.6737997593	376.6737998393	376.6737998393	376.6737998393	376.6737998423	376.6737998373	376.6737998373	376.6737998423	376.6737998353	376.6737998353	376.6737998303	376.6737998303	407.4393997582	407.4393997582	407.4393997513	407.4393997713	407.4393997723	407.4393997723	407.4393997773	407.4393997673	407.4393997553	407.4393997553	407.4393997253	407.4393997603	407.4393997603	407.4393997203	407.4393997203	426.3841998173	426.3841998143	426.3841998143	426.3841998123	426.3841998223	426.3841998183	426.3841998183	426.3841998213	426.3841998113	426.3841998213	426.3841998213	426.3841998213	426.3841998313	426.3841998313	426.3841998213	426.3841998213	426.3841998213	426.3841998113	426.3841998173	426.3841998273
Furcifer_pardalis	336.20699988	336.20699988	336.20699988	336.20699988	336.206999881	336.206999868	336.206999868	336.206999868	336.206999868	336.206999869	336.206999869	336.20699987	336.206999869	336.206999873	336.206999868	336.206999866	336.20699987	336.20699987	336.20699987	336.206999869	336.206999862	336.20699986	336.20699987	336.20699987	246.130799944	246.130799944	246.130799944	246.130799944	246.130799944	246.130799944	246.130799944	246.130799944	246.130799952	246.130799951	246.130799951	246.130799951	246.130799948	246.13079995	246.13079995	89.8893586621	89.8893586621	89.8893586621	89.8893586521	89.8893586521	89.8893586521	89.8893586521	89.8893586561	89.8893586561	0	359.81879986	359.81879986	359.81879987	359.8187998652	359.8187998652	359.818799861	359.818799861	359.818799864	359.818799864	359.818799902	250.1232000402	376.6737998332	376.6737998317	376.6737998307	376.6737998307	376.6737998257	376.6737998357	376.6737998357	376.6737998357	376.6737998332	376.6737998356	376.6737998356	376.6737998364	376.6737998364	376.6737998362	376.6737998362	376.6737998362	376.6737998362	376.6737998364	376.6737998362	376.6737998362	376.6737998362	376.6737998362	376.6737998332	376.6737998432	376.6737997632	376.6737998432	376.6737998432	376.6737998432	376.6737998462	376.6737998412	376.6737998412	376.6737998462	376.6737998392	376.6737998392	376.6737998342	376.6737998342	407.4393997621	407.4393997621	407.4393997552	407.4393997752	407.4393997762	407.4393997762	407.4393997812	407.4393997712	407.4393997592	407.4393997592	407.4393997292	407.4393997642	407.4393997642	407.4393997242	407.4393997242	426.3841998212	426.3841998182	426.3841998182	426.3841998162	426.3841998262	426.3841998222	426.3841998222	426.3841998252	426.3841998152	426.3841998252	426.3841998252	426.3841998252	426.3841998352	426.3841998352	426.3841998252	426.3841998252	426.3841998252	426.3841998152	426.3841998212	426.3841998312
Elgaria_multicarinata	359.81879986	359.81879986	359.81879986	359.81879986	359.818799861	359.818799848	359.818799848	359.818799848	359.818799848	359.818799849	359.818799849	359.81879985	359.818799849	359.818799853	359.818799848	359.818799846	359.81879985	359.81879985	359.81879985	359.818799849	359.818799842	359.81879984	359.81879985	359.81879985	359.818799844	359.818799844	359.818799844	359.818799844	359.818799844	359.818799844	359.818799844	359.818799844	359.818799852	359.818799851	359.818799851	359.818799851	359.818799848	359.81879985	359.81879985	359.8187998621	359.8187998621	359.8187998621	359.8187998521	359.8187998521	359.8187998521	359.8187998521	359.8187998561	359.8187998561	359.81879986	0	92.48479992	141.10659993	289.1949998252	289.1949998252	289.194999821	289.194999821	289.194999824	289.194999824	289.194999862	250.1232000202	376.6737998132	376.6737998117	376.6737998107	376.6737998107	376.6737998057	376.6737998157	376.6737998157	376.6737998157	376.6737998132	376.6737998156	376.6737998156	376.6737998164	376.6737998164	376.6737998162	376.6737998162	376.6737998162	376.6737998162	376.6737998164	376.6737998162	376.6737998162	376.6737998162	376.6737998162	376.6737998132	376.6737998232	376.6737997432	376.6737998232	376.6737998232	376.6737998232	376.6737998262	376.6737998212	376.6737998212	376.6737998262	376.6737998192	376.6737998192	376.6737998142	376.6737998142	407.4393997421	407.4393997421	407.4393997352	407.4393997552	407.4393997562	407.4393997562	407.4393997612	407.4393997512	407.4393997392	407.4393997392	407.4393997092	407.4393997442	407.4393997442	407.4393997042	407.4393997042	426.3841998012	426.3841997982	426.3841997982	426.3841997962	426.3841998062	426.3841998022	426.3841998022	426.3841998052	426.3841997952	426.3841998052	426.3841998052	426.3841998052	426.3841998152	426.3841998152	426.3841998052	426.3841998052	426.3841998052	426.3841997952	426.3841998012	426.3841998112
Ophisaurus_attenuatus	359.81879986	359.81879986	359.81879986	359.81879986	359.818799861	359.818799848	359.818799848	359.818799848	359.818799848	359.818799849	359.818799849	359.81879985	359.818799849	359.818799853	359.818799848	359.818799846	359.81879985	359.81879985	359.81879985	359.818799849	359.818799842	359.81879984	359.81879985	359.81879985	359.818799844	359.818799844	359.818799844	359.818799844	359.818799844	359.818799844	359.818799844	359.818799844	359.818799852	359.818799851	359.818799851	359.818799851	359.818799848	359.81879985	359.81879985	359.8187998621	359.8187998621	359.8187998621	359.8187998521	359.8187998521	359.8187998521	359.8187998521	359.8187998561	359.8187998561	359.81879986	92.48479992	0	141.10659993	289.1949998252	289.1949998252	289.194999821	289.194999821	289.194999824	289.194999824	289.194999862	250.1232000202	376.6737998132	376.6737998117	376.6737998107	376.6737998107	376.6737998057	376.6737998157	376.6737998157	376.6737998157	376.6737998132	376.6737998156	376.6737998156	376.6737998164	376.6737998164	376.6737998162	376.6737998162	376.6737998162	376.6737998162	376.6737998164	376.6737998162	376.6737998162	376.6737998162	376.6737998162	376.6737998132	376.6737998232	376.6737997432	376.6737998232	376.6737998232	376.6737998232	376.6737998262	376.6737998212	376.6737998212	376.6737998262	376.6737998192	376.6737998192	376.6737998142	376.6737998142	407.4393997421	407.4393997421	407.4393997352	407.4393997552	407.4393997562	407.4393997562	407.4393997612	407.4393997512	407.4393997392	407.4393997392	407.4393997092	407.4393997442	407.4393997442	407.4393997042	407.4393997042	426.3841998012	426.3841997982	426.3841997982	426.3841997962	426.3841998062	426.3841998022	426.3841998022	426.3841998052	426.3841997952	426.3841998052	426.3841998052	426.3841998052	426.3841998152	426.3841998152	426.3841998052	426.3841998052	426.3841998052	426.3841997952	426.3841998012	426.3841998112
Anniella_stebbinsi	359.81879987	359.81879987	359.81879987	359.81879987	359.818799871	359.818799858	359.818799858	359.818799858	359.818799858	359.818799859	359.818799859	359.81879986	359.818799859	359.818799863	359.818799858	359.818799856	359.81879986	359.81879986	359.81879986	359.818799859	359.818799852	359.81879985	359.81879986	359.81879986	359.818799854	359.818799854	359.818799854	359.818799854	359.818799854	359.818799854	359.818799854	359.818799854	359.818799862	359.818799861	359.818799861	359.818799861	359.818799858	359.81879986	359.81879986	359.8187998721	359.8187998721	359.8187998721	359.8187998621	359.8187998621	359.8187998621	359.8187998621	359.8187998661	359.8187998661	359.81879987	141.10659993	141.10659993	0	289.1949998352	289.1949998352	289.194999831	289.194999831	289.194999834	289.194999834	289.194999872	250.1232000302	376.6737998232	376.6737998217	376.6737998207	376.6737998207	376.6737998157	376.6737998257	376.6737998257	376.6737998257	376.6737998232	376.6737998256	376.6737998256	376.6737998264	376.6737998264	376.6737998262	376.6737998262	376.6737998262	376.6737998262	376.6737998264	376.6737998262	376.6737998262	376.6737998262	376.6737998262	376.6737998232	376.6737998332	376.6737997532	376.6737998332	376.6737998332	376.6737998332	376.6737998362	376.6737998312	376.6737998312	376.6737998362	376.6737998292	376.6737998292	376.6737998242	376.6737998242	407.4393997521	407.4393997521	407.4393997452	407.4393997652	407.4393997662	407.4393997662	407.4393997712	407.4393997612	407.4393997492	407.4393997492	407.4393997192	407.4393997542	407.4393997542	407.4393997142	407.4393997142	426.3841998112	426.3841998082	426.3841998082	426.3841998062	426.3841998162	426.3841998122	426.3841998122	426.3841998152	426.3841998052	426.3841998152	426.3841998152	426.3841998152	426.3841998252	426.3841998252	426.3841998152	426.3841998152	426.3841998152	426.3841998052	426.3841998112	426.3841998212
Varanus_macraei	359.8187998652	359.8187998652	359.8187998652	359.8187998652	359.8187998662	359.8187998532	359.8187998532	359.8187998532	359.8187998532	359.8187998542	359.8187998542	359.8187998552	359.8187998542	359.8187998582	359.8187998532	359.8187998512	359.8187998552	359.8187998552	359.8187998552	359.8187998542	359.8187998472	359.8187998452	359.8187998552	359.8187998552	359.8187998492	359.8187998492	359.8187998492	359.8187998492	359.8187998492	359.8187998492	359.8187998492	359.8187998492	359.8187998572	359.8187998562	359.8187998562	359.8187998562	359.8187998532	359.8187998552	359.8187998552	359.8187998673	359.8187998673	359.8187998673	359.8187998573	359.8187998573	359.8187998573	359.8187998573	359.8187998613	359.8187998613	359.8187998652	289.1949998252	289.1949998252	289.1949998352	0	30.72138576	31.6717214982	31.6717214982	36.5545997252	36.5545997252	271.4939997632	250.1232000254	376.6737998184	376.6737998169	376.6737998159	376.6737998159	376.6737998109	376.6737998209	376.6737998209	376.6737998209	376.6737998184	376.6737998208	376.6737998208	376.6737998216	376.6737998216	376.6737998214	376.6737998214	376.6737998214	376.6737998214	376.6737998216	376.6737998214	376.6737998214	376.6737998214	376.6737998214	376.6737998184	376.6737998284	376.6737997484	376.6737998284	376.6737998284	376.6737998284	376.6737998314	376.6737998264	376.6737998264	376.6737998314	376.6737998244	376.6737998244	376.6737998194	376.6737998194	407.4393997473	407.4393997473	407.4393997404	407.4393997604	407.4393997614	407.4393997614	407.4393997664	407.4393997564	407.4393997444	407.4393997444	407.4393997144	407.4393997494	407.4393997494	407.4393997094	407.4393997094	426.3841998064	426.3841998034	426.3841998034	426.3841998014	426.3841998114	426.3841998074	426.3841998074	426.3841998104	426.3841998004	426.3841998104	426.3841998104	426.3841998104	426.3841998204	426.3841998204	426.3841998104	426.3841998104	426.3841998104	426.3841998004	426.3841998064	426.3841998164
Varanus_salvator	359.8187998652	359.8187998652	359.8187998652	359.8187998652	359.8187998662	359.8187998532	359.8187998532	359.8187998532	359.8187998532	359.8187998542	359.8187998542	359.8187998552	359.8187998542	359.8187998582	359.8187998532	359.8187998512	359.8187998552	359.8187998552	359.8187998552	359.8187998542	359.8187998472	359.8187998452	359.8187998552	359.8187998552	359.8187998492	359.8187998492	359.8187998492	359.8187998492	359.8187998492	359.8187998492	359.8187998492	359.8187998492	359.8187998572	359.8187998562	359.8187998562	359.8187998562	359.8187998532	359.8187998552	359.8187998552	359.8187998673	359.8187998673	359.8187998673	359.8187998573	359.8187998573	359.8187998573	359.8187998573	359.8187998613	359.8187998613	359.8187998652	289.1949998252	289.1949998252	289.1949998352	30.72138576	0	31.6717214982	31.6717214982	36.5545997252	36.5545997252	271.4939997632	250.1232000254	376.6737998184	376.6737998169	376.6737998159	376.6737998159	376.6737998109	376.6737998209	376.6737998209	376.6737998209	376.6737998184	376.6737998208	376.6737998208	376.6737998216	376.6737998216	376.6737998214	376.6737998214	376.6737998214	376.6737998214	376.6737998216	376.6737998214	376.6737998214	376.6737998214	376.6737998214	376.6737998184	376.6737998284	376.6737997484	376.6737998284	376.6737998284	376.6737998284	376.6737998314	376.6737998264	376.6737998264	376.6737998314	376.6737998244	376.6737998244	376.6737998194	376.6737998194	407.4393997473	407.4393997473	407.4393997404	407.4393997604	407.4393997614	407.4393997614	407.4393997664	407.4393997564	407.4393997444	407.4393997444	407.4393997144	407.4393997494	407.4393997494	407.4393997094	407.4393997094	426.3841998064	426.3841998034	426.3841998034	426.3841998014	426.3841998114	426.3841998074	426.3841998074	426.3841998104	426.3841998004	426.3841998104	426.3841998104	426.3841998104	426.3841998204	426.3841998204	426.3841998104	426.3841998104	426.3841998104	426.3841998004	426.3841998064	426.3841998164
Varanus_acanthurus	359.818799861	359.818799861	359.818799861	359.818799861	359.818799862	359.818799849	359.818799849	359.818799849	359.818799849	359.81879985	359.81879985	359.818799851	359.81879985	359.818799854	359.818799849	359.818799847	359.818799851	359.818799851	359.818799851	359.81879985	359.818799843	359.818799841	359.818799851	359.818799851	359.818799845	359.818799845	359.818799845	359.818799845	359.818799845	359.818799845	359.818799845	359.818799845	359.818799853	359.818799852	359.818799852	359.818799852	359.818799849	359.818799851	359.818799851	359.8187998631	359.8187998631	359.8187998631	359.8187998531	359.8187998531	359.8187998531	359.8187998531	359.8187998571	359.8187998571	359.818799861	289.194999821	289.194999821	289.194999831	31.6717214982	31.6717214982	0	25.33899518	36.554599721	36.554599721	271.493999759	250.1232000212	376.6737998142	376.6737998127	376.6737998117	376.6737998117	376.6737998067	376.6737998167	376.6737998167	376.6737998167	376.6737998142	376.6737998166	376.6737998166	376.6737998174	376.6737998174	376.6737998172	376.6737998172	376.6737998172	376.6737998172	376.6737998174	376.6737998172	376.6737998172	376.6737998172	376.6737998172	376.6737998142	376.6737998242	376.6737997442	376.6737998242	376.6737998242	376.6737998242	376.6737998272	376.6737998222	376.6737998222	376.6737998272	376.6737998202	376.6737998202	376.6737998152	376.6737998152	407.4393997431	407.4393997431	407.4393997362	407.4393997562	407.4393997572	407.4393997572	407.4393997622	407.4393997522	407.4393997402	407.4393997402	407.4393997102	407.4393997452	407.4393997452	407.4393997052	407.4393997052	426.3841998022	426.3841997992	426.3841997992	426.3841997972	426.3841998072	426.3841998032	426.3841998032	426.3841998062	426.3841997962	426.3841998062	426.3841998062	426.3841998062	426.3841998162	426.3841998162	426.3841998062	426.3841998062	426.3841998062	426.3841997962	426.3841998022	426.3841998122
Varanus_komodoensis	359.818799861	359.818799861	359.818799861	359.818799861	359.818799862	359.818799849	359.818799849	359.818799849	359.818799849	359.81879985	359.81879985	359.818799851	359.81879985	359.818799854	359.818799849	359.818799847	359.818799851	359.818799851	359.818799851	359.81879985	359.818799843	359.818799841	359.818799851	359.818799851	359.818799845	359.818799845	359.818799845	359.818799845	359.818799845	359.818799845	359.818799845	359.818799845	359.818799853	359.818799852	359.818799852	359.818799852	359.818799849	359.818799851	359.818799851	359.8187998631	359.8187998631	359.8187998631	359.8187998531	359.8187998531	359.8187998531	359.8187998531	359.8187998571	359.8187998571	359.818799861	289.194999821	289.194999821	289.194999831	31.6717214982	31.6717214982	25.33899518	0	36.554599721	36.554599721	271.493999759	250.1232000212	376.6737998142	376.6737998127	376.6737998117	376.6737998117	376.6737998067	376.6737998167	376.6737998167	376.6737998167	376.6737998142	376.6737998166	376.6737998166	376.6737998174	376.6737998174	376.6737998172	376.6737998172	376.6737998172	376.6737998172	376.6737998174	376.6737998172	376.6737998172	376.6737998172	376.6737998172	376.6737998142	376.6737998242	376.6737997442	376.6737998242	376.6737998242	376.6737998242	376.6737998272	376.6737998222	376.6737998222	376.6737998272	376.6737998202	376.6737998202	376.6737998152	376.6737998152	407.4393997431	407.4393997431	407.4393997362	407.4393997562	407.4393997572	407.4393997572	407.4393997622	407.4393997522	407.4393997402	407.4393997402	407.4393997102	407.4393997452	407.4393997452	407.4393997052	407.4393997052	426.3841998022	426.3841997992	426.3841997992	426.3841997972	426.3841998072	426.3841998032	426.3841998032	426.3841998062	426.3841997962	426.3841998062	426.3841998062	426.3841998062	426.3841998162	426.3841998162	426.3841998062	426.3841998062	426.3841998062	426.3841997962	426.3841998022	426.3841998122
Varanus_albigularis	359.818799864	359.818799864	359.818799864	359.818799864	359.818799865	359.818799852	359.818799852	359.818799852	359.818799852	359.818799853	359.818799853	359.818799854	359.818799853	359.818799857	359.818799852	359.81879985	359.818799854	359.818799854	359.818799854	359.818799853	359.818799846	359.818799844	359.818799854	359.818799854	359.818799848	359.818799848	359.818799848	359.818799848	359.818799848	359.818799848	359.818799848	359.818799848	359.818799856	359.818799855	359.818799855	359.818799855	359.818799852	359.818799854	359.818799854	359.8187998661	359.8187998661	359.8187998661	359.8187998561	359.8187998561	359.8187998561	359.8187998561	359.8187998601	359.8187998601	359.818799864	289.194999824	289.194999824	289.194999834	36.5545997252	36.5545997252	36.554599721	36.554599721	0	23.704589	271.493999762	250.1232000242	376.6737998172	376.6737998157	376.6737998147	376.6737998147	376.6737998097	376.6737998197	376.6737998197	376.6737998197	376.6737998172	376.6737998196	376.6737998196	376.6737998204	376.6737998204	376.6737998202	376.6737998202	376.6737998202	376.6737998202	376.6737998204	376.6737998202	376.6737998202	376.6737998202	376.6737998202	376.6737998172	376.6737998272	376.6737997472	376.6737998272	376.6737998272	376.6737998272	376.6737998302	376.6737998252	376.6737998252	376.6737998302	376.6737998232	376.6737998232	376.6737998182	376.6737998182	407.4393997461	407.4393997461	407.4393997392	407.4393997592	407.4393997602	407.4393997602	407.4393997652	407.4393997552	407.4393997432	407.4393997432	407.4393997132	407.4393997482	407.4393997482	407.4393997082	407.4393997082	426.3841998052	426.3841998022	426.3841998022	426.3841998002	426.3841998102	426.3841998062	426.3841998062	426.3841998092	426.3841997992	426.3841998092	426.3841998092	426.3841998092	426.3841998192	426.3841998192	426.3841998092	426.3841998092	426.3841998092	426.3841997992	426.3841998052	426.3841998152
Varanus_niloticus	359.818799864	359.818799864	359.818799864	359.818799864	359.818799865	359.818799852	359.818799852	359.818799852	359.818799852	359.818799853	359.818799853	359.818799854	359.818799853	359.818799857	359.818799852	359.81879985	359.818799854	359.818799854	359.818799854	359.818799853	359.818799846	359.818799844	359.818799854	359.818799854	359.818799848	359.818799848	359.818799848	359.818799848	359.818799848	359.818799848	359.818799848	359.818799848	359.818799856	359.818799855	359.818799855	359.818799855	359.818799852	359.818799854	359.818799854	359.8187998661	359.8187998661	359.8187998661	359.8187998561	359.8187998561	359.8187998561	359.8187998561	359.8187998601	359.8187998601	359.818799864	289.194999824	289.194999824	289.194999834	36.5545997252	36.5545997252	36.554599721	36.554599721	23.704589	0	271.493999762	250.1232000242	376.6737998172	376.6737998157	376.6737998147	376.6737998147	376.6737998097	376.6737998197	376.6737998197	376.6737998197	376.6737998172	376.6737998196	376.6737998196	376.6737998204	376.6737998204	376.6737998202	376.6737998202	376.6737998202	376.6737998202	376.6737998204	376.6737998202	376.6737998202	376.6737998202	376.6737998202	376.6737998172	376.6737998272	376.6737997472	376.6737998272	376.6737998272	376.6737998272	376.6737998302	376.6737998252	376.6737998252	376.6737998302	376.6737998232	376.6737998232	376.6737998182	376.6737998182	407.4393997461	407.4393997461	407.4393997392	407.4393997592	407.4393997602	407.4393997602	407.4393997652	407.4393997552	407.4393997432	407.4393997432	407.4393997132	407.4393997482	407.4393997482	407.4393997082	407.4393997082	426.3841998052	426.3841998022	426.3841998022	426.3841998002	426.3841998102	426.3841998062	426.3841998062	426.3841998092	426.3841997992	426.3841998092	426.3841998092	426.3841998092	426.3841998192	426.3841998192	426.3841998092	426.3841998092	426.3841998092	426.3841997992	426.3841998052	426.3841998152
Shinisaurus_crocodilurus	359.818799902	359.818799902	359.818799902	359.818799902	359.818799903	359.81879989	359.81879989	359.81879989	359.81879989	359.818799891	359.818799891	359.818799892	359.818799891	359.818799895	359.81879989	359.818799888	359.818799892	359.818799892	359.818799892	359.818799891	359.818799884	359.818799882	359.818799892	359.818799892	359.818799886	359.818799886	359.818799886	359.818799886	359.818799886	359.818799886	359.818799886	359.818799886	359.818799894	359.818799893	359.818799893	359.818799893	359.81879989	359.818799892	359.818799892	359.8187999041	359.8187999041	359.8187999041	359.8187998941	359.8187998941	359.8187998941	359.8187998941	359.8187998981	359.8187998981	359.818799902	289.194999862	289.194999862	289.194999872	271.4939997632	271.4939997632	271.493999759	271.493999759	271.493999762	271.493999762	0	250.1232000622	376.6737998552	376.6737998537	376.6737998527	376.6737998527	376.6737998477	376.6737998577	376.6737998577	376.6737998577	376.6737998552	376.6737998576	376.6737998576	376.6737998584	376.6737998584	376.6737998582	376.6737998582	376.6737998582	376.6737998582	376.6737998584	376.6737998582	376.6737998582	376.6737998582	376.6737998582	376.6737998552	376.6737998652	376.6737997852	376.6737998652	376.6737998652	376.6737998652	376.6737998682	376.6737998632	376.6737998632	376.6737998682	376.6737998612	376.6737998612	376.6737998562	376.6737998562	407.4393997841	407.4393997841	407.4393997772	407.4393997972	407.4393997982	407.4393997982	407.4393998032	407.4393997932	407.4393997812	407.4393997812	407.4393997512	407.4393997862	407.4393997862	407.4393997462	407.4393997462	426.3841998432	426.3841998402	426.3841998402	426.3841998382	426.3841998482	426.3841998442	426.3841998442	426.3841998472	426.3841998372	426.3841998472	426.3841998472	426.3841998472	426.3841998572	426.3841998572	426.3841998472	426.3841998472	426.3841998472	426.3841998372	426.3841998432	426.3841998532
Acrochordus_granulatus	250.1232000402	250.1232000402	250.1232000402	250.1232000402	250.1232000412	250.1232000282	250.1232000282	250.1232000282	250.1232000282	250.1232000292	250.1232000292	250.1232000302	250.1232000292	250.1232000332	250.1232000282	250.1232000262	250.1232000302	250.1232000302	250.1232000302	250.1232000292	250.1232000222	250.1232000202	250.1232000302	250.1232000302	250.1232000242	250.1232000242	250.1232000242	250.1232000242	250.1232000242	250.1232000242	250.1232000242	250.1232000242	250.1232000322	250.1232000312	250.1232000312	250.1232000312	250.1232000282	250.1232000302	250.1232000302	250.1232000423	250.1232000423	250.1232000423	250.1232000323	250.1232000323	250.1232000323	250.1232000323	250.1232000363	250.1232000363	250.1232000402	250.1232000202	250.1232000202	250.1232000302	250.1232000254	250.1232000254	250.1232000212	250.1232000212	250.1232000242	250.1232000242	250.1232000622	0	266.075799853	266.0757998515	266.0757998505	266.0757998505	266.0757998455	266.0757998555	266.0757998555	266.0757998555	266.075799853	266.0757998554	266.0757998554	266.0757998562	266.0757998562	266.075799856	266.075799856	266.075799856	266.075799856	266.0757998562	266.075799856	266.075799856	266.075799856	266.075799856	266.075799853	266.075799863	266.075799783	266.075799863	266.075799863	266.075799863	266.075799866	266.075799861	266.075799861	266.075799866	266.075799859	266.075799859	266.075799854	266.075799854	296.8413997819	296.8413997819	296.841399775	296.841399795	296.841399796	296.841399796	296.841399801	296.841399791	296.841399779	296.841399779	296.841399749	296.841399784	296.841399784	296.841399744	296.841399744	315.786199841	315.786199838	315.786199838	315.786199836	315.786199846	315.786199842	315.786199842	315.786199845	315.786199835	315.786199845	315.786199845	315.786199845	315.786199855	315.786199855	315.786199845	315.786199845	315.786199845	315.786199835	315.786199841	315.786199851
Latastia_doriai	376.6737998332	376.6737998332	376.6737998332	376.6737998332	376.6737998342	376.6737998212	376.6737998212	376.6737998212	376.6737998212	376.6737998222	376.6737998222	376.6737998232	376.6737998222	376.6737998262	376.6737998212	376.6737998192	376.6737998232	376.6737998232	376.6737998232	376.6737998222	376.6737998152	376.6737998132	376.6737998232	376.6737998232	376.6737998172	376.6737998172	376.6737998172	376.6737998172	376.6737998172	376.6737998172	376.6737998172	376.6737998172	376.6737998252	376.6737998242	376.6737998242	376.6737998242	376.6737998212	376.6737998232	376.6737998232	376.6737998353	376.6737998353	376.6737998353	376.6737998253	376.6737998253	376.6737998253	376.6737998253	376.6737998293	376.6737998293	376.6737998332	376.6737998132	376.6737998132	376.6737998232	376.6737998184	376.6737998184	376.6737998142	376.6737998142	376.6737998172	376.6737998172	376.6737998552	266.075799853	0	98.8457988185	98.8457988175	98.8457988175	98.8457988125	98.8457988225	98.8457988225	98.8457988225	98.84579882	98.8457988224	98.8457988224	98.8457988232	98.8457988232	98.845798823	98.845798823	98.845798823	98.845798823	98.8457988232	98.845798823	98.845798823	98.845798823	98.845798823	98.84579882	143.35851305	309.67139907	357.12999881	357.12999881	357.12999881	357.129998813	357.129998808	357.129998808	357.129998813	357.129998806	357.129998806	357.129998801	357.129998801	407.4393997469	407.4393997469	407.43939974	407.43939976	407.439399761	407.439399761	407.439399766	407.439399756	407.439399744	407.439399744	407.439399714	407.439399749	407.439399749	407.439399709	407.439399709	426.384199806	426.384199803	426.384199803	426.384199801	426.384199811	426.384199807	426.384199807	426.38419981	426.3841998	426.38419981	426.38419981	426.38419981	426.38419982	426.38419982	426.38419981	426.38419981	426.38419981	426.3841998	426.384199806	426.384199816
Darevskia_unisexualis	376.6737998317	376.6737998317	376.6737998317	376.6737998317	376.6737998327	376.6737998197	376.6737998197	376.6737998197	376.6737998197	376.6737998207	376.6737998207	376.6737998217	376.6737998207	376.6737998247	376.6737998197	376.6737998177	376.6737998217	376.6737998217	376.6737998217	376.6737998207	376.6737998137	376.6737998117	376.6737998217	376.6737998217	376.6737998157	376.6737998157	376.6737998157	376.6737998157	376.6737998157	376.6737998157	376.6737998157	376.6737998157	376.6737998237	376.6737998227	376.6737998227	376.6737998227	376.6737998197	376.6737998217	376.6737998217	376.6737998338	376.6737998338	376.6737998338	376.6737998238	376.6737998238	376.6737998238	376.6737998238	376.6737998278	376.6737998278	376.6737998317	376.6737998117	376.6737998117	376.6737998217	376.6737998169	376.6737998169	376.6737998127	376.6737998127	376.6737998157	376.6737998157	376.6737998537	266.0757998515	98.8457988185	0	18.482994625	18.482994625	29.946302706	69.580566376	69.580566376	69.580566376	71.5388083985	75.2960866409	75.2960866409	75.2960866417	75.2960866417	75.2960866415	75.2960866415	75.2960866415	75.2960866415	75.2960866417	75.2960866415	75.2960866415	75.2960866415	75.2960866415	75.2960866385	143.3585130485	309.6713990685	357.1299988085	357.1299988085	357.1299988085	357.1299988115	357.1299988065	357.1299988065	357.1299988115	357.1299988045	357.1299988045	357.1299987995	357.1299987995	407.4393997454	407.4393997454	407.4393997385	407.4393997585	407.4393997595	407.4393997595	407.4393997645	407.4393997545	407.4393997425	407.4393997425	407.4393997125	407.4393997475	407.4393997475	407.4393997075	407.4393997075	426.3841998045	426.3841998015	426.3841998015	426.3841997995	426.3841998095	426.3841998055	426.3841998055	426.3841998085	426.3841997985	426.3841998085	426.3841998085	426.3841998085	426.3841998185	426.3841998185	426.3841998085	426.3841998085	426.3841998085	426.3841997985	426.3841998045	426.3841998145
Darevskia_armeniaca	376.6737998307	376.6737998307	376.6737998307	376.6737998307	376.6737998317	376.6737998187	376.6737998187	376.6737998187	376.6737998187	376.6737998197	376.6737998197	376.6737998207	376.6737998197	376.6737998237	376.6737998187	376.6737998167	376.6737998207	376.6737998207	376.6737998207	376.6737998197	376.6737998127	376.6737998107	376.6737998207	376.6737998207	376.6737998147	376.6737998147	376.6737998147	376.6737998147	376.6737998147	376.6737998147	376.6737998147	376.6737998147	376.6737998227	376.6737998217	376.6737998217	376.6737998217	376.6737998187	376.6737998207	376.6737998207	376.6737998328	376.6737998328	376.6737998328	376.6737998228	376.6737998228	376.6737998228	376.6737998228	376.6737998268	376.6737998268	376.6737998307	376.6737998107	376.6737998107	376.6737998207	376.6737998159	376.6737998159	376.6737998117	376.6737998117	376.6737998147	376.6737998147	376.6737998527	266.0757998505	98.8457988175	18.482994625	0	0.013004	29.946302705	69.580566375	69.580566375	69.580566375	71.5388083975	75.2960866399	75.2960866399	75.2960866407	75.2960866407	75.2960866405	75.2960866405	75.2960866405	75.2960866405	75.2960866407	75.2960866405	75.2960866405	75.2960866405	75.2960866405	75.2960866375	143.3585130475	309.6713990675	357.1299988075	357.1299988075	357.1299988075	357.1299988105	357.1299988055	357.1299988055	357.1299988105	357.1299988035	357.1299988035	357.1299987985	357.1299987985	407.4393997444	407.4393997444	407.4393997375	407.4393997575	407.4393997585	407.4393997585	407.4393997635	407.4393997535	407.4393997415	407.4393997415	407.4393997115	407.4393997465	407.4393997465	407.4393997065	407.4393997065	426.3841998035	426.3841998005	426.3841998005	426.3841997985	426.3841998085	426.3841998045	426.3841998045	426.3841998075	426.3841997975	426.3841998075	426.3841998075	426.3841998075	426.3841998175	426.3841998175	426.3841998075	426.3841998075	426.3841998075	426.3841997975	426.3841998035	426.3841998135
Darevskia_mixta	376.6737998307	376.6737998307	376.6737998307	376.6737998307	376.6737998317	376.6737998187	376.6737998187	376.6737998187	376.6737998187	376.6737998197	376.6737998197	376.6737998207	376.6737998197	376.6737998237	376.6737998187	376.6737998167	376.6737998207	376.6737998207	376.6737998207	376.6737998197	376.6737998127	376.6737998107	376.6737998207	376.6737998207	376.6737998147	376.6737998147	376.6737998147	376.6737998147	376.6737998147	376.6737998147	376.6737998147	376.6737998147	376.6737998227	376.6737998217	376.6737998217	376.6737998217	376.6737998187	376.6737998207	376.6737998207	376.6737998328	376.6737998328	376.6737998328	376.6737998228	376.6737998228	376.6737998228	376.6737998228	376.6737998268	376.6737998268	376.6737998307	376.6737998107	376.6737998107	376.6737998207	376.6737998159	376.6737998159	376.6737998117	376.6737998117	376.6737998147	376.6737998147	376.6737998527	266.0757998505	98.8457988175	18.482994625	0.013004	0	29.946302705	69.580566375	69.580566375	69.580566375	71.5388083975	75.2960866399	75.2960866399	75.2960866407	75.2960866407	75.2960866405	75.2960866405	75.2960866405	75.2960866405	75.2960866407	75.2960866405	75.2960866405	75.2960866405	75.2960866405	75.2960866375	143.3585130475	309.6713990675	357.1299988075	357.1299988075	357.1299988075	357.1299988105	357.1299988055	357.1299988055	357.1299988105	357.1299988035	357.1299988035	357.1299987985	357.1299987985	407.4393997444	407.4393997444	407.4393997375	407.4393997575	407.4393997585	407.4393997585	407.4393997635	407.4393997535	407.4393997415	407.4393997415	407.4393997115	407.4393997465	407.4393997465	407.4393997065	407.4393997065	426.3841998035	426.3841998005	426.3841998005	426.3841997985	426.3841998085	426.3841998045	426.3841998045	426.3841998075	426.3841997975	426.3841998075	426.3841998075	426.3841998075	426.3841998175	426.3841998175	426.3841998075	426.3841998075	426.3841998075	426.3841997975	426.3841998035	426.3841998135
Darevskia_valentini	376.6737998257	376.6737998257	376.6737998257	376.6737998257	376.6737998267	376.6737998137	376.6737998137	376.6737998137	376.6737998137	376.6737998147	376.6737998147	376.6737998157	376.6737998147	376.6737998187	376.6737998137	376.6737998117	376.6737998157	376.6737998157	376.6737998157	376.6737998147	376.6737998077	376.6737998057	376.6737998157	376.6737998157	376.6737998097	376.6737998097	376.6737998097	376.6737998097	376.6737998097	376.6737998097	376.6737998097	376.6737998097	376.6737998177	376.6737998167	376.6737998167	376.6737998167	376.6737998137	376.6737998157	376.6737998157	376.6737998278	376.6737998278	376.6737998278	376.6737998178	376.6737998178	376.6737998178	376.6737998178	376.6737998218	376.6737998218	376.6737998257	376.6737998057	376.6737998057	376.6737998157	376.6737998109	376.6737998109	376.6737998067	376.6737998067	376.6737998097	376.6737998097	376.6737998477	266.0757998455	98.8457988125	29.946302706	29.946302705	29.946302705	0	69.58056637	69.58056637	69.58056637	71.5388083925	75.2960866349	75.2960866349	75.2960866357	75.2960866357	75.2960866355	75.2960866355	75.2960866355	75.2960866355	75.2960866357	75.2960866355	75.2960866355	75.2960866355	75.2960866355	75.2960866325	143.3585130425	309.6713990625	357.1299988025	357.1299988025	357.1299988025	357.1299988055	357.1299988005	357.1299988005	357.1299988055	357.1299987985	357.1299987985	357.1299987935	357.1299987935	407.4393997394	407.4393997394	407.4393997325	407.4393997525	407.4393997535	407.4393997535	407.4393997585	407.4393997485	407.4393997365	407.4393997365	407.4393997065	407.4393997415	407.4393997415	407.4393997015	407.4393997015	426.3841997985	426.3841997955	426.3841997955	426.3841997935	426.3841998035	426.3841997995	426.3841997995	426.3841998025	426.3841997925	426.3841998025	426.3841998025	426.3841998025	426.3841998125	426.3841998125	426.3841998025	426.3841998025	426.3841998025	426.3841997925	426.3841997985	426.3841998085
Lacerta_agilis	376.6737998357	376.6737998357	376.6737998357	376.6737998357	376.6737998367	376.6737998237	376.6737998237	376.6737998237	376.6737998237	376.6737998247	376.6737998247	376.6737998257	376.6737998247	376.6737998287	376.6737998237	376.6737998217	376.6737998257	376.6737998257	376.6737998257	376.6737998247	376.6737998177	376.6737998157	376.6737998257	376.6737998257	376.6737998197	376.6737998197	376.6737998197	376.6737998197	376.6737998197	376.6737998197	376.6737998197	376.6737998197	376.6737998277	376.6737998267	376.6737998267	376.6737998267	376.6737998237	376.6737998257	376.6737998257	376.6737998378	376.6737998378	376.6737998378	376.6737998278	376.6737998278	376.6737998278	376.6737998278	376.6737998318	376.6737998318	376.6737998357	376.6737998157	376.6737998157	376.6737998257	376.6737998209	376.6737998209	376.6737998167	376.6737998167	376.6737998197	376.6737998197	376.6737998577	266.0757998555	98.8457988225	69.580566376	69.580566375	69.580566375	69.58056637	0	32.1663125	32.1663125	71.5388084025	75.2960866449	75.2960866449	75.2960866457	75.2960866457	75.2960866455	75.2960866455	75.2960866455	75.2960866455	75.2960866457	75.2960866455	75.2960866455	75.2960866455	75.2960866455	75.2960866425	143.3585130525	309.6713990725	357.1299988125	357.1299988125	357.1299988125	357.1299988155	357.1299988105	357.1299988105	357.1299988155	357.1299988085	357.1299988085	357.1299988035	357.1299988035	407.4393997494	407.4393997494	407.4393997425	407.4393997625	407.4393997635	407.4393997635	407.4393997685	407.4393997585	407.4393997465	407.4393997465	407.4393997165	407.4393997515	407.4393997515	407.4393997115	407.4393997115	426.3841998085	426.3841998055	426.3841998055	426.3841998035	426.3841998135	426.3841998095	426.3841998095	426.3841998125	426.3841998025	426.3841998125	426.3841998125	426.3841998125	426.3841998225	426.3841998225	426.3841998125	426.3841998125	426.3841998125	426.3841998025	426.3841998085	426.3841998185
Lacerta_bilineata	376.6737998357	376.6737998357	376.6737998357	376.6737998357	376.6737998367	376.6737998237	376.6737998237	376.6737998237	376.6737998237	376.6737998247	376.6737998247	376.6737998257	376.6737998247	376.6737998287	376.6737998237	376.6737998217	376.6737998257	376.6737998257	376.6737998257	376.6737998247	376.6737998177	376.6737998157	376.6737998257	376.6737998257	376.6737998197	376.6737998197	376.6737998197	376.6737998197	376.6737998197	376.6737998197	376.6737998197	376.6737998197	376.6737998277	376.6737998267	376.6737998267	376.6737998267	376.6737998237	376.6737998257	376.6737998257	376.6737998378	376.6737998378	376.6737998378	376.6737998278	376.6737998278	376.6737998278	376.6737998278	376.6737998318	376.6737998318	376.6737998357	376.6737998157	376.6737998157	376.6737998257	376.6737998209	376.6737998209	376.6737998167	376.6737998167	376.6737998197	376.6737998197	376.6737998577	266.0757998555	98.8457988225	69.580566376	69.580566375	69.580566375	69.58056637	32.1663125	0	8.256806	71.5388084025	75.2960866449	75.2960866449	75.2960866457	75.2960866457	75.2960866455	75.2960866455	75.2960866455	75.2960866455	75.2960866457	75.2960866455	75.2960866455	75.2960866455	75.2960866455	75.2960866425	143.3585130525	309.6713990725	357.1299988125	357.1299988125	357.1299988125	357.1299988155	357.1299988105	357.1299988105	357.1299988155	357.1299988085	357.1299988085	357.1299988035	357.1299988035	407.4393997494	407.4393997494	407.4393997425	407.4393997625	407.4393997635	407.4393997635	407.4393997685	407.4393997585	407.4393997465	407.4393997465	407.4393997165	407.4393997515	407.4393997515	407.4393997115	407.4393997115	426.3841998085	426.3841998055	426.3841998055	426.3841998035	426.3841998135	426.3841998095	426.3841998095	426.3841998125	426.3841998025	426.3841998125	426.3841998125	426.3841998125	426.3841998225	426.3841998225	426.3841998125	426.3841998125	426.3841998125	426.3841998025	426.3841998085	426.3841998185
Lacerta_viridis	376.6737998357	376.6737998357	376.6737998357	376.6737998357	376.6737998367	376.6737998237	376.6737998237	376.6737998237	376.6737998237	376.6737998247	376.6737998247	376.6737998257	376.6737998247	376.6737998287	376.6737998237	376.6737998217	376.6737998257	376.6737998257	376.6737998257	376.6737998247	376.6737998177	376.6737998157	376.6737998257	376.6737998257	376.6737998197	376.6737998197	376.6737998197	376.6737998197	376.6737998197	376.6737998197	376.6737998197	376.6737998197	376.6737998277	376.6737998267	376.6737998267	376.6737998267	376.6737998237	376.6737998257	376.6737998257	376.6737998378	376.6737998378	376.6737998378	376.6737998278	376.6737998278	376.6737998278	376.6737998278	376.6737998318	376.6737998318	376.6737998357	376.6737998157	376.6737998157	376.6737998257	376.6737998209	376.6737998209	376.6737998167	376.6737998167	376.6737998197	376.6737998197	376.6737998577	266.0757998555	98.8457988225	69.580566376	69.580566375	69.580566375	69.58056637	32.1663125	8.256806	0	71.5388084025	75.2960866449	75.2960866449	75.2960866457	75.2960866457	75.2960866455	75.2960866455	75.2960866455	75.2960866455	75.2960866457	75.2960866455	75.2960866455	75.2960866455	75.2960866455	75.2960866425	143.3585130525	309.6713990725	357.1299988125	357.1299988125	357.1299988125	357.1299988155	357.1299988105	357.1299988105	357.1299988155	357.1299988085	357.1299988085	357.1299988035	357.1299988035	407.4393997494	407.4393997494	407.4393997425	407.4393997625	407.4393997635	407.4393997635	407.4393997685	407.4393997585	407.4393997465	407.4393997465	407.4393997165	407.4393997515	407.4393997515	407.4393997115	407.4393997115	426.3841998085	426.3841998055	426.3841998055	426.3841998035	426.3841998135	426.3841998095	426.3841998095	426.3841998125	426.3841998025	426.3841998125	426.3841998125	426.3841998125	426.3841998225	426.3841998225	426.3841998125	426.3841998125	426.3841998125	426.3841998025	426.3841998085	426.3841998185
Zootoca_vivipara	376.6737998332	376.6737998332	376.6737998332	376.6737998332	376.6737998342	376.6737998212	376.6737998212	376.6737998212	376.6737998212	376.6737998222	376.6737998222	376.6737998232	376.6737998222	376.6737998262	376.6737998212	376.6737998192	376.6737998232	376.6737998232	376.6737998232	376.6737998222	376.6737998152	376.6737998132	376.6737998232	376.6737998232	376.6737998172	376.6737998172	376.6737998172	376.6737998172	376.6737998172	376.6737998172	376.6737998172	376.6737998172	376.6737998252	376.6737998242	376.6737998242	376.6737998242	376.6737998212	376.6737998232	376.6737998232	376.6737998353	376.6737998353	376.6737998353	376.6737998253	376.6737998253	376.6737998253	376.6737998253	376.6737998293	376.6737998293	376.6737998332	376.6737998132	376.6737998132	376.6737998232	376.6737998184	376.6737998184	376.6737998142	376.6737998142	376.6737998172	376.6737998172	376.6737998552	266.075799853	98.84579882	71.5388083985	71.5388083975	71.5388083975	71.5388083925	71.5388084025	71.5388084025	71.5388084025	0	75.2960866424	75.2960866424	75.2960866432	75.2960866432	75.296086643	75.296086643	75.296086643	75.296086643	75.2960866432	75.296086643	75.296086643	75.296086643	75.296086643	75.29608664	143.35851305	309.67139907	357.12999881	357.12999881	357.12999881	357.129998813	357.129998808	357.129998808	357.129998813	357.129998806	357.129998806	357.129998801	357.129998801	407.4393997469	407.4393997469	407.43939974	407.43939976	407.439399761	407.439399761	407.439399766	407.439399756	407.439399744	407.439399744	407.439399714	407.439399749	407.439399749	407.439399709	407.439399709	426.384199806	426.384199803	426.384199803	426.384199801	426.384199811	426.384199807	426.384199807	426.38419981	426.3841998	426.38419981	426.38419981	426.38419981	426.38419982	426.38419982	426.38419981	426.38419981	426.38419981	426.3841998	426.384199806	426.384199816
Podarcis_bocagei	376.6737998356	376.6737998356	376.6737998356	376.6737998356	376.6737998366	376.6737998236	376.6737998236	376.6737998236	376.6737998236	376.6737998246	376.6737998246	376.6737998256	376.6737998246	376.6737998286	376.6737998236	376.6737998216	376.6737998256	376.6737998256	376.6737998256	376.6737998246	376.6737998176	376.6737998156	376.6737998256	376.6737998256	376.6737998196	376.6737998196	376.6737998196	376.6737998196	376.6737998196	376.6737998196	376.6737998196	376.6737998196	376.6737998276	376.6737998266	376.6737998266	376.6737998266	376.6737998236	376.6737998256	376.6737998256	376.6737998377	376.6737998377	376.6737998377	376.6737998277	376.6737998277	376.6737998277	376.6737998277	376.6737998317	376.6737998317	376.6737998356	376.6737998156	376.6737998156	376.6737998256	376.6737998208	376.6737998208	376.6737998166	376.6737998166	376.6737998196	376.6737998196	376.6737998576	266.0757998554	98.8457988224	75.2960866409	75.2960866399	75.2960866399	75.2960866349	75.2960866449	75.2960866449	75.2960866449	75.2960866424	0	17.452940666	18.5464628572	21.6010949992	23.4985215374	23.4985215374	23.4985215374	23.4985215374	24.9193675992	25.5389838814	25.5389838814	27.8700157134	27.8700157134	32.1279017224	143.3585130524	309.6713990724	357.1299988124	357.1299988124	357.1299988124	357.1299988154	357.1299988104	357.1299988104	357.1299988154	357.1299988084	357.1299988084	357.1299988034	357.1299988034	407.4393997493	407.4393997493	407.4393997424	407.4393997624	407.4393997634	407.4393997634	407.4393997684	407.4393997584	407.4393997464	407.4393997464	407.4393997164	407.4393997514	407.4393997514	407.4393997114	407.4393997114	426.3841998084	426.3841998054	426.3841998054	426.3841998034	426.3841998134	426.3841998094	426.3841998094	426.3841998124	426.3841998024	426.3841998124	426.3841998124	426.3841998124	426.3841998224	426.3841998224	426.3841998124	426.3841998124	426.3841998124	426.3841998024	426.3841998084	426.3841998184
Podarcis_vaucheri	376.6737998356	376.6737998356	376.6737998356	376.6737998356	376.6737998366	376.6737998236	376.6737998236	376.6737998236	376.6737998236	376.6737998246	376.6737998246	376.6737998256	376.6737998246	376.6737998286	376.6737998236	376.6737998216	376.6737998256	376.6737998256	376.6737998256	376.6737998246	376.6737998176	376.6737998156	376.6737998256	376.6737998256	376.6737998196	376.6737998196	376.6737998196	376.6737998196	376.6737998196	376.6737998196	376.6737998196	376.6737998196	376.6737998276	376.6737998266	376.6737998266	376.6737998266	376.6737998236	376.6737998256	376.6737998256	376.6737998377	376.6737998377	376.6737998377	376.6737998277	376.6737998277	376.6737998277	376.6737998277	376.6737998317	376.6737998317	376.6737998356	376.6737998156	376.6737998156	376.6737998256	376.6737998208	376.6737998208	376.6737998166	376.6737998166	376.6737998196	376.6737998196	376.6737998576	266.0757998554	98.8457988224	75.2960866409	75.2960866399	75.2960866399	75.2960866349	75.2960866449	75.2960866449	75.2960866449	75.2960866424	17.452940666	0	18.5464628572	21.6010949992	23.4985215374	23.4985215374	23.4985215374	23.4985215374	24.9193675992	25.5389838814	25.5389838814	27.8700157134	27.8700157134	32.1279017224	143.3585130524	309.6713990724	357.1299988124	357.1299988124	357.1299988124	357.1299988154	357.1299988104	357.1299988104	357.1299988154	357.1299988084	357.1299988084	357.1299988034	357.1299988034	407.4393997493	407.4393997493	407.4393997424	407.4393997624	407.4393997634	407.4393997634	407.4393997684	407.4393997584	407.4393997464	407.4393997464	407.4393997164	407.4393997514	407.4393997514	407.4393997114	407.4393997114	426.3841998084	426.3841998054	426.3841998054	426.3841998034	426.3841998134	426.3841998094	426.3841998094	426.3841998124	426.3841998024	426.3841998124	426.3841998124	426.3841998124	426.3841998224	426.3841998224	426.3841998124	426.3841998124	426.3841998124	426.3841998024	426.3841998084	426.3841998184
Podarcis_liolepis	376.6737998364	376.6737998364	376.6737998364	376.6737998364	376.6737998374	376.6737998244	376.6737998244	376.6737998244	376.6737998244	376.6737998254	376.6737998254	376.6737998264	376.6737998254	376.6737998294	376.6737998244	376.6737998224	376.6737998264	376.6737998264	376.6737998264	376.6737998254	376.6737998184	376.6737998164	376.6737998264	376.6737998264	376.6737998204	376.6737998204	376.6737998204	376.6737998204	376.6737998204	376.6737998204	376.6737998204	376.6737998204	376.6737998284	376.6737998274	376.6737998274	376.6737998274	376.6737998244	376.6737998264	376.6737998264	376.6737998385	376.6737998385	376.6737998385	376.6737998285	376.6737998285	376.6737998285	376.6737998285	376.6737998325	376.6737998325	376.6737998364	376.6737998164	376.6737998164	376.6737998264	376.6737998216	376.6737998216	376.6737998174	376.6737998174	376.6737998204	376.6737998204	376.6737998584	266.0757998562	98.8457988232	75.2960866417	75.2960866407	75.2960866407	75.2960866357	75.2960866457	75.2960866457	75.2960866457	75.2960866432	18.5464628572	18.5464628572	0	21.601095	23.4985215382	23.4985215382	23.4985215382	23.4985215382	24.9193676	25.5389838822	25.5389838822	27.8700157142	27.8700157142	32.1279017232	143.3585130532	309.6713990732	357.1299988132	357.1299988132	357.1299988132	357.1299988162	357.1299988112	357.1299988112	357.1299988162	357.1299988092	357.1299988092	357.1299988042	357.1299988042	407.4393997501	407.4393997501	407.4393997432	407.4393997632	407.4393997642	407.4393997642	407.4393997692	407.4393997592	407.4393997472	407.4393997472	407.4393997172	407.4393997522	407.4393997522	407.4393997122	407.4393997122	426.3841998092	426.3841998062	426.3841998062	426.3841998042	426.3841998142	426.3841998102	426.3841998102	426.3841998132	426.3841998032	426.3841998132	426.3841998132	426.3841998132	426.3841998232	426.3841998232	426.3841998132	426.3841998132	426.3841998132	426.3841998032	426.3841998092	426.3841998192
Podarcis_muralis	376.6737998364	376.6737998364	376.6737998364	376.6737998364	376.6737998374	376.6737998244	376.6737998244	376.6737998244	376.6737998244	376.6737998254	376.6737998254	376.6737998264	376.6737998254	376.6737998294	376.6737998244	376.6737998224	376.6737998264	376.6737998264	376.6737998264	376.6737998254	376.6737998184	376.6737998164	376.6737998264	376.6737998264	376.6737998204	376.6737998204	376.6737998204	376.6737998204	376.6737998204	376.6737998204	376.6737998204	376.6737998204	376.6737998284	376.6737998274	376.6737998274	376.6737998274	376.6737998244	376.6737998264	376.6737998264	376.6737998385	376.6737998385	376.6737998385	376.6737998285	376.6737998285	376.6737998285	376.6737998285	376.6737998325	376.6737998325	376.6737998364	376.6737998164	376.6737998164	376.6737998264	376.6737998216	376.6737998216	376.6737998174	376.6737998174	376.6737998204	376.6737998204	376.6737998584	266.0757998562	98.8457988232	75.2960866417	75.2960866407	75.2960866407	75.2960866357	75.2960866457	75.2960866457	75.2960866457	75.2960866432	21.6010949992	21.6010949992	21.601095	0	23.4985215382	23.4985215382	23.4985215382	23.4985215382	24.9193676	25.5389838822	25.5389838822	27.8700157142	27.8700157142	32.1279017232	143.3585130532	309.6713990732	357.1299988132	357.1299988132	357.1299988132	357.1299988162	357.1299988112	357.1299988112	357.1299988162	357.1299988092	357.1299988092	357.1299988042	357.1299988042	407.4393997501	407.4393997501	407.4393997432	407.4393997632	407.4393997642	407.4393997642	407.4393997692	407.4393997592	407.4393997472	407.4393997472	407.4393997172	407.4393997522	407.4393997522	407.4393997122	407.4393997122	426.3841998092	426.3841998062	426.3841998062	426.3841998042	426.3841998142	426.3841998102	426.3841998102	426.3841998132	426.3841998032	426.3841998132	426.3841998132	426.3841998132	426.3841998232	426.3841998232	426.3841998132	426.3841998132	426.3841998132	426.3841998032	426.3841998092	426.3841998192
Podarcis_raffonei	376.6737998362	376.6737998362	376.6737998362	376.6737998362	376.6737998372	376.6737998242	376.6737998242	376.6737998242	376.6737998242	376.6737998252	376.6737998252	376.6737998262	376.6737998252	376.6737998292	376.6737998242	376.6737998222	376.6737998262	376.6737998262	376.6737998262	376.6737998252	376.6737998182	376.6737998162	376.6737998262	376.6737998262	376.6737998202	376.6737998202	376.6737998202	376.6737998202	376.6737998202	376.6737998202	376.6737998202	376.6737998202	376.6737998282	376.6737998272	376.6737998272	376.6737998272	376.6737998242	376.6737998262	376.6737998262	376.6737998383	376.6737998383	376.6737998383	376.6737998283	376.6737998283	376.6737998283	376.6737998283	376.6737998323	376.6737998323	376.6737998362	376.6737998162	376.6737998162	376.6737998262	376.6737998214	376.6737998214	376.6737998172	376.6737998172	376.6737998202	376.6737998202	376.6737998582	266.075799856	98.845798823	75.2960866415	75.2960866405	75.2960866405	75.2960866355	75.2960866455	75.2960866455	75.2960866455	75.296086643	23.4985215374	23.4985215374	23.4985215382	23.4985215382	0	14.675950666	21.1180584	21.1180584	24.9193675998	25.538983882	25.538983882	27.870015714	27.870015714	32.127901723	143.358513053	309.671399073	357.129998813	357.129998813	357.129998813	357.129998816	357.129998811	357.129998811	357.129998816	357.129998809	357.129998809	357.129998804	357.129998804	407.4393997499	407.4393997499	407.439399743	407.439399763	407.439399764	407.439399764	407.439399769	407.439399759	407.439399747	407.439399747	407.439399717	407.439399752	407.439399752	407.439399712	407.439399712	426.384199809	426.384199806	426.384199806	426.384199804	426.384199814	426.38419981	426.38419981	426.384199813	426.384199803	426.384199813	426.384199813	426.384199813	426.384199823	426.384199823	426.384199813	426.384199813	426.384199813	426.384199803	426.384199809	426.384199819
Podarcis_siculus	376.6737998362	376.6737998362	376.6737998362	376.6737998362	376.6737998372	376.6737998242	376.6737998242	376.6737998242	376.6737998242	376.6737998252	376.6737998252	376.6737998262	376.6737998252	376.6737998292	376.6737998242	376.6737998222	376.6737998262	376.6737998262	376.6737998262	376.6737998252	376.6737998182	376.6737998162	376.6737998262	376.6737998262	376.6737998202	376.6737998202	376.6737998202	376.6737998202	376.6737998202	376.6737998202	376.6737998202	376.6737998202	376.6737998282	376.6737998272	376.6737998272	376.6737998272	376.6737998242	376.6737998262	376.6737998262	376.6737998383	376.6737998383	376.6737998383	376.6737998283	376.6737998283	376.6737998283	376.6737998283	376.6737998323	376.6737998323	376.6737998362	376.6737998162	376.6737998162	376.6737998262	376.6737998214	376.6737998214	376.6737998172	376.6737998172	376.6737998202	376.6737998202	376.6737998582	266.075799856	98.845798823	75.2960866415	75.2960866405	75.2960866405	75.2960866355	75.2960866455	75.2960866455	75.2960866455	75.296086643	23.4985215374	23.4985215374	23.4985215382	23.4985215382	14.675950666	0	21.1180584	21.1180584	24.9193675998	25.538983882	25.538983882	27.870015714	27.870015714	32.127901723	143.358513053	309.671399073	357.129998813	357.129998813	357.129998813	357.129998816	357.129998811	357.129998811	357.129998816	357.129998809	357.129998809	357.129998804	357.129998804	407.4393997499	407.4393997499	407.439399743	407.439399763	407.439399764	407.439399764	407.439399769	407.439399759	407.439399747	407.439399747	407.439399717	407.439399752	407.439399752	407.439399712	407.439399712	426.384199809	426.384199806	426.384199806	426.384199804	426.384199814	426.38419981	426.38419981	426.384199813	426.384199803	426.384199813	426.384199813	426.384199813	426.384199823	426.384199823	426.384199813	426.384199813	426.384199813	426.384199803	426.384199809	426.384199819
Podarcis_tiliguerta	376.6737998362	376.6737998362	376.6737998362	376.6737998362	376.6737998372	376.6737998242	376.6737998242	376.6737998242	376.6737998242	376.6737998252	376.6737998252	376.6737998262	376.6737998252	376.6737998292	376.6737998242	376.6737998222	376.6737998262	376.6737998262	376.6737998262	376.6737998252	376.6737998182	376.6737998162	376.6737998262	376.6737998262	376.6737998202	376.6737998202	376.6737998202	376.6737998202	376.6737998202	376.6737998202	376.6737998202	376.6737998202	376.6737998282	376.6737998272	376.6737998272	376.6737998272	376.6737998242	376.6737998262	376.6737998262	376.6737998383	376.6737998383	376.6737998383	376.6737998283	376.6737998283	376.6737998283	376.6737998283	376.6737998323	376.6737998323	376.6737998362	376.6737998162	376.6737998162	376.6737998262	376.6737998214	376.6737998214	376.6737998172	376.6737998172	376.6737998202	376.6737998202	376.6737998582	266.075799856	98.845798823	75.2960866415	75.2960866405	75.2960866405	75.2960866355	75.2960866455	75.2960866455	75.2960866455	75.296086643	23.4985215374	23.4985215374	23.4985215382	23.4985215382	21.1180584	21.1180584	0	17.638734	24.9193675998	25.538983882	25.538983882	27.870015714	27.870015714	32.127901723	143.358513053	309.671399073	357.129998813	357.129998813	357.129998813	357.129998816	357.129998811	357.129998811	357.129998816	357.129998809	357.129998809	357.129998804	357.129998804	407.4393997499	407.4393997499	407.439399743	407.439399763	407.439399764	407.439399764	407.439399769	407.439399759	407.439399747	407.439399747	407.439399717	407.439399752	407.439399752	407.439399712	407.439399712	426.384199809	426.384199806	426.384199806	426.384199804	426.384199814	426.38419981	426.38419981	426.384199813	426.384199803	426.384199813	426.384199813	426.384199813	426.384199823	426.384199823	426.384199813	426.384199813	426.384199813	426.384199803	426.384199809	426.384199819
Podarcis_filfolensis	376.6737998362	376.6737998362	376.6737998362	376.6737998362	376.6737998372	376.6737998242	376.6737998242	376.6737998242	376.6737998242	376.6737998252	376.6737998252	376.6737998262	376.6737998252	376.6737998292	376.6737998242	376.6737998222	376.6737998262	376.6737998262	376.6737998262	376.6737998252	376.6737998182	376.6737998162	376.6737998262	376.6737998262	376.6737998202	376.6737998202	376.6737998202	376.6737998202	376.6737998202	376.6737998202	376.6737998202	376.6737998202	376.6737998282	376.6737998272	376.6737998272	376.6737998272	376.6737998242	376.6737998262	376.6737998262	376.6737998383	376.6737998383	376.6737998383	376.6737998283	376.6737998283	376.6737998283	376.6737998283	376.6737998323	376.6737998323	376.6737998362	376.6737998162	376.6737998162	376.6737998262	376.6737998214	376.6737998214	376.6737998172	376.6737998172	376.6737998202	376.6737998202	376.6737998582	266.075799856	98.845798823	75.2960866415	75.2960866405	75.2960866405	75.2960866355	75.2960866455	75.2960866455	75.2960866455	75.296086643	23.4985215374	23.4985215374	23.4985215382	23.4985215382	21.1180584	21.1180584	17.638734	0	24.9193675998	25.538983882	25.538983882	27.870015714	27.870015714	32.127901723	143.358513053	309.671399073	357.129998813	357.129998813	357.129998813	357.129998816	357.129998811	357.129998811	357.129998816	357.129998809	357.129998809	357.129998804	357.129998804	407.4393997499	407.4393997499	407.439399743	407.439399763	407.439399764	407.439399764	407.439399769	407.439399759	407.439399747	407.439399747	407.439399717	407.439399752	407.439399752	407.439399712	407.439399712	426.384199809	426.384199806	426.384199806	426.384199804	426.384199814	426.38419981	426.38419981	426.384199813	426.384199803	426.384199813	426.384199813	426.384199813	426.384199823	426.384199823	426.384199813	426.384199813	426.384199813	426.384199803	426.384199809	426.384199819
Podarcis_cretensis	376.6737998364	376.6737998364	376.6737998364	376.6737998364	376.6737998374	376.6737998244	376.6737998244	376.6737998244	376.6737998244	376.6737998254	376.6737998254	376.6737998264	376.6737998254	376.6737998294	376.6737998244	376.6737998224	376.6737998264	376.6737998264	376.6737998264	376.6737998254	376.6737998184	376.6737998164	376.6737998264	376.6737998264	376.6737998204	376.6737998204	376.6737998204	376.6737998204	376.6737998204	376.6737998204	376.6737998204	376.6737998204	376.6737998284	376.6737998274	376.6737998274	376.6737998274	376.6737998244	376.6737998264	376.6737998264	376.6737998385	376.6737998385	376.6737998385	376.6737998285	376.6737998285	376.6737998285	376.6737998285	376.6737998325	376.6737998325	376.6737998364	376.6737998164	376.6737998164	376.6737998264	376.6737998216	376.6737998216	376.6737998174	376.6737998174	376.6737998204	376.6737998204	376.6737998584	266.0757998562	98.8457988232	75.2960866417	75.2960866407	75.2960866407	75.2960866357	75.2960866457	75.2960866457	75.2960866457	75.2960866432	24.9193675992	24.9193675992	24.9193676	24.9193676	24.9193675998	24.9193675998	24.9193675998	24.9193675998	0	25.5389838822	25.5389838822	27.8700157142	27.8700157142	32.1279017232	143.3585130532	309.6713990732	357.1299988132	357.1299988132	357.1299988132	357.1299988162	357.1299988112	357.1299988112	357.1299988162	357.1299988092	357.1299988092	357.1299988042	357.1299988042	407.4393997501	407.4393997501	407.4393997432	407.4393997632	407.4393997642	407.4393997642	407.4393997692	407.4393997592	407.4393997472	407.4393997472	407.4393997172	407.4393997522	407.4393997522	407.4393997122	407.4393997122	426.3841998092	426.3841998062	426.3841998062	426.3841998042	426.3841998142	426.3841998102	426.3841998102	426.3841998132	426.3841998032	426.3841998132	426.3841998132	426.3841998132	426.3841998232	426.3841998232	426.3841998132	426.3841998132	426.3841998132	426.3841998032	426.3841998092	426.3841998192
Podarcis_pityusensis	376.6737998362	376.6737998362	376.6737998362	376.6737998362	376.6737998372	376.6737998242	376.6737998242	376.6737998242	376.6737998242	376.6737998252	376.6737998252	376.6737998262	376.6737998252	376.6737998292	376.6737998242	376.6737998222	376.6737998262	376.6737998262	376.6737998262	376.6737998252	376.6737998182	376.6737998162	376.6737998262	376.6737998262	376.6737998202	376.6737998202	376.6737998202	376.6737998202	376.6737998202	376.6737998202	376.6737998202	376.6737998202	376.6737998282	376.6737998272	376.6737998272	376.6737998272	376.6737998242	376.6737998262	376.6737998262	376.6737998383	376.6737998383	376.6737998383	376.6737998283	376.6737998283	376.6737998283	376.6737998283	376.6737998323	376.6737998323	376.6737998362	376.6737998162	376.6737998162	376.6737998262	376.6737998214	376.6737998214	376.6737998172	376.6737998172	376.6737998202	376.6737998202	376.6737998582	266.075799856	98.845798823	75.2960866415	75.2960866405	75.2960866405	75.2960866355	75.2960866455	75.2960866455	75.2960866455	75.296086643	25.5389838814	25.5389838814	25.5389838822	25.5389838822	25.538983882	25.538983882	25.538983882	25.538983882	25.5389838822	0	9.038656	27.870015714	27.870015714	32.127901723	143.358513053	309.671399073	357.129998813	357.129998813	357.129998813	357.129998816	357.129998811	357.129998811	357.129998816	357.129998809	357.129998809	357.129998804	357.129998804	407.4393997499	407.4393997499	407.439399743	407.439399763	407.439399764	407.439399764	407.439399769	407.439399759	407.439399747	407.439399747	407.439399717	407.439399752	407.439399752	407.439399712	407.439399712	426.384199809	426.384199806	426.384199806	426.384199804	426.384199814	426.38419981	426.38419981	426.384199813	426.384199803	426.384199813	426.384199813	426.384199813	426.384199823	426.384199823	426.384199813	426.384199813	426.384199813	426.384199803	426.384199809	426.384199819
Podarcis_lilfordi	376.6737998362	376.6737998362	376.6737998362	376.6737998362	376.6737998372	376.6737998242	376.6737998242	376.6737998242	376.6737998242	376.6737998252	376.6737998252	376.6737998262	376.6737998252	376.6737998292	376.6737998242	376.6737998222	376.6737998262	376.6737998262	376.6737998262	376.6737998252	376.6737998182	376.6737998162	376.6737998262	376.6737998262	376.6737998202	376.6737998202	376.6737998202	376.6737998202	376.6737998202	376.6737998202	376.6737998202	376.6737998202	376.6737998282	376.6737998272	376.6737998272	376.6737998272	376.6737998242	376.6737998262	376.6737998262	376.6737998383	376.6737998383	376.6737998383	376.6737998283	376.6737998283	376.6737998283	376.6737998283	376.6737998323	376.6737998323	376.6737998362	376.6737998162	376.6737998162	376.6737998262	376.6737998214	376.6737998214	376.6737998172	376.6737998172	376.6737998202	376.6737998202	376.6737998582	266.075799856	98.845798823	75.2960866415	75.2960866405	75.2960866405	75.2960866355	75.2960866455	75.2960866455	75.2960866455	75.296086643	25.5389838814	25.5389838814	25.5389838822	25.5389838822	25.538983882	25.538983882	25.538983882	25.538983882	25.5389838822	9.038656	0	27.870015714	27.870015714	32.127901723	143.358513053	309.671399073	357.129998813	357.129998813	357.129998813	357.129998816	357.129998811	357.129998811	357.129998816	357.129998809	357.129998809	357.129998804	357.129998804	407.4393997499	407.4393997499	407.439399743	407.439399763	407.439399764	407.439399764	407.439399769	407.439399759	407.439399747	407.439399747	407.439399717	407.439399752	407.439399752	407.439399712	407.439399712	426.384199809	426.384199806	426.384199806	426.384199804	426.384199814	426.38419981	426.38419981	426.384199813	426.384199803	426.384199813	426.384199813	426.384199813	426.384199823	426.384199823	426.384199813	426.384199813	426.384199813	426.384199803	426.384199809	426.384199819
Podarcis_gaigeae	376.6737998362	376.6737998362	376.6737998362	376.6737998362	376.6737998372	376.6737998242	376.6737998242	376.6737998242	376.6737998242	376.6737998252	376.6737998252	376.6737998262	376.6737998252	376.6737998292	376.6737998242	376.6737998222	376.6737998262	376.6737998262	376.6737998262	376.6737998252	376.6737998182	376.6737998162	376.6737998262	376.6737998262	376.6737998202	376.6737998202	376.6737998202	376.6737998202	376.6737998202	376.6737998202	376.6737998202	376.6737998202	376.6737998282	376.6737998272	376.6737998272	376.6737998272	376.6737998242	376.6737998262	376.6737998262	376.6737998383	376.6737998383	376.6737998383	376.6737998283	376.6737998283	376.6737998283	376.6737998283	376.6737998323	376.6737998323	376.6737998362	376.6737998162	376.6737998162	376.6737998262	376.6737998214	376.6737998214	376.6737998172	376.6737998172	376.6737998202	376.6737998202	376.6737998582	266.075799856	98.845798823	75.2960866415	75.2960866405	75.2960866405	75.2960866355	75.2960866455	75.2960866455	75.2960866455	75.296086643	27.8700157134	27.8700157134	27.8700157142	27.8700157142	27.870015714	27.870015714	27.870015714	27.870015714	27.8700157142	27.870015714	27.870015714	0	15.861154	32.127901723	143.358513053	309.671399073	357.129998813	357.129998813	357.129998813	357.129998816	357.129998811	357.129998811	357.129998816	357.129998809	357.129998809	357.129998804	357.129998804	407.4393997499	407.4393997499	407.439399743	407.439399763	407.439399764	407.439399764	407.439399769	407.439399759	407.439399747	407.439399747	407.439399717	407.439399752	407.439399752	407.439399712	407.439399712	426.384199809	426.384199806	426.384199806	426.384199804	426.384199814	426.38419981	426.38419981	426.384199813	426.384199803	426.384199813	426.384199813	426.384199813	426.384199823	426.384199823	426.384199813	426.384199813	426.384199813	426.384199803	426.384199809	426.384199819
Podarcis_melisellensis	376.6737998362	376.6737998362	376.6737998362	376.6737998362	376.6737998372	376.6737998242	376.6737998242	376.6737998242	376.6737998242	376.6737998252	376.6737998252	376.6737998262	376.6737998252	376.6737998292	376.6737998242	376.6737998222	376.6737998262	376.6737998262	376.6737998262	376.6737998252	376.6737998182	376.6737998162	376.6737998262	376.6737998262	376.6737998202	376.6737998202	376.6737998202	376.6737998202	376.6737998202	376.6737998202	376.6737998202	376.6737998202	376.6737998282	376.6737998272	376.6737998272	376.6737998272	376.6737998242	376.6737998262	376.6737998262	376.6737998383	376.6737998383	376.6737998383	376.6737998283	376.6737998283	376.6737998283	376.6737998283	376.6737998323	376.6737998323	376.6737998362	376.6737998162	376.6737998162	376.6737998262	376.6737998214	376.6737998214	376.6737998172	376.6737998172	376.6737998202	376.6737998202	376.6737998582	266.075799856	98.845798823	75.2960866415	75.2960866405	75.2960866405	75.2960866355	75.2960866455	75.2960866455	75.2960866455	75.296086643	27.8700157134	27.8700157134	27.8700157142	27.8700157142	27.870015714	27.870015714	27.870015714	27.870015714	27.8700157142	27.870015714	27.870015714	15.861154	0	32.127901723	143.358513053	309.671399073	357.129998813	357.129998813	357.129998813	357.129998816	357.129998811	357.129998811	357.129998816	357.129998809	357.129998809	357.129998804	357.129998804	407.4393997499	407.4393997499	407.439399743	407.439399763	407.439399764	407.439399764	407.439399769	407.439399759	407.439399747	407.439399747	407.439399717	407.439399752	407.439399752	407.439399712	407.439399712	426.384199809	426.384199806	426.384199806	426.384199804	426.384199814	426.38419981	426.38419981	426.384199813	426.384199803	426.384199813	426.384199813	426.384199813	426.384199823	426.384199823	426.384199813	426.384199813	426.384199813	426.384199803	426.384199809	426.384199819
Podarcis_erhardii	376.6737998332	376.6737998332	376.6737998332	376.6737998332	376.6737998342	376.6737998212	376.6737998212	376.6737998212	376.6737998212	376.6737998222	376.6737998222	376.6737998232	376.6737998222	376.6737998262	376.6737998212	376.6737998192	376.6737998232	376.6737998232	376.6737998232	376.6737998222	376.6737998152	376.6737998132	376.6737998232	376.6737998232	376.6737998172	376.6737998172	376.6737998172	376.6737998172	376.6737998172	376.6737998172	376.6737998172	376.6737998172	376.6737998252	376.6737998242	376.6737998242	376.6737998242	376.6737998212	376.6737998232	376.6737998232	376.6737998353	376.6737998353	376.6737998353	376.6737998253	376.6737998253	376.6737998253	376.6737998253	376.6737998293	376.6737998293	376.6737998332	376.6737998132	376.6737998132	376.6737998232	376.6737998184	376.6737998184	376.6737998142	376.6737998142	376.6737998172	376.6737998172	376.6737998552	266.075799853	98.84579882	75.2960866385	75.2960866375	75.2960866375	75.2960866325	75.2960866425	75.2960866425	75.2960866425	75.29608664	32.1279017224	32.1279017224	32.1279017232	32.1279017232	32.127901723	32.127901723	32.127901723	32.127901723	32.1279017232	32.127901723	32.127901723	32.127901723	32.127901723	0	143.35851305	309.67139907	357.12999881	357.12999881	357.12999881	357.129998813	357.129998808	357.129998808	357.129998813	357.129998806	357.129998806	357.129998801	357.129998801	407.4393997469	407.4393997469	407.43939974	407.43939976	407.439399761	407.439399761	407.439399766	407.439399756	407.439399744	407.439399744	407.439399714	407.439399749	407.439399749	407.439399709	407.439399709	426.384199806	426.384199803	426.384199803	426.384199801	426.384199811	426.384199807	426.384199807	426.38419981	426.3841998	426.38419981	426.38419981	426.38419981	426.38419982	426.38419982	426.38419981	426.38419981	426.38419981	426.3841998	426.384199806	426.384199816
Gallotia_galloti	376.6737998432	376.6737998432	376.6737998432	376.6737998432	376.6737998442	376.6737998312	376.6737998312	376.6737998312	376.6737998312	376.6737998322	376.6737998322	376.6737998332	376.6737998322	376.6737998362	376.6737998312	376.6737998292	376.6737998332	376.6737998332	376.6737998332	376.6737998322	376.6737998252	376.6737998232	376.6737998332	376.6737998332	376.6737998272	376.6737998272	376.6737998272	376.6737998272	376.6737998272	376.6737998272	376.6737998272	376.6737998272	376.6737998352	376.6737998342	376.6737998342	376.6737998342	376.6737998312	376.6737998332	376.6737998332	376.6737998453	376.6737998453	376.6737998453	376.6737998353	376.6737998353	376.6737998353	376.6737998353	376.6737998393	376.6737998393	376.6737998432	376.6737998232	376.6737998232	376.6737998332	376.6737998284	376.6737998284	376.6737998242	376.6737998242	376.6737998272	376.6737998272	376.6737998652	266.075799863	143.35851305	143.3585130485	143.3585130475	143.3585130475	143.3585130425	143.3585130525	143.3585130525	143.3585130525	143.35851305	143.3585130524	143.3585130524	143.3585130532	143.3585130532	143.358513053	143.358513053	143.358513053	143.358513053	143.3585130532	143.358513053	143.358513053	143.358513053	143.358513053	143.35851305	0	309.67139908	357.12999882	357.12999882	357.12999882	357.129998823	357.129998818	357.129998818	357.129998823	357.129998816	357.129998816	357.129998811	357.129998811	407.4393997569	407.4393997569	407.43939975	407.43939977	407.439399771	407.439399771	407.439399776	407.439399766	407.439399754	407.439399754	407.439399724	407.439399759	407.439399759	407.439399719	407.439399719	426.384199816	426.384199813	426.384199813	426.384199811	426.384199821	426.384199817	426.384199817	426.38419982	426.38419981	426.38419982	426.38419982	426.38419982	426.38419983	426.38419983	426.38419982	426.38419982	426.38419982	426.38419981	426.384199816	426.384199826
Rhineura_floridana	376.6737997632	376.6737997632	376.6737997632	376.6737997632	376.6737997642	376.6737997512	376.6737997512	376.6737997512	376.6737997512	376.6737997522	376.6737997522	376.6737997532	376.6737997522	376.6737997562	376.6737997512	376.6737997492	376.6737997532	376.6737997532	376.6737997532	376.6737997522	376.6737997452	376.6737997432	376.6737997532	376.6737997532	376.6737997472	376.6737997472	376.6737997472	376.6737997472	376.6737997472	376.6737997472	376.6737997472	376.6737997472	376.6737997552	376.6737997542	376.6737997542	376.6737997542	376.6737997512	376.6737997532	376.6737997532	376.6737997653	376.6737997653	376.6737997653	376.6737997553	376.6737997553	376.6737997553	376.6737997553	376.6737997593	376.6737997593	376.6737997632	376.6737997432	376.6737997432	376.6737997532	376.6737997484	376.6737997484	376.6737997442	376.6737997442	376.6737997472	376.6737997472	376.6737997852	266.075799783	309.67139907	309.6713990685	309.6713990675	309.6713990675	309.6713990625	309.6713990725	309.6713990725	309.6713990725	309.67139907	309.6713990724	309.6713990724	309.6713990732	309.6713990732	309.671399073	309.671399073	309.671399073	309.671399073	309.6713990732	309.671399073	309.671399073	309.671399073	309.671399073	309.67139907	309.67139908	0	357.12999874	357.12999874	357.12999874	357.129998743	357.129998738	357.129998738	357.129998743	357.129998736	357.129998736	357.129998731	357.129998731	407.4393996769	407.4393996769	407.43939967	407.43939969	407.439399691	407.439399691	407.439399696	407.439399686	407.439399674	407.439399674	407.439399644	407.439399679	407.439399679	407.439399639	407.439399639	426.384199736	426.384199733	426.384199733	426.384199731	426.384199741	426.384199737	426.384199737	426.38419974	426.38419973	426.38419974	426.38419974	426.38419974	426.38419975	426.38419975	426.38419974	426.38419974	426.38419974	426.38419973	426.384199736	426.384199746
Tretioscincus_oriximinensis	376.6737998432	376.6737998432	376.6737998432	376.6737998432	376.6737998442	376.6737998312	376.6737998312	376.6737998312	376.6737998312	376.6737998322	376.6737998322	376.6737998332	376.6737998322	376.6737998362	376.6737998312	376.6737998292	376.6737998332	376.6737998332	376.6737998332	376.6737998322	376.6737998252	376.6737998232	376.6737998332	376.6737998332	376.6737998272	376.6737998272	376.6737998272	376.6737998272	376.6737998272	376.6737998272	376.6737998272	376.6737998272	376.6737998352	376.6737998342	376.6737998342	376.6737998342	376.6737998312	376.6737998332	376.6737998332	376.6737998453	376.6737998453	376.6737998453	376.6737998353	376.6737998353	376.6737998353	376.6737998353	376.6737998393	376.6737998393	376.6737998432	376.6737998232	376.6737998232	376.6737998332	376.6737998284	376.6737998284	376.6737998242	376.6737998242	376.6737998272	376.6737998272	376.6737998652	266.075799863	357.12999881	357.1299988085	357.1299988075	357.1299988075	357.1299988025	357.1299988125	357.1299988125	357.1299988125	357.12999881	357.1299988124	357.1299988124	357.1299988132	357.1299988132	357.129998813	357.129998813	357.129998813	357.129998813	357.1299988132	357.129998813	357.129998813	357.129998813	357.129998813	357.12999881	357.12999882	357.12999874	0	64.9939258	165.7887097	233.549598363	233.549598358	233.549598358	233.549598363	233.549598356	233.549598356	233.549598351	233.549598351	407.4393997569	407.4393997569	407.43939975	407.43939977	407.439399771	407.439399771	407.439399776	407.439399766	407.439399754	407.439399754	407.439399724	407.439399759	407.439399759	407.439399719	407.439399719	426.384199816	426.384199813	426.384199813	426.384199811	426.384199821	426.384199817	426.384199817	426.38419982	426.38419981	426.38419982	426.38419982	426.38419982	426.38419983	426.38419983	426.38419982	426.38419982	426.38419982	426.38419981	426.384199816	426.384199826
Calyptommatus_sinebrachiatus	376.6737998432	376.6737998432	376.6737998432	376.6737998432	376.6737998442	376.6737998312	376.6737998312	376.6737998312	376.6737998312	376.6737998322	376.6737998322	376.6737998332	376.6737998322	376.6737998362	376.6737998312	376.6737998292	376.6737998332	376.6737998332	376.6737998332	376.6737998322	376.6737998252	376.6737998232	376.6737998332	376.6737998332	376.6737998272	376.6737998272	376.6737998272	376.6737998272	376.6737998272	376.6737998272	376.6737998272	376.6737998272	376.6737998352	376.6737998342	376.6737998342	376.6737998342	376.6737998312	376.6737998332	376.6737998332	376.6737998453	376.6737998453	376.6737998453	376.6737998353	376.6737998353	376.6737998353	376.6737998353	376.6737998393	376.6737998393	376.6737998432	376.6737998232	376.6737998232	376.6737998332	376.6737998284	376.6737998284	376.6737998242	376.6737998242	376.6737998272	376.6737998272	376.6737998652	266.075799863	357.12999881	357.1299988085	357.1299988075	357.1299988075	357.1299988025	357.1299988125	357.1299988125	357.1299988125	357.12999881	357.1299988124	357.1299988124	357.1299988132	357.1299988132	357.129998813	357.129998813	357.129998813	357.129998813	357.1299988132	357.129998813	357.129998813	357.129998813	357.129998813	357.12999881	357.12999882	357.12999874	64.9939258	0	165.7887097	233.549598363	233.549598358	233.549598358	233.549598363	233.549598356	233.549598356	233.549598351	233.549598351	407.4393997569	407.4393997569	407.43939975	407.43939977	407.439399771	407.439399771	407.439399776	407.439399766	407.439399754	407.439399754	407.439399724	407.439399759	407.439399759	407.439399719	407.439399719	426.384199816	426.384199813	426.384199813	426.384199811	426.384199821	426.384199817	426.384199817	426.38419982	426.38419981	426.38419982	426.38419982	426.38419982	426.38419983	426.38419983	426.38419982	426.38419982	426.38419982	426.38419981	426.384199816	426.384199826
Bachia_flavescens	376.6737998432	376.6737998432	376.6737998432	376.6737998432	376.6737998442	376.6737998312	376.6737998312	376.6737998312	376.6737998312	376.6737998322	376.6737998322	376.6737998332	376.6737998322	376.6737998362	376.6737998312	376.6737998292	376.6737998332	376.6737998332	376.6737998332	376.6737998322	376.6737998252	376.6737998232	376.6737998332	376.6737998332	376.6737998272	376.6737998272	376.6737998272	376.6737998272	376.6737998272	376.6737998272	376.6737998272	376.6737998272	376.6737998352	376.6737998342	376.6737998342	376.6737998342	376.6737998312	376.6737998332	376.6737998332	376.6737998453	376.6737998453	376.6737998453	376.6737998353	376.6737998353	376.6737998353	376.6737998353	376.6737998393	376.6737998393	376.6737998432	376.6737998232	376.6737998232	376.6737998332	376.6737998284	376.6737998284	376.6737998242	376.6737998242	376.6737998272	376.6737998272	376.6737998652	266.075799863	357.12999881	357.1299988085	357.1299988075	357.1299988075	357.1299988025	357.1299988125	357.1299988125	357.1299988125	357.12999881	357.1299988124	357.1299988124	357.1299988132	357.1299988132	357.129998813	357.129998813	357.129998813	357.129998813	357.1299988132	357.129998813	357.129998813	357.129998813	357.129998813	357.12999881	357.12999882	357.12999874	165.7887097	165.7887097	0	233.549598363	233.549598358	233.549598358	233.549598363	233.549598356	233.549598356	233.549598351	233.549598351	407.4393997569	407.4393997569	407.43939975	407.43939977	407.439399771	407.439399771	407.439399776	407.439399766	407.439399754	407.439399754	407.439399724	407.439399759	407.439399759	407.439399719	407.439399719	426.384199816	426.384199813	426.384199813	426.384199811	426.384199821	426.384199817	426.384199817	426.38419982	426.38419981	426.38419982	426.38419982	426.38419982	426.38419983	426.38419983	426.38419982	426.38419982	426.38419982	426.38419981	426.384199816	426.384199826
Aspidoscelis_angusticeps	376.6737998462	376.6737998462	376.6737998462	376.6737998462	376.6737998472	376.6737998342	376.6737998342	376.6737998342	376.6737998342	376.6737998352	376.6737998352	376.6737998362	376.6737998352	376.6737998392	376.6737998342	376.6737998322	376.6737998362	376.6737998362	376.6737998362	376.6737998352	376.6737998282	376.6737998262	376.6737998362	376.6737998362	376.6737998302	376.6737998302	376.6737998302	376.6737998302	376.6737998302	376.6737998302	376.6737998302	376.6737998302	376.6737998382	376.6737998372	376.6737998372	376.6737998372	376.6737998342	376.6737998362	376.6737998362	376.6737998483	376.6737998483	376.6737998483	376.6737998383	376.6737998383	376.6737998383	376.6737998383	376.6737998423	376.6737998423	376.6737998462	376.6737998262	376.6737998262	376.6737998362	376.6737998314	376.6737998314	376.6737998272	376.6737998272	376.6737998302	376.6737998302	376.6737998682	266.075799866	357.129998813	357.1299988115	357.1299988105	357.1299988105	357.1299988055	357.1299988155	357.1299988155	357.1299988155	357.129998813	357.1299988154	357.1299988154	357.1299988162	357.1299988162	357.129998816	357.129998816	357.129998816	357.129998816	357.1299988162	357.129998816	357.129998816	357.129998816	357.129998816	357.129998813	357.129998823	357.129998743	233.549598363	233.549598363	233.549598363	0	35.664815095	35.664815095	67.00403524	72.386251757	72.386251757	224.844398372	224.844398372	407.4393997599	407.4393997599	407.439399753	407.439399773	407.439399774	407.439399774	407.439399779	407.439399769	407.439399757	407.439399757	407.439399727	407.439399762	407.439399762	407.439399722	407.439399722	426.384199819	426.384199816	426.384199816	426.384199814	426.384199824	426.38419982	426.38419982	426.384199823	426.384199813	426.384199823	426.384199823	426.384199823	426.384199833	426.384199833	426.384199823	426.384199823	426.384199823	426.384199813	426.384199819	426.384199829
Aspidoscelis_marmoratus	376.6737998412	376.6737998412	376.6737998412	376.6737998412	376.6737998422	376.6737998292	376.6737998292	376.6737998292	376.6737998292	376.6737998302	376.6737998302	376.6737998312	376.6737998302	376.6737998342	376.6737998292	376.6737998272	376.6737998312	376.6737998312	376.6737998312	376.6737998302	376.6737998232	376.6737998212	376.6737998312	376.6737998312	376.6737998252	376.6737998252	376.6737998252	376.6737998252	376.6737998252	376.6737998252	376.6737998252	376.6737998252	376.6737998332	376.6737998322	376.6737998322	376.6737998322	376.6737998292	376.6737998312	376.6737998312	376.6737998433	376.6737998433	376.6737998433	376.6737998333	376.6737998333	376.6737998333	376.6737998333	376.6737998373	376.6737998373	376.6737998412	376.6737998212	376.6737998212	376.6737998312	376.6737998264	376.6737998264	376.6737998222	376.6737998222	376.6737998252	376.6737998252	376.6737998632	266.075799861	357.129998808	357.1299988065	357.1299988055	357.1299988055	357.1299988005	357.1299988105	357.1299988105	357.1299988105	357.129998808	357.1299988104	357.1299988104	357.1299988112	357.1299988112	357.129998811	357.129998811	357.129998811	357.129998811	357.1299988112	357.129998811	357.129998811	357.129998811	357.129998811	357.129998808	357.129998818	357.129998738	233.549598358	233.549598358	233.549598358	35.664815095	0	17.3454075	67.004035235	72.386251752	72.386251752	224.844398367	224.844398367	407.4393997549	407.4393997549	407.439399748	407.439399768	407.439399769	407.439399769	407.439399774	407.439399764	407.439399752	407.439399752	407.439399722	407.439399757	407.439399757	407.439399717	407.439399717	426.384199814	426.384199811	426.384199811	426.384199809	426.384199819	426.384199815	426.384199815	426.384199818	426.384199808	426.384199818	426.384199818	426.384199818	426.384199828	426.384199828	426.384199818	426.384199818	426.384199818	426.384199808	426.384199814	426.384199824
Aspidoscelis_tigris	376.6737998412	376.6737998412	376.6737998412	376.6737998412	376.6737998422	376.6737998292	376.6737998292	376.6737998292	376.6737998292	376.6737998302	376.6737998302	376.6737998312	376.6737998302	376.6737998342	376.6737998292	376.6737998272	376.6737998312	376.6737998312	376.6737998312	376.6737998302	376.6737998232	376.6737998212	376.6737998312	376.6737998312	376.6737998252	376.6737998252	376.6737998252	376.6737998252	376.6737998252	376.6737998252	376.6737998252	376.6737998252	376.6737998332	376.6737998322	376.6737998322	376.6737998322	376.6737998292	376.6737998312	376.6737998312	376.6737998433	376.6737998433	376.6737998433	376.6737998333	376.6737998333	376.6737998333	376.6737998333	376.6737998373	376.6737998373	376.6737998412	376.6737998212	376.6737998212	376.6737998312	376.6737998264	376.6737998264	376.6737998222	376.6737998222	376.6737998252	376.6737998252	376.6737998632	266.075799861	357.129998808	357.1299988065	357.1299988055	357.1299988055	357.1299988005	357.1299988105	357.1299988105	357.1299988105	357.129998808	357.1299988104	357.1299988104	357.1299988112	357.1299988112	357.129998811	357.129998811	357.129998811	357.129998811	357.1299988112	357.129998811	357.129998811	357.129998811	357.129998811	357.129998808	357.129998818	357.129998738	233.549598358	233.549598358	233.549598358	35.664815095	17.3454075	0	67.004035235	72.386251752	72.386251752	224.844398367	224.844398367	407.4393997549	407.4393997549	407.439399748	407.439399768	407.439399769	407.439399769	407.439399774	407.439399764	407.439399752	407.439399752	407.439399722	407.439399757	407.439399757	407.439399717	407.439399717	426.384199814	426.384199811	426.384199811	426.384199809	426.384199819	426.384199815	426.384199815	426.384199818	426.384199808	426.384199818	426.384199818	426.384199818	426.384199828	426.384199828	426.384199818	426.384199818	426.384199818	426.384199808	426.384199814	426.384199824
Holcosus_undulatus	376.6737998462	376.6737998462	376.6737998462	376.6737998462	376.6737998472	376.6737998342	376.6737998342	376.6737998342	376.6737998342	376.6737998352	376.6737998352	376.6737998362	376.6737998352	376.6737998392	376.6737998342	376.6737998322	376.6737998362	376.6737998362	376.6737998362	376.6737998352	376.6737998282	376.6737998262	376.6737998362	376.6737998362	376.6737998302	376.6737998302	376.6737998302	376.6737998302	376.6737998302	376.6737998302	376.6737998302	376.6737998302	376.6737998382	376.6737998372	376.6737998372	376.6737998372	376.6737998342	376.6737998362	376.6737998362	376.6737998483	376.6737998483	376.6737998483	376.6737998383	376.6737998383	376.6737998383	376.6737998383	376.6737998423	376.6737998423	376.6737998462	376.6737998262	376.6737998262	376.6737998362	376.6737998314	376.6737998314	376.6737998272	376.6737998272	376.6737998302	376.6737998302	376.6737998682	266.075799866	357.129998813	357.1299988115	357.1299988105	357.1299988105	357.1299988055	357.1299988155	357.1299988155	357.1299988155	357.129998813	357.1299988154	357.1299988154	357.1299988162	357.1299988162	357.129998816	357.129998816	357.129998816	357.129998816	357.1299988162	357.129998816	357.129998816	357.129998816	357.129998816	357.129998813	357.129998823	357.129998743	233.549598363	233.549598363	233.549598363	67.00403524	67.004035235	67.004035235	0	72.386251757	72.386251757	224.844398372	224.844398372	407.4393997599	407.4393997599	407.439399753	407.439399773	407.439399774	407.439399774	407.439399779	407.439399769	407.439399757	407.439399757	407.439399727	407.439399762	407.439399762	407.439399722	407.439399722	426.384199819	426.384199816	426.384199816	426.384199814	426.384199824	426.38419982	426.38419982	426.384199823	426.384199813	426.384199823	426.384199823	426.384199823	426.384199833	426.384199833	426.384199823	426.384199823	426.384199823	426.384199813	426.384199819	426.384199829
Kentropyx_calcarata	376.6737998392	376.6737998392	376.6737998392	376.6737998392	376.6737998402	376.6737998272	376.6737998272	376.6737998272	376.6737998272	376.6737998282	376.6737998282	376.6737998292	376.6737998282	376.6737998322	376.6737998272	376.6737998252	376.6737998292	376.6737998292	376.6737998292	376.6737998282	376.6737998212	376.6737998192	376.6737998292	376.6737998292	376.6737998232	376.6737998232	376.6737998232	376.6737998232	376.6737998232	376.6737998232	376.6737998232	376.6737998232	376.6737998312	376.6737998302	376.6737998302	376.6737998302	376.6737998272	376.6737998292	376.6737998292	376.6737998413	376.6737998413	376.6737998413	376.6737998313	376.6737998313	376.6737998313	376.6737998313	376.6737998353	376.6737998353	376.6737998392	376.6737998192	376.6737998192	376.6737998292	376.6737998244	376.6737998244	376.6737998202	376.6737998202	376.6737998232	376.6737998232	376.6737998612	266.075799859	357.129998806	357.1299988045	357.1299988035	357.1299988035	357.1299987985	357.1299988085	357.1299988085	357.1299988085	357.129998806	357.1299988084	357.1299988084	357.1299988092	357.1299988092	357.129998809	357.129998809	357.129998809	357.129998809	357.1299988092	357.129998809	357.129998809	357.129998809	357.129998809	357.129998806	357.129998816	357.129998736	233.549598356	233.549598356	233.549598356	72.386251757	72.386251752	72.386251752	72.386251757	0	66.0553684	224.844398365	224.844398365	407.4393997529	407.4393997529	407.439399746	407.439399766	407.439399767	407.439399767	407.439399772	407.439399762	407.43939975	407.43939975	407.43939972	407.439399755	407.439399755	407.439399715	407.439399715	426.384199812	426.384199809	426.384199809	426.384199807	426.384199817	426.384199813	426.384199813	426.384199816	426.384199806	426.384199816	426.384199816	426.384199816	426.384199826	426.384199826	426.384199816	426.384199816	426.384199816	426.384199806	426.384199812	426.384199822
Ameiva_ameiva	376.6737998392	376.6737998392	376.6737998392	376.6737998392	376.6737998402	376.6737998272	376.6737998272	376.6737998272	376.6737998272	376.6737998282	376.6737998282	376.6737998292	376.6737998282	376.6737998322	376.6737998272	376.6737998252	376.6737998292	376.6737998292	376.6737998292	376.6737998282	376.6737998212	376.6737998192	376.6737998292	376.6737998292	376.6737998232	376.6737998232	376.6737998232	376.6737998232	376.6737998232	376.6737998232	376.6737998232	376.6737998232	376.6737998312	376.6737998302	376.6737998302	376.6737998302	376.6737998272	376.6737998292	376.6737998292	376.6737998413	376.6737998413	376.6737998413	376.6737998313	376.6737998313	376.6737998313	376.6737998313	376.6737998353	376.6737998353	376.6737998392	376.6737998192	376.6737998192	376.6737998292	376.6737998244	376.6737998244	376.6737998202	376.6737998202	376.6737998232	376.6737998232	376.6737998612	266.075799859	357.129998806	357.1299988045	357.1299988035	357.1299988035	357.1299987985	357.1299988085	357.1299988085	357.1299988085	357.129998806	357.1299988084	357.1299988084	357.1299988092	357.1299988092	357.129998809	357.129998809	357.129998809	357.129998809	357.1299988092	357.129998809	357.129998809	357.129998809	357.129998809	357.129998806	357.129998816	357.129998736	233.549598356	233.549598356	233.549598356	72.386251757	72.386251752	72.386251752	72.386251757	66.0553684	0	224.844398365	224.844398365	407.4393997529	407.4393997529	407.439399746	407.439399766	407.439399767	407.439399767	407.439399772	407.439399762	407.43939975	407.43939975	407.43939972	407.439399755	407.439399755	407.439399715	407.439399715	426.384199812	426.384199809	426.384199809	426.384199807	426.384199817	426.384199813	426.384199813	426.384199816	426.384199806	426.384199816	426.384199816	426.384199816	426.384199826	426.384199826	426.384199816	426.384199816	426.384199816	426.384199806	426.384199812	426.384199822
Tupinambis_teguixin	376.6737998342	376.6737998342	376.6737998342	376.6737998342	376.6737998352	376.6737998222	376.6737998222	376.6737998222	376.6737998222	376.6737998232	376.6737998232	376.6737998242	376.6737998232	376.6737998272	376.6737998222	376.6737998202	376.6737998242	376.6737998242	376.6737998242	376.6737998232	376.6737998162	376.6737998142	376.6737998242	376.6737998242	376.6737998182	376.6737998182	376.6737998182	376.6737998182	376.6737998182	376.6737998182	376.6737998182	376.6737998182	376.6737998262	376.6737998252	376.6737998252	376.6737998252	376.6737998222	376.6737998242	376.6737998242	376.6737998363	376.6737998363	376.6737998363	376.6737998263	376.6737998263	376.6737998263	376.6737998263	376.6737998303	376.6737998303	376.6737998342	376.6737998142	376.6737998142	376.6737998242	376.6737998194	376.6737998194	376.6737998152	376.6737998152	376.6737998182	376.6737998182	376.6737998562	266.075799854	357.129998801	357.1299987995	357.1299987985	357.1299987985	357.1299987935	357.1299988035	357.1299988035	357.1299988035	357.129998801	357.1299988034	357.1299988034	357.1299988042	357.1299988042	357.129998804	357.129998804	357.129998804	357.129998804	357.1299988042	357.129998804	357.129998804	357.129998804	357.129998804	357.129998801	357.129998811	357.129998731	233.549598351	233.549598351	233.549598351	224.844398372	224.844398367	224.844398367	224.844398372	224.844398365	224.844398365	0	60.356522	407.4393997479	407.4393997479	407.439399741	407.439399761	407.439399762	407.439399762	407.439399767	407.439399757	407.439399745	407.439399745	407.439399715	407.43939975	407.43939975	407.43939971	407.43939971	426.384199807	426.384199804	426.384199804	426.384199802	426.384199812	426.384199808	426.384199808	426.384199811	426.384199801	426.384199811	426.384199811	426.384199811	426.384199821	426.384199821	426.384199811	426.384199811	426.384199811	426.384199801	426.384199807	426.384199817
Salvator_merianae	376.6737998342	376.6737998342	376.6737998342	376.6737998342	376.6737998352	376.6737998222	376.6737998222	376.6737998222	376.6737998222	376.6737998232	376.6737998232	376.6737998242	376.6737998232	376.6737998272	376.6737998222	376.6737998202	376.6737998242	376.6737998242	376.6737998242	376.6737998232	376.6737998162	376.6737998142	376.6737998242	376.6737998242	376.6737998182	376.6737998182	376.6737998182	376.6737998182	376.6737998182	376.6737998182	376.6737998182	376.6737998182	376.6737998262	376.6737998252	376.6737998252	376.6737998252	376.6737998222	376.6737998242	376.6737998242	376.6737998363	376.6737998363	376.6737998363	376.6737998263	376.6737998263	376.6737998263	376.6737998263	376.6737998303	376.6737998303	376.6737998342	376.6737998142	376.6737998142	376.6737998242	376.6737998194	376.6737998194	376.6737998152	376.6737998152	376.6737998182	376.6737998182	376.6737998562	266.075799854	357.129998801	357.1299987995	357.1299987985	357.1299987985	357.1299987935	357.1299988035	357.1299988035	357.1299988035	357.129998801	357.1299988034	357.1299988034	357.1299988042	357.1299988042	357.129998804	357.129998804	357.129998804	357.129998804	357.1299988042	357.129998804	357.129998804	357.129998804	357.129998804	357.129998801	357.129998811	357.129998731	233.549598351	233.549598351	233.549598351	224.844398372	224.844398367	224.844398367	224.844398372	224.844398365	224.844398365	60.356522	0	407.4393997479	407.4393997479	407.439399741	407.439399761	407.439399762	407.439399762	407.439399767	407.439399757	407.439399745	407.439399745	407.439399715	407.43939975	407.43939975	407.43939971	407.43939971	426.384199807	426.384199804	426.384199804	426.384199802	426.384199812	426.384199808	426.384199808	426.384199811	426.384199801	426.384199811	426.384199811	426.384199811	426.384199821	426.384199821	426.384199811	426.384199811	426.384199811	426.384199801	426.384199807	426.384199817
Carinascincus_ocellatus	407.4393997621	407.4393997621	407.4393997621	407.4393997621	407.4393997631	407.4393997501	407.4393997501	407.4393997501	407.4393997501	407.4393997511	407.4393997511	407.4393997521	407.4393997511	407.4393997551	407.4393997501	407.4393997481	407.4393997521	407.4393997521	407.4393997521	407.4393997511	407.4393997441	407.4393997421	407.4393997521	407.4393997521	407.4393997461	407.4393997461	407.4393997461	407.4393997461	407.4393997461	407.4393997461	407.4393997461	407.4393997461	407.4393997541	407.4393997531	407.4393997531	407.4393997531	407.4393997501	407.4393997521	407.4393997521	407.4393997642	407.4393997642	407.4393997642	407.4393997542	407.4393997542	407.4393997542	407.4393997542	407.4393997582	407.4393997582	407.4393997621	407.4393997421	407.4393997421	407.4393997521	407.4393997473	407.4393997473	407.4393997431	407.4393997431	407.4393997461	407.4393997461	407.4393997841	296.8413997819	407.4393997469	407.4393997454	407.4393997444	407.4393997444	407.4393997394	407.4393997494	407.4393997494	407.4393997494	407.4393997469	407.4393997493	407.4393997493	407.4393997501	407.4393997501	407.4393997499	407.4393997499	407.4393997499	407.4393997499	407.4393997501	407.4393997499	407.4393997499	407.4393997499	407.4393997499	407.4393997469	407.4393997569	407.4393996769	407.4393997569	407.4393997569	407.4393997569	407.4393997599	407.4393997549	407.4393997549	407.4393997599	407.4393997529	407.4393997529	407.4393997479	407.4393997479	0	91.68780104	93.4994427869	165.5311847869	171.8619082159	171.8619082159	171.8619082209	171.8619082109	175.4608003429	175.4608003429	218.1947996329	232.9709994579	232.9709994579	372.0769994379	372.0769994379	426.3841997949	426.3841997919	426.3841997919	426.3841997899	426.3841997999	426.3841997959	426.3841997959	426.3841997989	426.3841997889	426.3841997989	426.3841997989	426.3841997989	426.3841998089	426.3841998089	426.3841997989	426.3841997989	426.3841997989	426.3841997889	426.3841997949	426.3841998049
Cryptoblepharus_egeriae	407.4393997621	407.4393997621	407.4393997621	407.4393997621	407.4393997631	407.4393997501	407.4393997501	407.4393997501	407.4393997501	407.4393997511	407.4393997511	407.4393997521	407.4393997511	407.4393997551	407.4393997501	407.4393997481	407.4393997521	407.4393997521	407.4393997521	407.4393997511	407.4393997441	407.4393997421	407.4393997521	407.4393997521	407.4393997461	407.4393997461	407.4393997461	407.4393997461	407.4393997461	407.4393997461	407.4393997461	407.4393997461	407.4393997541	407.4393997531	407.4393997531	407.4393997531	407.4393997501	407.4393997521	407.4393997521	407.4393997642	407.4393997642	407.4393997642	407.4393997542	407.4393997542	407.4393997542	407.4393997542	407.4393997582	407.4393997582	407.4393997621	407.4393997421	407.4393997421	407.4393997521	407.4393997473	407.4393997473	407.4393997431	407.4393997431	407.4393997461	407.4393997461	407.4393997841	296.8413997819	407.4393997469	407.4393997454	407.4393997444	407.4393997444	407.4393997394	407.4393997494	407.4393997494	407.4393997494	407.4393997469	407.4393997493	407.4393997493	407.4393997501	407.4393997501	407.4393997499	407.4393997499	407.4393997499	407.4393997499	407.4393997501	407.4393997499	407.4393997499	407.4393997499	407.4393997499	407.4393997469	407.4393997569	407.4393996769	407.4393997569	407.4393997569	407.4393997569	407.4393997599	407.4393997549	407.4393997549	407.4393997599	407.4393997529	407.4393997529	407.4393997479	407.4393997479	91.68780104	0	93.4994427869	165.5311847869	171.8619082159	171.8619082159	171.8619082209	171.8619082109	175.4608003429	175.4608003429	218.1947996329	232.9709994579	232.9709994579	372.0769994379	372.0769994379	426.3841997949	426.3841997919	426.3841997919	426.3841997899	426.3841997999	426.3841997959	426.3841997959	426.3841997989	426.3841997889	426.3841997989	426.3841997989	426.3841997989	426.3841998089	426.3841998089	426.3841997989	426.3841997989	426.3841997989	426.3841997889	426.3841997949	426.3841998049
Acritoscincus_duperreyi	407.4393997552	407.4393997552	407.4393997552	407.4393997552	407.4393997562	407.4393997432	407.4393997432	407.4393997432	407.4393997432	407.4393997442	407.4393997442	407.4393997452	407.4393997442	407.4393997482	407.4393997432	407.4393997412	407.4393997452	407.4393997452	407.4393997452	407.4393997442	407.4393997372	407.4393997352	407.4393997452	407.4393997452	407.4393997392	407.4393997392	407.4393997392	407.4393997392	407.4393997392	407.4393997392	407.4393997392	407.4393997392	407.4393997472	407.4393997462	407.4393997462	407.4393997462	407.4393997432	407.4393997452	407.4393997452	407.4393997573	407.4393997573	407.4393997573	407.4393997473	407.4393997473	407.4393997473	407.4393997473	407.4393997513	407.4393997513	407.4393997552	407.4393997352	407.4393997352	407.4393997452	407.4393997404	407.4393997404	407.4393997362	407.4393997362	407.4393997392	407.4393997392	407.4393997772	296.841399775	407.43939974	407.4393997385	407.4393997375	407.4393997375	407.4393997325	407.4393997425	407.4393997425	407.4393997425	407.43939974	407.4393997424	407.4393997424	407.4393997432	407.4393997432	407.439399743	407.439399743	407.439399743	407.439399743	407.4393997432	407.439399743	407.439399743	407.439399743	407.439399743	407.43939974	407.43939975	407.43939967	407.43939975	407.43939975	407.43939975	407.439399753	407.439399748	407.439399748	407.439399753	407.439399746	407.439399746	407.439399741	407.439399741	93.4994427869	93.4994427869	0	165.53118478	171.861908209	171.861908209	171.861908214	171.861908204	175.460800336	175.460800336	218.194799626	232.970999451	232.970999451	372.076999431	372.076999431	426.384199788	426.384199785	426.384199785	426.384199783	426.384199793	426.384199789	426.384199789	426.384199792	426.384199782	426.384199792	426.384199792	426.384199792	426.384199802	426.384199802	426.384199792	426.384199792	426.384199792	426.384199782	426.384199788	426.384199798
Mochlus_sundevallii	407.4393997752	407.4393997752	407.4393997752	407.4393997752	407.4393997762	407.4393997632	407.4393997632	407.4393997632	407.4393997632	407.4393997642	407.4393997642	407.4393997652	407.4393997642	407.4393997682	407.4393997632	407.4393997612	407.4393997652	407.4393997652	407.4393997652	407.4393997642	407.4393997572	407.4393997552	407.4393997652	407.4393997652	407.4393997592	407.4393997592	407.4393997592	407.4393997592	407.4393997592	407.4393997592	407.4393997592	407.4393997592	407.4393997672	407.4393997662	407.4393997662	407.4393997662	407.4393997632	407.4393997652	407.4393997652	407.4393997773	407.4393997773	407.4393997773	407.4393997673	407.4393997673	407.4393997673	407.4393997673	407.4393997713	407.4393997713	407.4393997752	407.4393997552	407.4393997552	407.4393997652	407.4393997604	407.4393997604	407.4393997562	407.4393997562	407.4393997592	407.4393997592	407.4393997972	296.841399795	407.43939976	407.4393997585	407.4393997575	407.4393997575	407.4393997525	407.4393997625	407.4393997625	407.4393997625	407.43939976	407.4393997624	407.4393997624	407.4393997632	407.4393997632	407.439399763	407.439399763	407.439399763	407.439399763	407.4393997632	407.439399763	407.439399763	407.439399763	407.439399763	407.43939976	407.43939977	407.43939969	407.43939977	407.43939977	407.43939977	407.439399773	407.439399768	407.439399768	407.439399773	407.439399766	407.439399766	407.439399761	407.439399761	165.5311847869	165.5311847869	165.53118478	0	171.861908229	171.861908229	171.861908234	171.861908224	175.460800356	175.460800356	218.194799646	232.970999471	232.970999471	372.076999451	372.076999451	426.384199808	426.384199805	426.384199805	426.384199803	426.384199813	426.384199809	426.384199809	426.384199812	426.384199802	426.384199812	426.384199812	426.384199812	426.384199822	426.384199822	426.384199812	426.384199812	426.384199812	426.384199802	426.384199808	426.384199818
Trachylepis_striata	407.4393997762	407.4393997762	407.4393997762	407.4393997762	407.4393997772	407.4393997642	407.4393997642	407.4393997642	407.4393997642	407.4393997652	407.4393997652	407.4393997662	407.4393997652	407.4393997692	407.4393997642	407.4393997622	407.4393997662	407.4393997662	407.4393997662	407.4393997652	407.4393997582	407.4393997562	407.4393997662	407.4393997662	407.4393997602	407.4393997602	407.4393997602	407.4393997602	407.4393997602	407.4393997602	407.4393997602	407.4393997602	407.4393997682	407.4393997672	407.4393997672	407.4393997672	407.4393997642	407.4393997662	407.4393997662	407.4393997783	407.4393997783	407.4393997783	407.4393997683	407.4393997683	407.4393997683	407.4393997683	407.4393997723	407.4393997723	407.4393997762	407.4393997562	407.4393997562	407.4393997662	407.4393997614	407.4393997614	407.4393997572	407.4393997572	407.4393997602	407.4393997602	407.4393997982	296.841399796	407.439399761	407.4393997595	407.4393997585	407.4393997585	407.4393997535	407.4393997635	407.4393997635	407.4393997635	407.439399761	407.4393997634	407.4393997634	407.4393997642	407.4393997642	407.439399764	407.439399764	407.439399764	407.439399764	407.4393997642	407.439399764	407.439399764	407.439399764	407.439399764	407.439399761	407.439399771	407.439399691	407.439399771	407.439399771	407.439399771	407.439399774	407.439399769	407.439399769	407.439399774	407.439399767	407.439399767	407.439399762	407.439399762	171.8619082159	171.8619082159	171.861908209	171.861908229	0	71.85200408	78.170450155	91.334510525	175.460800357	175.460800357	218.194799647	232.970999472	232.970999472	372.076999452	372.076999452	426.384199809	426.384199806	426.384199806	426.384199804	426.384199814	426.38419981	426.38419981	426.384199813	426.384199803	426.384199813	426.384199813	426.384199813	426.384199823	426.384199823	426.384199813	426.384199813	426.384199813	426.384199803	426.384199809	426.384199819
Trachylepis_maculilabris	407.4393997762	407.4393997762	407.4393997762	407.4393997762	407.4393997772	407.4393997642	407.4393997642	407.4393997642	407.4393997642	407.4393997652	407.4393997652	407.4393997662	407.4393997652	407.4393997692	407.4393997642	407.4393997622	407.4393997662	407.4393997662	407.4393997662	407.4393997652	407.4393997582	407.4393997562	407.4393997662	407.4393997662	407.4393997602	407.4393997602	407.4393997602	407.4393997602	407.4393997602	407.4393997602	407.4393997602	407.4393997602	407.4393997682	407.4393997672	407.4393997672	407.4393997672	407.4393997642	407.4393997662	407.4393997662	407.4393997783	407.4393997783	407.4393997783	407.4393997683	407.4393997683	407.4393997683	407.4393997683	407.4393997723	407.4393997723	407.4393997762	407.4393997562	407.4393997562	407.4393997662	407.4393997614	407.4393997614	407.4393997572	407.4393997572	407.4393997602	407.4393997602	407.4393997982	296.841399796	407.439399761	407.4393997595	407.4393997585	407.4393997585	407.4393997535	407.4393997635	407.4393997635	407.4393997635	407.439399761	407.4393997634	407.4393997634	407.4393997642	407.4393997642	407.439399764	407.439399764	407.439399764	407.439399764	407.4393997642	407.439399764	407.439399764	407.439399764	407.439399764	407.439399761	407.439399771	407.439399691	407.439399771	407.439399771	407.439399771	407.439399774	407.439399769	407.439399769	407.439399774	407.439399767	407.439399767	407.439399762	407.439399762	171.8619082159	171.8619082159	171.861908209	171.861908229	71.85200408	0	78.170450155	91.334510525	175.460800357	175.460800357	218.194799647	232.970999472	232.970999472	372.076999452	372.076999452	426.384199809	426.384199806	426.384199806	426.384199804	426.384199814	426.38419981	426.38419981	426.384199813	426.384199803	426.384199813	426.384199813	426.384199813	426.384199823	426.384199823	426.384199813	426.384199813	426.384199813	426.384199803	426.384199809	426.384199819
Trachylepis_brevicollis	407.4393997812	407.4393997812	407.4393997812	407.4393997812	407.4393997822	407.4393997692	407.4393997692	407.4393997692	407.4393997692	407.4393997702	407.4393997702	407.4393997712	407.4393997702	407.4393997742	407.4393997692	407.4393997672	407.4393997712	407.4393997712	407.4393997712	407.4393997702	407.4393997632	407.4393997612	407.4393997712	407.4393997712	407.4393997652	407.4393997652	407.4393997652	407.4393997652	407.4393997652	407.4393997652	407.4393997652	407.4393997652	407.4393997732	407.4393997722	407.4393997722	407.4393997722	407.4393997692	407.4393997712	407.4393997712	407.4393997833	407.4393997833	407.4393997833	407.4393997733	407.4393997733	407.4393997733	407.4393997733	407.4393997773	407.4393997773	407.4393997812	407.4393997612	407.4393997612	407.4393997712	407.4393997664	407.4393997664	407.4393997622	407.4393997622	407.4393997652	407.4393997652	407.4393998032	296.841399801	407.439399766	407.4393997645	407.4393997635	407.4393997635	407.4393997585	407.4393997685	407.4393997685	407.4393997685	407.439399766	407.4393997684	407.4393997684	407.4393997692	407.4393997692	407.439399769	407.439399769	407.439399769	407.439399769	407.4393997692	407.439399769	407.439399769	407.439399769	407.439399769	407.439399766	407.439399776	407.439399696	407.439399776	407.439399776	407.439399776	407.439399779	407.439399774	407.439399774	407.439399779	407.439399772	407.439399772	407.439399767	407.439399767	171.8619082209	171.8619082209	171.861908214	171.861908234	78.170450155	78.170450155	0	91.33451053	175.460800362	175.460800362	218.194799652	232.970999477	232.970999477	372.076999457	372.076999457	426.384199814	426.384199811	426.384199811	426.384199809	426.384199819	426.384199815	426.384199815	426.384199818	426.384199808	426.384199818	426.384199818	426.384199818	426.384199828	426.384199828	426.384199818	426.384199818	426.384199818	426.384199808	426.384199814	426.384199824
Marisora_unimarginata	407.4393997712	407.4393997712	407.4393997712	407.4393997712	407.4393997722	407.4393997592	407.4393997592	407.4393997592	407.4393997592	407.4393997602	407.4393997602	407.4393997612	407.4393997602	407.4393997642	407.4393997592	407.4393997572	407.4393997612	407.4393997612	407.4393997612	407.4393997602	407.4393997532	407.4393997512	407.4393997612	407.4393997612	407.4393997552	407.4393997552	407.4393997552	407.4393997552	407.4393997552	407.4393997552	407.4393997552	407.4393997552	407.4393997632	407.4393997622	407.4393997622	407.4393997622	407.4393997592	407.4393997612	407.4393997612	407.4393997733	407.4393997733	407.4393997733	407.4393997633	407.4393997633	407.4393997633	407.4393997633	407.4393997673	407.4393997673	407.4393997712	407.4393997512	407.4393997512	407.4393997612	407.4393997564	407.4393997564	407.4393997522	407.4393997522	407.4393997552	407.4393997552	407.4393997932	296.841399791	407.439399756	407.4393997545	407.4393997535	407.4393997535	407.4393997485	407.4393997585	407.4393997585	407.4393997585	407.439399756	407.4393997584	407.4393997584	407.4393997592	407.4393997592	407.439399759	407.439399759	407.439399759	407.439399759	407.4393997592	407.439399759	407.439399759	407.439399759	407.439399759	407.439399756	407.439399766	407.439399686	407.439399766	407.439399766	407.439399766	407.439399769	407.439399764	407.439399764	407.439399769	407.439399762	407.439399762	407.439399757	407.439399757	171.8619082109	171.8619082109	171.861908204	171.861908224	91.334510525	91.334510525	91.33451053	0	175.460800352	175.460800352	218.194799642	232.970999467	232.970999467	372.076999447	372.076999447	426.384199804	426.384199801	426.384199801	426.384199799	426.384199809	426.384199805	426.384199805	426.384199808	426.384199798	426.384199808	426.384199808	426.384199808	426.384199818	426.384199818	426.384199808	426.384199808	426.384199808	426.384199798	426.384199804	426.384199814
Tiliqua_scincoides	407.4393997592	407.4393997592	407.4393997592	407.4393997592	407.4393997602	407.4393997472	407.4393997472	407.4393997472	407.4393997472	407.4393997482	407.4393997482	407.4393997492	407.4393997482	407.4393997522	407.4393997472	407.4393997452	407.4393997492	407.4393997492	407.4393997492	407.4393997482	407.4393997412	407.4393997392	407.4393997492	407.4393997492	407.4393997432	407.4393997432	407.4393997432	407.4393997432	407.4393997432	407.4393997432	407.4393997432	407.4393997432	407.4393997512	407.4393997502	407.4393997502	407.4393997502	407.4393997472	407.4393997492	407.4393997492	407.4393997613	407.4393997613	407.4393997613	407.4393997513	407.4393997513	407.4393997513	407.4393997513	407.4393997553	407.4393997553	407.4393997592	407.4393997392	407.4393997392	407.4393997492	407.4393997444	407.4393997444	407.4393997402	407.4393997402	407.4393997432	407.4393997432	407.4393997812	296.841399779	407.439399744	407.4393997425	407.4393997415	407.4393997415	407.4393997365	407.4393997465	407.4393997465	407.4393997465	407.439399744	407.4393997464	407.4393997464	407.4393997472	407.4393997472	407.439399747	407.439399747	407.439399747	407.439399747	407.4393997472	407.439399747	407.439399747	407.439399747	407.439399747	407.439399744	407.439399754	407.439399674	407.439399754	407.439399754	407.439399754	407.439399757	407.439399752	407.439399752	407.439399757	407.43939975	407.43939975	407.439399745	407.439399745	175.4608003429	175.4608003429	175.460800336	175.460800356	175.460800357	175.460800357	175.460800362	175.460800352	0	26.895256	218.19479963	232.970999455	232.970999455	372.076999435	372.076999435	426.384199792	426.384199789	426.384199789	426.384199787	426.384199797	426.384199793	426.384199793	426.384199796	426.384199786	426.384199796	426.384199796	426.384199796	426.384199806	426.384199806	426.384199796	426.384199796	426.384199796	426.384199786	426.384199792	426.384199802
Tiliqua_occipitalis	407.4393997592	407.4393997592	407.4393997592	407.4393997592	407.4393997602	407.4393997472	407.4393997472	407.4393997472	407.4393997472	407.4393997482	407.4393997482	407.4393997492	407.4393997482	407.4393997522	407.4393997472	407.4393997452	407.4393997492	407.4393997492	407.4393997492	407.4393997482	407.4393997412	407.4393997392	407.4393997492	407.4393997492	407.4393997432	407.4393997432	407.4393997432	407.4393997432	407.4393997432	407.4393997432	407.4393997432	407.4393997432	407.4393997512	407.4393997502	407.4393997502	407.4393997502	407.4393997472	407.4393997492	407.4393997492	407.4393997613	407.4393997613	407.4393997613	407.4393997513	407.4393997513	407.4393997513	407.4393997513	407.4393997553	407.4393997553	407.4393997592	407.4393997392	407.4393997392	407.4393997492	407.4393997444	407.4393997444	407.4393997402	407.4393997402	407.4393997432	407.4393997432	407.4393997812	296.841399779	407.439399744	407.4393997425	407.4393997415	407.4393997415	407.4393997365	407.4393997465	407.4393997465	407.4393997465	407.439399744	407.4393997464	407.4393997464	407.4393997472	407.4393997472	407.439399747	407.439399747	407.439399747	407.439399747	407.4393997472	407.439399747	407.439399747	407.439399747	407.439399747	407.439399744	407.439399754	407.439399674	407.439399754	407.439399754	407.439399754	407.439399757	407.439399752	407.439399752	407.439399757	407.43939975	407.43939975	407.439399745	407.439399745	175.4608003429	175.4608003429	175.460800336	175.460800356	175.460800357	175.460800357	175.460800362	175.460800352	26.895256	0	218.19479963	232.970999455	232.970999455	372.076999435	372.076999435	426.384199792	426.384199789	426.384199789	426.384199787	426.384199797	426.384199793	426.384199793	426.384199796	426.384199786	426.384199796	426.384199796	426.384199796	426.384199806	426.384199806	426.384199796	426.384199796	426.384199796	426.384199786	426.384199792	426.384199802
Lerista_edwardsae	407.4393997292	407.4393997292	407.4393997292	407.4393997292	407.4393997302	407.4393997172	407.4393997172	407.4393997172	407.4393997172	407.4393997182	407.4393997182	407.4393997192	407.4393997182	407.4393997222	407.4393997172	407.4393997152	407.4393997192	407.4393997192	407.4393997192	407.4393997182	407.4393997112	407.4393997092	407.4393997192	407.4393997192	407.4393997132	407.4393997132	407.4393997132	407.4393997132	407.4393997132	407.4393997132	407.4393997132	407.4393997132	407.4393997212	407.4393997202	407.4393997202	407.4393997202	407.4393997172	407.4393997192	407.4393997192	407.4393997313	407.4393997313	407.4393997313	407.4393997213	407.4393997213	407.4393997213	407.4393997213	407.4393997253	407.4393997253	407.4393997292	407.4393997092	407.4393997092	407.4393997192	407.4393997144	407.4393997144	407.4393997102	407.4393997102	407.4393997132	407.4393997132	407.4393997512	296.841399749	407.439399714	407.4393997125	407.4393997115	407.4393997115	407.4393997065	407.4393997165	407.4393997165	407.4393997165	407.439399714	407.4393997164	407.4393997164	407.4393997172	407.4393997172	407.439399717	407.439399717	407.439399717	407.439399717	407.4393997172	407.439399717	407.439399717	407.439399717	407.439399717	407.439399714	407.439399724	407.439399644	407.439399724	407.439399724	407.439399724	407.439399727	407.439399722	407.439399722	407.439399727	407.43939972	407.43939972	407.439399715	407.439399715	218.1947996329	218.1947996329	218.194799626	218.194799646	218.194799647	218.194799647	218.194799652	218.194799642	218.19479963	218.19479963	0	232.970999425	232.970999425	372.076999405	372.076999405	426.384199762	426.384199759	426.384199759	426.384199757	426.384199767	426.384199763	426.384199763	426.384199766	426.384199756	426.384199766	426.384199766	426.384199766	426.384199776	426.384199776	426.384199766	426.384199766	426.384199766	426.384199756	426.384199762	426.384199772
Mesoscincus_schwartzei	407.4393997642	407.4393997642	407.4393997642	407.4393997642	407.4393997652	407.4393997522	407.4393997522	407.4393997522	407.4393997522	407.4393997532	407.4393997532	407.4393997542	407.4393997532	407.4393997572	407.4393997522	407.4393997502	407.4393997542	407.4393997542	407.4393997542	407.4393997532	407.4393997462	407.4393997442	407.4393997542	407.4393997542	407.4393997482	407.4393997482	407.4393997482	407.4393997482	407.4393997482	407.4393997482	407.4393997482	407.4393997482	407.4393997562	407.4393997552	407.4393997552	407.4393997552	407.4393997522	407.4393997542	407.4393997542	407.4393997663	407.4393997663	407.4393997663	407.4393997563	407.4393997563	407.4393997563	407.4393997563	407.4393997603	407.4393997603	407.4393997642	407.4393997442	407.4393997442	407.4393997542	407.4393997494	407.4393997494	407.4393997452	407.4393997452	407.4393997482	407.4393997482	407.4393997862	296.841399784	407.439399749	407.4393997475	407.4393997465	407.4393997465	407.4393997415	407.4393997515	407.4393997515	407.4393997515	407.439399749	407.4393997514	407.4393997514	407.4393997522	407.4393997522	407.439399752	407.439399752	407.439399752	407.439399752	407.4393997522	407.439399752	407.439399752	407.439399752	407.439399752	407.439399749	407.439399759	407.439399679	407.439399759	407.439399759	407.439399759	407.439399762	407.439399757	407.439399757	407.439399762	407.439399755	407.439399755	407.43939975	407.43939975	232.9709994579	232.9709994579	232.970999451	232.970999471	232.970999472	232.970999472	232.970999477	232.970999467	232.970999455	232.970999455	232.970999425	0	164.26685828	372.07699944	372.07699944	426.384199797	426.384199794	426.384199794	426.384199792	426.384199802	426.384199798	426.384199798	426.384199801	426.384199791	426.384199801	426.384199801	426.384199801	426.384199811	426.384199811	426.384199801	426.384199801	426.384199801	426.384199791	426.384199797	426.384199807
Plestiodon_gilberti	407.4393997642	407.4393997642	407.4393997642	407.4393997642	407.4393997652	407.4393997522	407.4393997522	407.4393997522	407.4393997522	407.4393997532	407.4393997532	407.4393997542	407.4393997532	407.4393997572	407.4393997522	407.4393997502	407.4393997542	407.4393997542	407.4393997542	407.4393997532	407.4393997462	407.4393997442	407.4393997542	407.4393997542	407.4393997482	407.4393997482	407.4393997482	407.4393997482	407.4393997482	407.4393997482	407.4393997482	407.4393997482	407.4393997562	407.4393997552	407.4393997552	407.4393997552	407.4393997522	407.4393997542	407.4393997542	407.4393997663	407.4393997663	407.4393997663	407.4393997563	407.4393997563	407.4393997563	407.4393997563	407.4393997603	407.4393997603	407.4393997642	407.4393997442	407.4393997442	407.4393997542	407.4393997494	407.4393997494	407.4393997452	407.4393997452	407.4393997482	407.4393997482	407.4393997862	296.841399784	407.439399749	407.4393997475	407.4393997465	407.4393997465	407.4393997415	407.4393997515	407.4393997515	407.4393997515	407.439399749	407.4393997514	407.4393997514	407.4393997522	407.4393997522	407.439399752	407.439399752	407.439399752	407.439399752	407.4393997522	407.439399752	407.439399752	407.439399752	407.439399752	407.439399749	407.439399759	407.439399679	407.439399759	407.439399759	407.439399759	407.439399762	407.439399757	407.439399757	407.439399762	407.439399755	407.439399755	407.43939975	407.43939975	232.9709994579	232.9709994579	232.970999451	232.970999471	232.970999472	232.970999472	232.970999477	232.970999467	232.970999455	232.970999455	232.970999425	164.26685828	0	372.07699944	372.07699944	426.384199797	426.384199794	426.384199794	426.384199792	426.384199802	426.384199798	426.384199798	426.384199801	426.384199791	426.384199801	426.384199801	426.384199801	426.384199811	426.384199811	426.384199801	426.384199801	426.384199801	426.384199791	426.384199797	426.384199807
Cordylus_rivae	407.4393997242	407.4393997242	407.4393997242	407.4393997242	407.4393997252	407.4393997122	407.4393997122	407.4393997122	407.4393997122	407.4393997132	407.4393997132	407.4393997142	407.4393997132	407.4393997172	407.4393997122	407.4393997102	407.4393997142	407.4393997142	407.4393997142	407.4393997132	407.4393997062	407.4393997042	407.4393997142	407.4393997142	407.4393997082	407.4393997082	407.4393997082	407.4393997082	407.4393997082	407.4393997082	407.4393997082	407.4393997082	407.4393997162	407.4393997152	407.4393997152	407.4393997152	407.4393997122	407.4393997142	407.4393997142	407.4393997263	407.4393997263	407.4393997263	407.4393997163	407.4393997163	407.4393997163	407.4393997163	407.4393997203	407.4393997203	407.4393997242	407.4393997042	407.4393997042	407.4393997142	407.4393997094	407.4393997094	407.4393997052	407.4393997052	407.4393997082	407.4393997082	407.4393997462	296.841399744	407.439399709	407.4393997075	407.4393997065	407.4393997065	407.4393997015	407.4393997115	407.4393997115	407.4393997115	407.439399709	407.4393997114	407.4393997114	407.4393997122	407.4393997122	407.439399712	407.439399712	407.439399712	407.439399712	407.4393997122	407.439399712	407.439399712	407.439399712	407.439399712	407.439399709	407.439399719	407.439399639	407.439399719	407.439399719	407.439399719	407.439399722	407.439399717	407.439399717	407.439399722	407.439399715	407.439399715	407.43939971	407.43939971	372.0769994379	372.0769994379	372.076999431	372.076999451	372.076999452	372.076999452	372.076999457	372.076999447	372.076999435	372.076999435	372.076999405	372.07699944	372.07699944	0	65.719744	426.384199757	426.384199754	426.384199754	426.384199752	426.384199762	426.384199758	426.384199758	426.384199761	426.384199751	426.384199761	426.384199761	426.384199761	426.384199771	426.384199771	426.384199761	426.384199761	426.384199761	426.384199751	426.384199757	426.384199767
Hemicordylus_capensis	407.4393997242	407.4393997242	407.4393997242	407.4393997242	407.4393997252	407.4393997122	407.4393997122	407.4393997122	407.4393997122	407.4393997132	407.4393997132	407.4393997142	407.4393997132	407.4393997172	407.4393997122	407.4393997102	407.4393997142	407.4393997142	407.4393997142	407.4393997132	407.4393997062	407.4393997042	407.4393997142	407.4393997142	407.4393997082	407.4393997082	407.4393997082	407.4393997082	407.4393997082	407.4393997082	407.4393997082	407.4393997082	407.4393997162	407.4393997152	407.4393997152	407.4393997152	407.4393997122	407.4393997142	407.4393997142	407.4393997263	407.4393997263	407.4393997263	407.4393997163	407.4393997163	407.4393997163	407.4393997163	407.4393997203	407.4393997203	407.4393997242	407.4393997042	407.4393997042	407.4393997142	407.4393997094	407.4393997094	407.4393997052	407.4393997052	407.4393997082	407.4393997082	407.4393997462	296.841399744	407.439399709	407.4393997075	407.4393997065	407.4393997065	407.4393997015	407.4393997115	407.4393997115	407.4393997115	407.439399709	407.4393997114	407.4393997114	407.4393997122	407.4393997122	407.439399712	407.439399712	407.439399712	407.439399712	407.4393997122	407.439399712	407.439399712	407.439399712	407.439399712	407.439399709	407.439399719	407.439399639	407.439399719	407.439399719	407.439399719	407.439399722	407.439399717	407.439399717	407.439399722	407.439399715	407.439399715	407.43939971	407.43939971	372.0769994379	372.0769994379	372.076999431	372.076999451	372.076999452	372.076999452	372.076999457	372.076999447	372.076999435	372.076999435	372.076999405	372.07699944	372.07699944	65.719744	0	426.384199757	426.384199754	426.384199754	426.384199752	426.384199762	426.384199758	426.384199758	426.384199761	426.384199751	426.384199761	426.384199761	426.384199761	426.384199771	426.384199771	426.384199761	426.384199761	426.384199761	426.384199751	426.384199757	426.384199767
Paroedura_picta	426.3841998212	426.3841998212	426.3841998212	426.3841998212	426.3841998222	426.3841998092	426.3841998092	426.3841998092	426.3841998092	426.3841998102	426.3841998102	426.3841998112	426.3841998102	426.3841998142	426.3841998092	426.3841998072	426.3841998112	426.3841998112	426.3841998112	426.3841998102	426.3841998032	426.3841998012	426.3841998112	426.3841998112	426.3841998052	426.3841998052	426.3841998052	426.3841998052	426.3841998052	426.3841998052	426.3841998052	426.3841998052	426.3841998132	426.3841998122	426.3841998122	426.3841998122	426.3841998092	426.3841998112	426.3841998112	426.3841998233	426.3841998233	426.3841998233	426.3841998133	426.3841998133	426.3841998133	426.3841998133	426.3841998173	426.3841998173	426.3841998212	426.3841998012	426.3841998012	426.3841998112	426.3841998064	426.3841998064	426.3841998022	426.3841998022	426.3841998052	426.3841998052	426.3841998432	315.786199841	426.384199806	426.3841998045	426.3841998035	426.3841998035	426.3841997985	426.3841998085	426.3841998085	426.3841998085	426.384199806	426.3841998084	426.3841998084	426.3841998092	426.3841998092	426.384199809	426.384199809	426.384199809	426.384199809	426.3841998092	426.384199809	426.384199809	426.384199809	426.384199809	426.384199806	426.384199816	426.384199736	426.384199816	426.384199816	426.384199816	426.384199819	426.384199814	426.384199814	426.384199819	426.384199812	426.384199812	426.384199807	426.384199807	426.3841997949	426.3841997949	426.384199788	426.384199808	426.384199809	426.384199809	426.384199814	426.384199804	426.384199792	426.384199792	426.384199762	426.384199797	426.384199797	426.384199757	426.384199757	0	135.933837937	135.933837937	135.933837935	135.933837945	136.526520033	136.526520033	136.526520036	136.526520026	157.310200116	157.310200116	157.310200116	187.125000166	187.125000166	187.125000156	187.125000156	187.125000156	216.794200006	230.46620002	230.46620003
Gekko_japonicus	426.3841998182	426.3841998182	426.3841998182	426.3841998182	426.3841998192	426.3841998062	426.3841998062	426.3841998062	426.3841998062	426.3841998072	426.3841998072	426.3841998082	426.3841998072	426.3841998112	426.3841998062	426.3841998042	426.3841998082	426.3841998082	426.3841998082	426.3841998072	426.3841998002	426.3841997982	426.3841998082	426.3841998082	426.3841998022	426.3841998022	426.3841998022	426.3841998022	426.3841998022	426.3841998022	426.3841998022	426.3841998022	426.3841998102	426.3841998092	426.3841998092	426.3841998092	426.3841998062	426.3841998082	426.3841998082	426.3841998203	426.3841998203	426.3841998203	426.3841998103	426.3841998103	426.3841998103	426.3841998103	426.3841998143	426.3841998143	426.3841998182	426.3841997982	426.3841997982	426.3841998082	426.3841998034	426.3841998034	426.3841997992	426.3841997992	426.3841998022	426.3841998022	426.3841998402	315.786199838	426.384199803	426.3841998015	426.3841998005	426.3841998005	426.3841997955	426.3841998055	426.3841998055	426.3841998055	426.384199803	426.3841998054	426.3841998054	426.3841998062	426.3841998062	426.384199806	426.384199806	426.384199806	426.384199806	426.3841998062	426.384199806	426.384199806	426.384199806	426.384199806	426.384199803	426.384199813	426.384199733	426.384199813	426.384199813	426.384199813	426.384199816	426.384199811	426.384199811	426.384199816	426.384199809	426.384199809	426.384199804	426.384199804	426.3841997919	426.3841997919	426.384199785	426.384199805	426.384199806	426.384199806	426.384199811	426.384199801	426.384199789	426.384199789	426.384199759	426.384199794	426.384199794	426.384199754	426.384199754	135.933837937	0	77.39970308	95.658963502	129.773811792	136.52652003	136.52652003	136.526520033	136.526520023	157.310200113	157.310200113	157.310200113	187.125000163	187.125000163	187.125000153	187.125000153	187.125000153	216.794200003	230.466200017	230.466200027
Gekko_gecko	426.3841998182	426.3841998182	426.3841998182	426.3841998182	426.3841998192	426.3841998062	426.3841998062	426.3841998062	426.3841998062	426.3841998072	426.3841998072	426.3841998082	426.3841998072	426.3841998112	426.3841998062	426.3841998042	426.3841998082	426.3841998082	426.3841998082	426.3841998072	426.3841998002	426.3841997982	426.3841998082	426.3841998082	426.3841998022	426.3841998022	426.3841998022	426.3841998022	426.3841998022	426.3841998022	426.3841998022	426.3841998022	426.3841998102	426.3841998092	426.3841998092	426.3841998092	426.3841998062	426.3841998082	426.3841998082	426.3841998203	426.3841998203	426.3841998203	426.3841998103	426.3841998103	426.3841998103	426.3841998103	426.3841998143	426.3841998143	426.3841998182	426.3841997982	426.3841997982	426.3841998082	426.3841998034	426.3841998034	426.3841997992	426.3841997992	426.3841998022	426.3841998022	426.3841998402	315.786199838	426.384199803	426.3841998015	426.3841998005	426.3841998005	426.3841997955	426.3841998055	426.3841998055	426.3841998055	426.384199803	426.3841998054	426.3841998054	426.3841998062	426.3841998062	426.384199806	426.384199806	426.384199806	426.384199806	426.3841998062	426.384199806	426.384199806	426.384199806	426.384199806	426.384199803	426.384199813	426.384199733	426.384199813	426.384199813	426.384199813	426.384199816	426.384199811	426.384199811	426.384199816	426.384199809	426.384199809	426.384199804	426.384199804	426.3841997919	426.3841997919	426.384199785	426.384199805	426.384199806	426.384199806	426.384199811	426.384199801	426.384199789	426.384199789	426.384199759	426.384199794	426.384199794	426.384199754	426.384199754	135.933837937	77.39970308	0	95.658963502	129.773811792	136.52652003	136.52652003	136.526520033	136.526520023	157.310200113	157.310200113	157.310200113	187.125000163	187.125000163	187.125000153	187.125000153	187.125000153	216.794200003	230.466200017	230.466200027
Lepidodactylus_listeri	426.3841998162	426.3841998162	426.3841998162	426.3841998162	426.3841998172	426.3841998042	426.3841998042	426.3841998042	426.3841998042	426.3841998052	426.3841998052	426.3841998062	426.3841998052	426.3841998092	426.3841998042	426.3841998022	426.3841998062	426.3841998062	426.3841998062	426.3841998052	426.3841997982	426.3841997962	426.3841998062	426.3841998062	426.3841998002	426.3841998002	426.3841998002	426.3841998002	426.3841998002	426.3841998002	426.3841998002	426.3841998002	426.3841998082	426.3841998072	426.3841998072	426.3841998072	426.3841998042	426.3841998062	426.3841998062	426.3841998183	426.3841998183	426.3841998183	426.3841998083	426.3841998083	426.3841998083	426.3841998083	426.3841998123	426.3841998123	426.3841998162	426.3841997962	426.3841997962	426.3841998062	426.3841998014	426.3841998014	426.3841997972	426.3841997972	426.3841998002	426.3841998002	426.3841998382	315.786199836	426.384199801	426.3841997995	426.3841997985	426.3841997985	426.3841997935	426.3841998035	426.3841998035	426.3841998035	426.384199801	426.3841998034	426.3841998034	426.3841998042	426.3841998042	426.384199804	426.384199804	426.384199804	426.384199804	426.3841998042	426.384199804	426.384199804	426.384199804	426.384199804	426.384199801	426.384199811	426.384199731	426.384199811	426.384199811	426.384199811	426.384199814	426.384199809	426.384199809	426.384199814	426.384199807	426.384199807	426.384199802	426.384199802	426.3841997899	426.3841997899	426.384199783	426.384199803	426.384199804	426.384199804	426.384199809	426.384199799	426.384199787	426.384199787	426.384199757	426.384199792	426.384199792	426.384199752	426.384199752	135.933837935	95.658963502	95.658963502	0	129.77381179	136.526520028	136.526520028	136.526520031	136.526520021	157.310200111	157.310200111	157.310200111	187.125000161	187.125000161	187.125000151	187.125000151	187.125000151	216.794200001	230.466200015	230.466200025
Heteronotia_binoei	426.3841998262	426.3841998262	426.3841998262	426.3841998262	426.3841998272	426.3841998142	426.3841998142	426.3841998142	426.3841998142	426.3841998152	426.3841998152	426.3841998162	426.3841998152	426.3841998192	426.3841998142	426.3841998122	426.3841998162	426.3841998162	426.3841998162	426.3841998152	426.3841998082	426.3841998062	426.3841998162	426.3841998162	426.3841998102	426.3841998102	426.3841998102	426.3841998102	426.3841998102	426.3841998102	426.3841998102	426.3841998102	426.3841998182	426.3841998172	426.3841998172	426.3841998172	426.3841998142	426.3841998162	426.3841998162	426.3841998283	426.3841998283	426.3841998283	426.3841998183	426.3841998183	426.3841998183	426.3841998183	426.3841998223	426.3841998223	426.3841998262	426.3841998062	426.3841998062	426.3841998162	426.3841998114	426.3841998114	426.3841998072	426.3841998072	426.3841998102	426.3841998102	426.3841998482	315.786199846	426.384199811	426.3841998095	426.3841998085	426.3841998085	426.3841998035	426.3841998135	426.3841998135	426.3841998135	426.384199811	426.3841998134	426.3841998134	426.3841998142	426.3841998142	426.384199814	426.384199814	426.384199814	426.384199814	426.3841998142	426.384199814	426.384199814	426.384199814	426.384199814	426.384199811	426.384199821	426.384199741	426.384199821	426.384199821	426.384199821	426.384199824	426.384199819	426.384199819	426.384199824	426.384199817	426.384199817	426.384199812	426.384199812	426.3841997999	426.3841997999	426.384199793	426.384199813	426.384199814	426.384199814	426.384199819	426.384199809	426.384199797	426.384199797	426.384199767	426.384199802	426.384199802	426.384199762	426.384199762	135.933837945	129.773811792	129.773811792	129.77381179	0	136.526520038	136.526520038	136.526520041	136.526520031	157.310200121	157.310200121	157.310200121	187.125000171	187.125000171	187.125000161	187.125000161	187.125000161	216.794200011	230.466200025	230.466200035
Hemidactylus_brookii	426.3841998222	426.3841998222	426.3841998222	426.3841998222	426.3841998232	426.3841998102	426.3841998102	426.3841998102	426.3841998102	426.3841998112	426.3841998112	426.3841998122	426.3841998112	426.3841998152	426.3841998102	426.3841998082	426.3841998122	426.3841998122	426.3841998122	426.3841998112	426.3841998042	426.3841998022	426.3841998122	426.3841998122	426.3841998062	426.3841998062	426.3841998062	426.3841998062	426.3841998062	426.3841998062	426.3841998062	426.3841998062	426.3841998142	426.3841998132	426.3841998132	426.3841998132	426.3841998102	426.3841998122	426.3841998122	426.3841998243	426.3841998243	426.3841998243	426.3841998143	426.3841998143	426.3841998143	426.3841998143	426.3841998183	426.3841998183	426.3841998222	426.3841998022	426.3841998022	426.3841998122	426.3841998074	426.3841998074	426.3841998032	426.3841998032	426.3841998062	426.3841998062	426.3841998442	315.786199842	426.384199807	426.3841998055	426.3841998045	426.3841998045	426.3841997995	426.3841998095	426.3841998095	426.3841998095	426.384199807	426.3841998094	426.3841998094	426.3841998102	426.3841998102	426.38419981	426.38419981	426.38419981	426.38419981	426.3841998102	426.38419981	426.38419981	426.38419981	426.38419981	426.384199807	426.384199817	426.384199737	426.384199817	426.384199817	426.384199817	426.38419982	426.384199815	426.384199815	426.38419982	426.384199813	426.384199813	426.384199808	426.384199808	426.3841997959	426.3841997959	426.384199789	426.384199809	426.38419981	426.38419981	426.384199815	426.384199805	426.384199793	426.384199793	426.384199763	426.384199798	426.384199798	426.384199758	426.384199758	136.526520033	136.52652003	136.52652003	136.526520028	136.526520038	0	57.40841024	73.495234737	104.095066167	157.310200117	157.310200117	157.310200117	187.125000167	187.125000167	187.125000157	187.125000157	187.125000157	216.794200007	230.466200021	230.466200031
Hemidactylus_flaviviridis	426.3841998222	426.3841998222	426.3841998222	426.3841998222	426.3841998232	426.3841998102	426.3841998102	426.3841998102	426.3841998102	426.3841998112	426.3841998112	426.3841998122	426.3841998112	426.3841998152	426.3841998102	426.3841998082	426.3841998122	426.3841998122	426.3841998122	426.3841998112	426.3841998042	426.3841998022	426.3841998122	426.3841998122	426.3841998062	426.3841998062	426.3841998062	426.3841998062	426.3841998062	426.3841998062	426.3841998062	426.3841998062	426.3841998142	426.3841998132	426.3841998132	426.3841998132	426.3841998102	426.3841998122	426.3841998122	426.3841998243	426.3841998243	426.3841998243	426.3841998143	426.3841998143	426.3841998143	426.3841998143	426.3841998183	426.3841998183	426.3841998222	426.3841998022	426.3841998022	426.3841998122	426.3841998074	426.3841998074	426.3841998032	426.3841998032	426.3841998062	426.3841998062	426.3841998442	315.786199842	426.384199807	426.3841998055	426.3841998045	426.3841998045	426.3841997995	426.3841998095	426.3841998095	426.3841998095	426.384199807	426.3841998094	426.3841998094	426.3841998102	426.3841998102	426.38419981	426.38419981	426.38419981	426.38419981	426.3841998102	426.38419981	426.38419981	426.38419981	426.38419981	426.384199807	426.384199817	426.384199737	426.384199817	426.384199817	426.384199817	426.38419982	426.384199815	426.384199815	426.38419982	426.384199813	426.384199813	426.384199808	426.384199808	426.3841997959	426.3841997959	426.384199789	426.384199809	426.38419981	426.38419981	426.384199815	426.384199805	426.384199793	426.384199793	426.384199763	426.384199798	426.384199798	426.384199758	426.384199758	136.526520033	136.52652003	136.52652003	136.526520028	136.526520038	57.40841024	0	73.495234737	104.095066167	157.310200117	157.310200117	157.310200117	187.125000167	187.125000167	187.125000157	187.125000157	187.125000157	216.794200007	230.466200021	230.466200031
Hemidactylus_macropholis	426.3841998252	426.3841998252	426.3841998252	426.3841998252	426.3841998262	426.3841998132	426.3841998132	426.3841998132	426.3841998132	426.3841998142	426.3841998142	426.3841998152	426.3841998142	426.3841998182	426.3841998132	426.3841998112	426.3841998152	426.3841998152	426.3841998152	426.3841998142	426.3841998072	426.3841998052	426.3841998152	426.3841998152	426.3841998092	426.3841998092	426.3841998092	426.3841998092	426.3841998092	426.3841998092	426.3841998092	426.3841998092	426.3841998172	426.3841998162	426.3841998162	426.3841998162	426.3841998132	426.3841998152	426.3841998152	426.3841998273	426.3841998273	426.3841998273	426.3841998173	426.3841998173	426.3841998173	426.3841998173	426.3841998213	426.3841998213	426.3841998252	426.3841998052	426.3841998052	426.3841998152	426.3841998104	426.3841998104	426.3841998062	426.3841998062	426.3841998092	426.3841998092	426.3841998472	315.786199845	426.38419981	426.3841998085	426.3841998075	426.3841998075	426.3841998025	426.3841998125	426.3841998125	426.3841998125	426.38419981	426.3841998124	426.3841998124	426.3841998132	426.3841998132	426.384199813	426.384199813	426.384199813	426.384199813	426.3841998132	426.384199813	426.384199813	426.384199813	426.384199813	426.38419981	426.38419982	426.38419974	426.38419982	426.38419982	426.38419982	426.384199823	426.384199818	426.384199818	426.384199823	426.384199816	426.384199816	426.384199811	426.384199811	426.3841997989	426.3841997989	426.384199792	426.384199812	426.384199813	426.384199813	426.384199818	426.384199808	426.384199796	426.384199796	426.384199766	426.384199801	426.384199801	426.384199761	426.384199761	136.526520036	136.526520033	136.526520033	136.526520031	136.526520041	73.495234737	73.495234737	0	104.09506617	157.31020012	157.31020012	157.31020012	187.12500017	187.12500017	187.12500016	187.12500016	187.12500016	216.79420001	230.466200024	230.466200034
Mediodactylus_kotschyi	426.3841998152	426.3841998152	426.3841998152	426.3841998152	426.3841998162	426.3841998032	426.3841998032	426.3841998032	426.3841998032	426.3841998042	426.3841998042	426.3841998052	426.3841998042	426.3841998082	426.3841998032	426.3841998012	426.3841998052	426.3841998052	426.3841998052	426.3841998042	426.3841997972	426.3841997952	426.3841998052	426.3841998052	426.3841997992	426.3841997992	426.3841997992	426.3841997992	426.3841997992	426.3841997992	426.3841997992	426.3841997992	426.3841998072	426.3841998062	426.3841998062	426.3841998062	426.3841998032	426.3841998052	426.3841998052	426.3841998173	426.3841998173	426.3841998173	426.3841998073	426.3841998073	426.3841998073	426.3841998073	426.3841998113	426.3841998113	426.3841998152	426.3841997952	426.3841997952	426.3841998052	426.3841998004	426.3841998004	426.3841997962	426.3841997962	426.3841997992	426.3841997992	426.3841998372	315.786199835	426.3841998	426.3841997985	426.3841997975	426.3841997975	426.3841997925	426.3841998025	426.3841998025	426.3841998025	426.3841998	426.3841998024	426.3841998024	426.3841998032	426.3841998032	426.384199803	426.384199803	426.384199803	426.384199803	426.3841998032	426.384199803	426.384199803	426.384199803	426.384199803	426.3841998	426.38419981	426.38419973	426.38419981	426.38419981	426.38419981	426.384199813	426.384199808	426.384199808	426.384199813	426.384199806	426.384199806	426.384199801	426.384199801	426.3841997889	426.3841997889	426.384199782	426.384199802	426.384199803	426.384199803	426.384199808	426.384199798	426.384199786	426.384199786	426.384199756	426.384199791	426.384199791	426.384199751	426.384199751	136.526520026	136.526520023	136.526520023	136.526520021	136.526520031	104.095066167	104.095066167	104.09506617	0	157.31020011	157.31020011	157.31020011	187.12500016	187.12500016	187.12500015	187.12500015	187.12500015	216.7942	230.466200014	230.466200024
Asaccus_caudivolvulus	426.3841998252	426.3841998252	426.3841998252	426.3841998252	426.3841998262	426.3841998132	426.3841998132	426.3841998132	426.3841998132	426.3841998142	426.3841998142	426.3841998152	426.3841998142	426.3841998182	426.3841998132	426.3841998112	426.3841998152	426.3841998152	426.3841998152	426.3841998142	426.3841998072	426.3841998052	426.3841998152	426.3841998152	426.3841998092	426.3841998092	426.3841998092	426.3841998092	426.3841998092	426.3841998092	426.3841998092	426.3841998092	426.3841998172	426.3841998162	426.3841998162	426.3841998162	426.3841998132	426.3841998152	426.3841998152	426.3841998273	426.3841998273	426.3841998273	426.3841998173	426.3841998173	426.3841998173	426.3841998173	426.3841998213	426.3841998213	426.3841998252	426.3841998052	426.3841998052	426.3841998152	426.3841998104	426.3841998104	426.3841998062	426.3841998062	426.3841998092	426.3841998092	426.3841998472	315.786199845	426.38419981	426.3841998085	426.3841998075	426.3841998075	426.3841998025	426.3841998125	426.3841998125	426.3841998125	426.38419981	426.3841998124	426.3841998124	426.3841998132	426.3841998132	426.384199813	426.384199813	426.384199813	426.384199813	426.3841998132	426.384199813	426.384199813	426.384199813	426.384199813	426.38419981	426.38419982	426.38419974	426.38419982	426.38419982	426.38419982	426.384199823	426.384199818	426.384199818	426.384199823	426.384199816	426.384199816	426.384199811	426.384199811	426.3841997989	426.3841997989	426.384199792	426.384199812	426.384199813	426.384199813	426.384199818	426.384199808	426.384199796	426.384199796	426.384199766	426.384199801	426.384199801	426.384199761	426.384199761	157.310200116	157.310200113	157.310200113	157.310200111	157.310200121	157.310200117	157.310200117	157.31020012	157.31020011	0	110.72454482	133.76360076	187.12500017	187.12500017	187.12500016	187.12500016	187.12500016	216.79420001	230.466200024	230.466200034
Thecadactylus_rapicauda	426.3841998252	426.3841998252	426.3841998252	426.3841998252	426.3841998262	426.3841998132	426.3841998132	426.3841998132	426.3841998132	426.3841998142	426.3841998142	426.3841998152	426.3841998142	426.3841998182	426.3841998132	426.3841998112	426.3841998152	426.3841998152	426.3841998152	426.3841998142	426.3841998072	426.3841998052	426.3841998152	426.3841998152	426.3841998092	426.3841998092	426.3841998092	426.3841998092	426.3841998092	426.3841998092	426.3841998092	426.3841998092	426.3841998172	426.3841998162	426.3841998162	426.3841998162	426.3841998132	426.3841998152	426.3841998152	426.3841998273	426.3841998273	426.3841998273	426.3841998173	426.3841998173	426.3841998173	426.3841998173	426.3841998213	426.3841998213	426.3841998252	426.3841998052	426.3841998052	426.3841998152	426.3841998104	426.3841998104	426.3841998062	426.3841998062	426.3841998092	426.3841998092	426.3841998472	315.786199845	426.38419981	426.3841998085	426.3841998075	426.3841998075	426.3841998025	426.3841998125	426.3841998125	426.3841998125	426.38419981	426.3841998124	426.3841998124	426.3841998132	426.3841998132	426.384199813	426.384199813	426.384199813	426.384199813	426.3841998132	426.384199813	426.384199813	426.384199813	426.384199813	426.38419981	426.38419982	426.38419974	426.38419982	426.38419982	426.38419982	426.384199823	426.384199818	426.384199818	426.384199823	426.384199816	426.384199816	426.384199811	426.384199811	426.3841997989	426.3841997989	426.384199792	426.384199812	426.384199813	426.384199813	426.384199818	426.384199808	426.384199796	426.384199796	426.384199766	426.384199801	426.384199801	426.384199761	426.384199761	157.310200116	157.310200113	157.310200113	157.310200111	157.310200121	157.310200117	157.310200117	157.31020012	157.31020011	110.72454482	0	133.76360076	187.12500017	187.12500017	187.12500016	187.12500016	187.12500016	216.79420001	230.466200024	230.466200034
Tarentola_annularis	426.3841998252	426.3841998252	426.3841998252	426.3841998252	426.3841998262	426.3841998132	426.3841998132	426.3841998132	426.3841998132	426.3841998142	426.3841998142	426.3841998152	426.3841998142	426.3841998182	426.3841998132	426.3841998112	426.3841998152	426.3841998152	426.3841998152	426.3841998142	426.3841998072	426.3841998052	426.3841998152	426.3841998152	426.3841998092	426.3841998092	426.3841998092	426.3841998092	426.3841998092	426.3841998092	426.3841998092	426.3841998092	426.3841998172	426.3841998162	426.3841998162	426.3841998162	426.3841998132	426.3841998152	426.3841998152	426.3841998273	426.3841998273	426.3841998273	426.3841998173	426.3841998173	426.3841998173	426.3841998173	426.3841998213	426.3841998213	426.3841998252	426.3841998052	426.3841998052	426.3841998152	426.3841998104	426.3841998104	426.3841998062	426.3841998062	426.3841998092	426.3841998092	426.3841998472	315.786199845	426.38419981	426.3841998085	426.3841998075	426.3841998075	426.3841998025	426.3841998125	426.3841998125	426.3841998125	426.38419981	426.3841998124	426.3841998124	426.3841998132	426.3841998132	426.384199813	426.384199813	426.384199813	426.384199813	426.3841998132	426.384199813	426.384199813	426.384199813	426.384199813	426.38419981	426.38419982	426.38419974	426.38419982	426.38419982	426.38419982	426.384199823	426.384199818	426.384199818	426.384199823	426.384199816	426.384199816	426.384199811	426.384199811	426.3841997989	426.3841997989	426.384199792	426.384199812	426.384199813	426.384199813	426.384199818	426.384199808	426.384199796	426.384199796	426.384199766	426.384199801	426.384199801	426.384199761	426.384199761	157.310200116	157.310200113	157.310200113	157.310200111	157.310200121	157.310200117	157.310200117	157.31020012	157.31020011	133.76360076	133.76360076	0	187.12500017	187.12500017	187.12500016	187.12500016	187.12500016	216.79420001	230.466200024	230.466200034
Sphaerodactylus_townsendi	426.3841998352	426.3841998352	426.3841998352	426.3841998352	426.3841998362	426.3841998232	426.3841998232	426.3841998232	426.3841998232	426.3841998242	426.3841998242	426.3841998252	426.3841998242	426.3841998282	426.3841998232	426.3841998212	426.3841998252	426.3841998252	426.3841998252	426.3841998242	426.3841998172	426.3841998152	426.3841998252	426.3841998252	426.3841998192	426.3841998192	426.3841998192	426.3841998192	426.3841998192	426.3841998192	426.3841998192	426.3841998192	426.3841998272	426.3841998262	426.3841998262	426.3841998262	426.3841998232	426.3841998252	426.3841998252	426.3841998373	426.3841998373	426.3841998373	426.3841998273	426.3841998273	426.3841998273	426.3841998273	426.3841998313	426.3841998313	426.3841998352	426.3841998152	426.3841998152	426.3841998252	426.3841998204	426.3841998204	426.3841998162	426.3841998162	426.3841998192	426.3841998192	426.3841998572	315.786199855	426.38419982	426.3841998185	426.3841998175	426.3841998175	426.3841998125	426.3841998225	426.3841998225	426.3841998225	426.38419982	426.3841998224	426.3841998224	426.3841998232	426.3841998232	426.384199823	426.384199823	426.384199823	426.384199823	426.3841998232	426.384199823	426.384199823	426.384199823	426.384199823	426.38419982	426.38419983	426.38419975	426.38419983	426.38419983	426.38419983	426.384199833	426.384199828	426.384199828	426.384199833	426.384199826	426.384199826	426.384199821	426.384199821	426.3841998089	426.3841998089	426.384199802	426.384199822	426.384199823	426.384199823	426.384199828	426.384199818	426.384199806	426.384199806	426.384199776	426.384199811	426.384199811	426.384199771	426.384199771	187.125000166	187.125000163	187.125000163	187.125000161	187.125000171	187.125000167	187.125000167	187.12500017	187.12500016	187.12500017	187.12500017	187.12500017	0	84.96454316	130.51011477	156.07760053	156.07760053	216.79420002	230.466200034	230.466200044
Sphaerodactylus_glaucus	426.3841998352	426.3841998352	426.3841998352	426.3841998352	426.3841998362	426.3841998232	426.3841998232	426.3841998232	426.3841998232	426.3841998242	426.3841998242	426.3841998252	426.3841998242	426.3841998282	426.3841998232	426.3841998212	426.3841998252	426.3841998252	426.3841998252	426.3841998242	426.3841998172	426.3841998152	426.3841998252	426.3841998252	426.3841998192	426.3841998192	426.3841998192	426.3841998192	426.3841998192	426.3841998192	426.3841998192	426.3841998192	426.3841998272	426.3841998262	426.3841998262	426.3841998262	426.3841998232	426.3841998252	426.3841998252	426.3841998373	426.3841998373	426.3841998373	426.3841998273	426.3841998273	426.3841998273	426.3841998273	426.3841998313	426.3841998313	426.3841998352	426.3841998152	426.3841998152	426.3841998252	426.3841998204	426.3841998204	426.3841998162	426.3841998162	426.3841998192	426.3841998192	426.3841998572	315.786199855	426.38419982	426.3841998185	426.3841998175	426.3841998175	426.3841998125	426.3841998225	426.3841998225	426.3841998225	426.38419982	426.3841998224	426.3841998224	426.3841998232	426.3841998232	426.384199823	426.384199823	426.384199823	426.384199823	426.3841998232	426.384199823	426.384199823	426.384199823	426.384199823	426.38419982	426.38419983	426.38419975	426.38419983	426.38419983	426.38419983	426.384199833	426.384199828	426.384199828	426.384199833	426.384199826	426.384199826	426.384199821	426.384199821	426.3841998089	426.3841998089	426.384199802	426.384199822	426.384199823	426.384199823	426.384199828	426.384199818	426.384199806	426.384199806	426.384199776	426.384199811	426.384199811	426.384199771	426.384199771	187.125000166	187.125000163	187.125000163	187.125000161	187.125000171	187.125000167	187.125000167	187.12500017	187.12500016	187.12500017	187.12500017	187.12500017	84.96454316	0	130.51011477	156.07760053	156.07760053	216.79420002	230.466200034	230.466200044
Gonatodes_alexandermendesi	426.3841998252	426.3841998252	426.3841998252	426.3841998252	426.3841998262	426.3841998132	426.3841998132	426.3841998132	426.3841998132	426.3841998142	426.3841998142	426.3841998152	426.3841998142	426.3841998182	426.3841998132	426.3841998112	426.3841998152	426.3841998152	426.3841998152	426.3841998142	426.3841998072	426.3841998052	426.3841998152	426.3841998152	426.3841998092	426.3841998092	426.3841998092	426.3841998092	426.3841998092	426.3841998092	426.3841998092	426.3841998092	426.3841998172	426.3841998162	426.3841998162	426.3841998162	426.3841998132	426.3841998152	426.3841998152	426.3841998273	426.3841998273	426.3841998273	426.3841998173	426.3841998173	426.3841998173	426.3841998173	426.3841998213	426.3841998213	426.3841998252	426.3841998052	426.3841998052	426.3841998152	426.3841998104	426.3841998104	426.3841998062	426.3841998062	426.3841998092	426.3841998092	426.3841998472	315.786199845	426.38419981	426.3841998085	426.3841998075	426.3841998075	426.3841998025	426.3841998125	426.3841998125	426.3841998125	426.38419981	426.3841998124	426.3841998124	426.3841998132	426.3841998132	426.384199813	426.384199813	426.384199813	426.384199813	426.3841998132	426.384199813	426.384199813	426.384199813	426.384199813	426.38419981	426.38419982	426.38419974	426.38419982	426.38419982	426.38419982	426.384199823	426.384199818	426.384199818	426.384199823	426.384199816	426.384199816	426.384199811	426.384199811	426.3841997989	426.3841997989	426.384199792	426.384199812	426.384199813	426.384199813	426.384199818	426.384199808	426.384199796	426.384199796	426.384199766	426.384199801	426.384199801	426.384199761	426.384199761	187.125000156	187.125000153	187.125000153	187.125000151	187.125000161	187.125000157	187.125000157	187.12500016	187.12500015	187.12500016	187.12500016	187.12500016	130.51011477	130.51011477	0	156.07760052	156.07760052	216.79420001	230.466200024	230.466200034
Teratoscincus_roborowskii	426.3841998252	426.3841998252	426.3841998252	426.3841998252	426.3841998262	426.3841998132	426.3841998132	426.3841998132	426.3841998132	426.3841998142	426.3841998142	426.3841998152	426.3841998142	426.3841998182	426.3841998132	426.3841998112	426.3841998152	426.3841998152	426.3841998152	426.3841998142	426.3841998072	426.3841998052	426.3841998152	426.3841998152	426.3841998092	426.3841998092	426.3841998092	426.3841998092	426.3841998092	426.3841998092	426.3841998092	426.3841998092	426.3841998172	426.3841998162	426.3841998162	426.3841998162	426.3841998132	426.3841998152	426.3841998152	426.3841998273	426.3841998273	426.3841998273	426.3841998173	426.3841998173	426.3841998173	426.3841998173	426.3841998213	426.3841998213	426.3841998252	426.3841998052	426.3841998052	426.3841998152	426.3841998104	426.3841998104	426.3841998062	426.3841998062	426.3841998092	426.3841998092	426.3841998472	315.786199845	426.38419981	426.3841998085	426.3841998075	426.3841998075	426.3841998025	426.3841998125	426.3841998125	426.3841998125	426.38419981	426.3841998124	426.3841998124	426.3841998132	426.3841998132	426.384199813	426.384199813	426.384199813	426.384199813	426.3841998132	426.384199813	426.384199813	426.384199813	426.384199813	426.38419981	426.38419982	426.38419974	426.38419982	426.38419982	426.38419982	426.384199823	426.384199818	426.384199818	426.384199823	426.384199816	426.384199816	426.384199811	426.384199811	426.3841997989	426.3841997989	426.384199792	426.384199812	426.384199813	426.384199813	426.384199818	426.384199808	426.384199796	426.384199796	426.384199766	426.384199801	426.384199801	426.384199761	426.384199761	187.125000156	187.125000153	187.125000153	187.125000151	187.125000161	187.125000157	187.125000157	187.12500016	187.12500015	187.12500016	187.12500016	187.12500016	156.07760053	156.07760053	156.07760052	0	94.89958156	216.79420001	230.466200024	230.466200034
Euleptes_europaea	426.3841998252	426.3841998252	426.3841998252	426.3841998252	426.3841998262	426.3841998132	426.3841998132	426.3841998132	426.3841998132	426.3841998142	426.3841998142	426.3841998152	426.3841998142	426.3841998182	426.3841998132	426.3841998112	426.3841998152	426.3841998152	426.3841998152	426.3841998142	426.3841998072	426.3841998052	426.3841998152	426.3841998152	426.3841998092	426.3841998092	426.3841998092	426.3841998092	426.3841998092	426.3841998092	426.3841998092	426.3841998092	426.3841998172	426.3841998162	426.3841998162	426.3841998162	426.3841998132	426.3841998152	426.3841998152	426.3841998273	426.3841998273	426.3841998273	426.3841998173	426.3841998173	426.3841998173	426.3841998173	426.3841998213	426.3841998213	426.3841998252	426.3841998052	426.3841998052	426.3841998152	426.3841998104	426.3841998104	426.3841998062	426.3841998062	426.3841998092	426.3841998092	426.3841998472	315.786199845	426.38419981	426.3841998085	426.3841998075	426.3841998075	426.3841998025	426.3841998125	426.3841998125	426.3841998125	426.38419981	426.3841998124	426.3841998124	426.3841998132	426.3841998132	426.384199813	426.384199813	426.384199813	426.384199813	426.3841998132	426.384199813	426.384199813	426.384199813	426.384199813	426.38419981	426.38419982	426.38419974	426.38419982	426.38419982	426.38419982	426.384199823	426.384199818	426.384199818	426.384199823	426.384199816	426.384199816	426.384199811	426.384199811	426.3841997989	426.3841997989	426.384199792	426.384199812	426.384199813	426.384199813	426.384199818	426.384199808	426.384199796	426.384199796	426.384199766	426.384199801	426.384199801	426.384199761	426.384199761	187.125000156	187.125000153	187.125000153	187.125000151	187.125000161	187.125000157	187.125000157	187.12500016	187.12500015	187.12500016	187.12500016	187.12500016	156.07760053	156.07760053	156.07760052	94.89958156	0	216.79420001	230.466200024	230.466200034
Correlophus_ciliatus	426.3841998152	426.3841998152	426.3841998152	426.3841998152	426.3841998162	426.3841998032	426.3841998032	426.3841998032	426.3841998032	426.3841998042	426.3841998042	426.3841998052	426.3841998042	426.3841998082	426.3841998032	426.3841998012	426.3841998052	426.3841998052	426.3841998052	426.3841998042	426.3841997972	426.3841997952	426.3841998052	426.3841998052	426.3841997992	426.3841997992	426.3841997992	426.3841997992	426.3841997992	426.3841997992	426.3841997992	426.3841997992	426.3841998072	426.3841998062	426.3841998062	426.3841998062	426.3841998032	426.3841998052	426.3841998052	426.3841998173	426.3841998173	426.3841998173	426.3841998073	426.3841998073	426.3841998073	426.3841998073	426.3841998113	426.3841998113	426.3841998152	426.3841997952	426.3841997952	426.3841998052	426.3841998004	426.3841998004	426.3841997962	426.3841997962	426.3841997992	426.3841997992	426.3841998372	315.786199835	426.3841998	426.3841997985	426.3841997975	426.3841997975	426.3841997925	426.3841998025	426.3841998025	426.3841998025	426.3841998	426.3841998024	426.3841998024	426.3841998032	426.3841998032	426.384199803	426.384199803	426.384199803	426.384199803	426.3841998032	426.384199803	426.384199803	426.384199803	426.384199803	426.3841998	426.38419981	426.38419973	426.38419981	426.38419981	426.38419981	426.384199813	426.384199808	426.384199808	426.384199813	426.384199806	426.384199806	426.384199801	426.384199801	426.3841997889	426.3841997889	426.384199782	426.384199802	426.384199803	426.384199803	426.384199808	426.384199798	426.384199786	426.384199786	426.384199756	426.384199791	426.384199791	426.384199751	426.384199751	216.794200006	216.794200003	216.794200003	216.794200001	216.794200011	216.794200007	216.794200007	216.79420001	216.7942	216.79420001	216.79420001	216.79420001	216.79420002	216.79420002	216.79420001	216.79420001	216.79420001	0	230.466200014	230.466200024
Eublepharis_macularius	426.3841998212	426.3841998212	426.3841998212	426.3841998212	426.3841998222	426.3841998092	426.3841998092	426.3841998092	426.3841998092	426.3841998102	426.3841998102	426.3841998112	426.3841998102	426.3841998142	426.3841998092	426.3841998072	426.3841998112	426.3841998112	426.3841998112	426.3841998102	426.3841998032	426.3841998012	426.3841998112	426.3841998112	426.3841998052	426.3841998052	426.3841998052	426.3841998052	426.3841998052	426.3841998052	426.3841998052	426.3841998052	426.3841998132	426.3841998122	426.3841998122	426.3841998122	426.3841998092	426.3841998112	426.3841998112	426.3841998233	426.3841998233	426.3841998233	426.3841998133	426.3841998133	426.3841998133	426.3841998133	426.3841998173	426.3841998173	426.3841998212	426.3841998012	426.3841998012	426.3841998112	426.3841998064	426.3841998064	426.3841998022	426.3841998022	426.3841998052	426.3841998052	426.3841998432	315.786199841	426.384199806	426.3841998045	426.3841998035	426.3841998035	426.3841997985	426.3841998085	426.3841998085	426.3841998085	426.384199806	426.3841998084	426.3841998084	426.3841998092	426.3841998092	426.384199809	426.384199809	426.384199809	426.384199809	426.3841998092	426.384199809	426.384199809	426.384199809	426.384199809	426.384199806	426.384199816	426.384199736	426.384199816	426.384199816	426.384199816	426.384199819	426.384199814	426.384199814	426.384199819	426.384199812	426.384199812	426.384199807	426.384199807	426.3841997949	426.3841997949	426.384199788	426.384199808	426.384199809	426.384199809	426.384199814	426.384199804	426.384199792	426.384199792	426.384199762	426.384199797	426.384199797	426.384199757	426.384199757	230.46620002	230.466200017	230.466200017	230.466200015	230.466200025	230.466200021	230.466200021	230.466200024	230.466200014	230.466200024	230.466200024	230.466200024	230.466200034	230.466200034	230.466200024	230.466200024	230.466200024	230.466200014	0	127.06648239
Coleonyx_elegans	426.3841998312	426.3841998312	426.3841998312	426.3841998312	426.3841998322	426.3841998192	426.3841998192	426.3841998192	426.3841998192	426.3841998202	426.3841998202	426.3841998212	426.3841998202	426.3841998242	426.3841998192	426.3841998172	426.3841998212	426.3841998212	426.3841998212	426.3841998202	426.3841998132	426.3841998112	426.3841998212	426.3841998212	426.3841998152	426.3841998152	426.3841998152	426.3841998152	426.3841998152	426.3841998152	426.3841998152	426.3841998152	426.3841998232	426.3841998222	426.3841998222	426.3841998222	426.3841998192	426.3841998212	426.3841998212	426.3841998333	426.3841998333	426.3841998333	426.3841998233	426.3841998233	426.3841998233	426.3841998233	426.3841998273	426.3841998273	426.3841998312	426.3841998112	426.3841998112	426.3841998212	426.3841998164	426.3841998164	426.3841998122	426.3841998122	426.3841998152	426.3841998152	426.3841998532	315.786199851	426.384199816	426.3841998145	426.3841998135	426.3841998135	426.3841998085	426.3841998185	426.3841998185	426.3841998185	426.384199816	426.3841998184	426.3841998184	426.3841998192	426.3841998192	426.384199819	426.384199819	426.384199819	426.384199819	426.3841998192	426.384199819	426.384199819	426.384199819	426.384199819	426.384199816	426.384199826	426.384199746	426.384199826	426.384199826	426.384199826	426.384199829	426.384199824	426.384199824	426.384199829	426.384199822	426.384199822	426.384199817	426.384199817	426.3841998049	426.3841998049	426.384199798	426.384199818	426.384199819	426.384199819	426.384199824	426.384199814	426.384199802	426.384199802	426.384199772	426.384199807	426.384199807	426.384199767	426.384199767	230.46620003	230.466200027	230.466200027	230.466200025	230.466200035	230.466200031	230.466200031	230.466200034	230.466200024	230.466200034	230.466200034	230.466200034	230.466200044	230.466200044	230.466200034	230.466200034	230.466200034	230.466200024	127.06648239	0
