	Masticophis_lateralis	Coluber_constrictor	Drymarchon_corais	Phrynonax_poecilonotus	Leptophis_mexicanus	Drymobius_margaritiferus	Ptyas_mucosa	Arizona_elegans	Pantherophis_guttatus	Pantherophis_vulpinus	Pantherophis_alleghaniensis	Pantherophis_spiloides	Pantherophis_obsoletus	Pituophis_catenifer	Pseudelaphe_flavirufa	Elaphe_schrenckii	Oligodon_sublineatus	Oligodon_taeniolatus	Crotaphopeltis_hotamboeia	Telescopus_dhara	Boiga_trigonata	Boiga_beddomei	Boiga_ceylonensis	Boiga_barnesii	Dasypeltis_abyssina	Lycodon_aulicus	Lycodon_carinatus	Stegonotus_admiraltiensis	Hemorrhois_hippocrepis	Philothamnus_battersbyi	Dendrelaphis_bifrenalis	Dendrelaphis_tristis	Dendrelaphis_schokari	Dendrelaphis_caudolineolatus	Chrysopelea_ornata	Ahaetulla_pulverulenta	Ahaetulla_nasuta	Ahaetulla_prasina	Grayia_smithii	Sibynophis_collaris	Sibynophis_subpunctatus	Thamnophis_elegans	Thamnophis_saurita	Thamnophis_sirtalis	Nerodia_floridana	Natrix_natrix	Natrix_helvetica	Natrix_maura	Rhabdophis_nuchalis	Fowlea_piscator	Amphiesma_stolatum	Natriciteres_olivacea	Aspidura_guentheri	Erythrolamprus_reginae	Xenodon_rabdocephalus	Siphlophis_compressus	Tropidodipsas_fasciata	Tropidodipsas_sartorii	Ninia_sebae	Ninia_diademata	Coniophanes_schmidti	Coniophanes_imperialis	Leptodeira_frenata	Imantodes_gemmistratus	Imantodes_tenuissimus	Imantodes_cenchoa	Diadophis_punctatus	Thermophis_baileyi	Pseudoxenodon_macrops	Pseudoxenodon_stejnegeri	Hydrophis_ornatus	Hydrophis_major	Hydrophis_schistosus	Hydrophis_curtus	Hydrophis_elegans	Hydrophis_melanocephalus	Hydrophis_cyanocinctus	Aipysurus_laevis	Notechis_scutatus	Pseudonaja_textilis	Laticauda_colubrina	Laticauda_laticaudata	Bungarus_multicinctus	Bungarus_caeruleus	Bungarus_ceylonicus	Naja_melanoleuca	Naja_haje	Naja_naja	Naja_nigricollis	Aspidelaps_lubricus	Ophiophagus_hannah	Micrurus_fulvius	Micrurus_diastema	Psammophis_sibilans	Psammophis_punctulatus	Mimophis_mahfalensis	Malpolon_monspessulanus	Psammodynastes_pulverulentus	Aparallactus_lunulatus	Aparallactus_werneri	Atractaspis_microlepidota	Atractaspis_fallax	Boaedon_fuliginosus	Lamprophis_erlangeri	Pseudoxyrhopus_heterurus	Oxyrhabdium_leporinum	Cerberus_rynchops	Bothrops_atrox	Bothrops_asper	Bothrops_jararaca	Bothrops_alternatus	Bothrops_fonsecai	Bothrops_cotiara	Crotalus_simus	Crotalus_horridus	Crotalus_helleri	Crotalus_viridis	Crotalus_tigris	Crotalus_mitchellii	Crotalus_adamanteus	Crotalus_ruber	Crotalus_aquilus	Crotalus_enyo	Sistrurus_catenatus	Agkistrodon_piscivorus	Protobothrops_mucrosquamatus	Protobothrops_flavoviridis	Trimeresurus_albolabris	Trimeresurus_trigonocephalus	Hypnale_hypnale	Azemiops_feae	Vipera_ursinii	Vipera_berus	Vipera_latastei	Vipera_ammodytes	Daboia_russelii	Daboia_siamensis	Macrovipera_schweizeri	Cerastes_gasperettii	Bitis_arietans	Causus_rhombeatus	Pareas_carinatus	Acrochordus_granulatus	Corallus_caninus	Boa_constrictor	Candoia_aspera	Charina_bottae	Liasis_olivaceus	Simalia_tracyae	Simalia_boeleni	Morelia_carinata	Morelia_viridis	Python_bivittatus	Rhinophis_saffragamus	Anilius_scytale	Anilios_bituberculatus
Masticophis_lateralis	0	15.284598	27.0588346982	27.0588346982	28.2619466269	28.2619466269	31.3670682372	32.7659953299	32.7659953299	32.7659953299	32.7659953301	32.7659953301	32.7659953301	32.7659953299	32.7659953295	32.7659953285	34.4333136471	34.4333136471	34.8099795337	34.8099795337	34.8099795297	34.8099795297	34.8099795297	34.8099795287	34.8099795326	34.8099795286	34.8099795286	34.8099795326	35.6052553669	35.6052553669	47.4747992971	47.4747993001	47.4747993001	47.4747993001	47.4747992971	47.4747993001	47.4747993001	47.4747992991	51.1073393201	52.5489353434	52.5489353434	55.2737994874	55.2737994878	55.2737994878	55.2737994884	55.2737994884	55.2737994884	55.2737994884	55.2737994848	55.2737994888	55.2737994888	55.2737994848	55.2737994868	58.3101998334	58.3101998334	58.3101998304	58.3101998341	58.3101998341	58.3101998348	58.3101998348	58.3101998358	58.3101998358	58.3101998394	58.3101998344	58.3101998344	58.3101998344	58.3101998384	58.3101998324	58.3101998304	58.3101998304	66.54459999369	66.54459999369	66.54459999399	66.5445999936	66.5445999936	66.5445999942	66.5445999942	66.5445999942	66.5445999942	66.5445999947	66.5445999947	66.5445999947	66.5445999937	66.5445999937	66.5445999937	66.5445999951	66.5445999941	66.5445999941	66.5445999936	66.5445999906	66.5445999916	66.5445999984	66.5445999984	66.5445999939	66.5445999939	66.5445999899	66.5445999965	66.5445999975	66.5445999935	66.5445999935	66.5445999985	66.5445999985	66.5445999887	66.5445999887	66.544599994	66.544599997	71.6449999994	87.2756000587	87.2756000587	87.2756000587	87.2756000584	87.2756000584	87.2756000584	87.2756000569	87.2756000579	87.2756000582	87.2756000582	87.2756000582	87.2756000582	87.2756000582	87.2756000572	87.2756000573	87.2756000578	87.2756000577	87.2756000557	87.2756000584	87.2756000584	87.2756000574	87.2756000574	87.2756000534	87.2756000544	87.2756000584	87.2756000584	87.2756000584	87.2756000584	87.2756000604	87.2756000604	87.2756000584	87.2756000584	87.2756000554	87.2756000554	95.4102000604	139.5252000604	166.4444000407	166.4444000407	166.4444000377	166.4444000477	166.4444000557	166.4444000527	166.4444000527	166.4444000527	166.4444000527	166.4444000477	166.4444000287	177.8114000384	240.6208000484
Coluber_constrictor	15.284598	0	27.0588346982	27.0588346982	28.2619466269	28.2619466269	31.3670682372	32.7659953299	32.7659953299	32.7659953299	32.7659953301	32.7659953301	32.7659953301	32.7659953299	32.7659953295	32.7659953285	34.4333136471	34.4333136471	34.8099795337	34.8099795337	34.8099795297	34.8099795297	34.8099795297	34.8099795287	34.8099795326	34.8099795286	34.8099795286	34.8099795326	35.6052553669	35.6052553669	47.4747992971	47.4747993001	47.4747993001	47.4747993001	47.4747992971	47.4747993001	47.4747993001	47.4747992991	51.1073393201	52.5489353434	52.5489353434	55.2737994874	55.2737994878	55.2737994878	55.2737994884	55.2737994884	55.2737994884	55.2737994884	55.2737994848	55.2737994888	55.2737994888	55.2737994848	55.2737994868	58.3101998334	58.3101998334	58.3101998304	58.3101998341	58.3101998341	58.3101998348	58.3101998348	58.3101998358	58.3101998358	58.3101998394	58.3101998344	58.3101998344	58.3101998344	58.3101998384	58.3101998324	58.3101998304	58.3101998304	66.54459999369	66.54459999369	66.54459999399	66.5445999936	66.5445999936	66.5445999942	66.5445999942	66.5445999942	66.5445999942	66.5445999947	66.5445999947	66.5445999947	66.5445999937	66.5445999937	66.5445999937	66.5445999951	66.5445999941	66.5445999941	66.5445999936	66.5445999906	66.5445999916	66.5445999984	66.5445999984	66.5445999939	66.5445999939	66.5445999899	66.5445999965	66.5445999975	66.5445999935	66.5445999935	66.5445999985	66.5445999985	66.5445999887	66.5445999887	66.544599994	66.544599997	71.6449999994	87.2756000587	87.2756000587	87.2756000587	87.2756000584	87.2756000584	87.2756000584	87.2756000569	87.2756000579	87.2756000582	87.2756000582	87.2756000582	87.2756000582	87.2756000582	87.2756000572	87.2756000573	87.2756000578	87.2756000577	87.2756000557	87.2756000584	87.2756000584	87.2756000574	87.2756000574	87.2756000534	87.2756000544	87.2756000584	87.2756000584	87.2756000584	87.2756000584	87.2756000604	87.2756000604	87.2756000584	87.2756000584	87.2756000554	87.2756000554	95.4102000604	139.5252000604	166.4444000407	166.4444000407	166.4444000377	166.4444000477	166.4444000557	166.4444000527	166.4444000527	166.4444000527	166.4444000527	166.4444000477	166.4444000287	177.8114000384	240.6208000484
Drymarchon_corais	27.0588346982	27.0588346982	0	25.80454918	28.2619466291	28.2619466291	31.3670682394	32.7659953321	32.7659953321	32.7659953321	32.7659953323	32.7659953323	32.7659953323	32.7659953321	32.7659953317	32.7659953307	34.4333136493	34.4333136493	34.8099795359	34.8099795359	34.8099795319	34.8099795319	34.8099795319	34.8099795309	34.8099795348	34.8099795308	34.8099795308	34.8099795348	35.6052553691	35.6052553691	47.4747992993	47.4747993023	47.4747993023	47.4747993023	47.4747992993	47.4747993023	47.4747993023	47.4747993013	51.1073393223	52.5489353456	52.5489353456	55.2737994896	55.27379949	55.27379949	55.2737994906	55.2737994906	55.2737994906	55.2737994906	55.273799487	55.273799491	55.273799491	55.273799487	55.273799489	58.3101998356	58.3101998356	58.3101998326	58.3101998363	58.3101998363	58.310199837	58.310199837	58.310199838	58.310199838	58.3101998416	58.3101998366	58.3101998366	58.3101998366	58.3101998406	58.3101998346	58.3101998326	58.3101998326	66.54459999589	66.54459999589	66.54459999619	66.5445999958	66.5445999958	66.5445999964	66.5445999964	66.5445999964	66.5445999964	66.5445999969	66.5445999969	66.5445999969	66.5445999959	66.5445999959	66.5445999959	66.5445999973	66.5445999963	66.5445999963	66.5445999958	66.5445999928	66.5445999938	66.5446000006	66.5446000006	66.5445999961	66.5445999961	66.5445999921	66.5445999987	66.5445999997	66.5445999957	66.5445999957	66.5446000007	66.5446000007	66.5445999909	66.5445999909	66.5445999962	66.5445999992	71.6450000016	87.2756000609	87.2756000609	87.2756000609	87.2756000606	87.2756000606	87.2756000606	87.2756000591	87.2756000601	87.2756000604	87.2756000604	87.2756000604	87.2756000604	87.2756000604	87.2756000594	87.2756000595	87.27560006	87.2756000599	87.2756000579	87.2756000606	87.2756000606	87.2756000596	87.2756000596	87.2756000556	87.2756000566	87.2756000606	87.2756000606	87.2756000606	87.2756000606	87.2756000626	87.2756000626	87.2756000606	87.2756000606	87.2756000576	87.2756000576	95.4102000626	139.5252000626	166.4444000429	166.4444000429	166.4444000399	166.4444000499	166.4444000579	166.4444000549	166.4444000549	166.4444000549	166.4444000549	166.4444000499	166.4444000309	177.8114000406	240.6208000506
Phrynonax_poecilonotus	27.0588346982	27.0588346982	25.80454918	0	28.2619466291	28.2619466291	31.3670682394	32.7659953321	32.7659953321	32.7659953321	32.7659953323	32.7659953323	32.7659953323	32.7659953321	32.7659953317	32.7659953307	34.4333136493	34.4333136493	34.8099795359	34.8099795359	34.8099795319	34.8099795319	34.8099795319	34.8099795309	34.8099795348	34.8099795308	34.8099795308	34.8099795348	35.6052553691	35.6052553691	47.4747992993	47.4747993023	47.4747993023	47.4747993023	47.4747992993	47.4747993023	47.4747993023	47.4747993013	51.1073393223	52.5489353456	52.5489353456	55.2737994896	55.27379949	55.27379949	55.2737994906	55.2737994906	55.2737994906	55.2737994906	55.273799487	55.273799491	55.273799491	55.273799487	55.273799489	58.3101998356	58.3101998356	58.3101998326	58.3101998363	58.3101998363	58.310199837	58.310199837	58.310199838	58.310199838	58.3101998416	58.3101998366	58.3101998366	58.3101998366	58.3101998406	58.3101998346	58.3101998326	58.3101998326	66.54459999589	66.54459999589	66.54459999619	66.5445999958	66.5445999958	66.5445999964	66.5445999964	66.5445999964	66.5445999964	66.5445999969	66.5445999969	66.5445999969	66.5445999959	66.5445999959	66.5445999959	66.5445999973	66.5445999963	66.5445999963	66.5445999958	66.5445999928	66.5445999938	66.5446000006	66.5446000006	66.5445999961	66.5445999961	66.5445999921	66.5445999987	66.5445999997	66.5445999957	66.5445999957	66.5446000007	66.5446000007	66.5445999909	66.5445999909	66.5445999962	66.5445999992	71.6450000016	87.2756000609	87.2756000609	87.2756000609	87.2756000606	87.2756000606	87.2756000606	87.2756000591	87.2756000601	87.2756000604	87.2756000604	87.2756000604	87.2756000604	87.2756000604	87.2756000594	87.2756000595	87.27560006	87.2756000599	87.2756000579	87.2756000606	87.2756000606	87.2756000596	87.2756000596	87.2756000556	87.2756000566	87.2756000606	87.2756000606	87.2756000606	87.2756000606	87.2756000626	87.2756000626	87.2756000606	87.2756000606	87.2756000576	87.2756000576	95.4102000626	139.5252000626	166.4444000429	166.4444000429	166.4444000399	166.4444000499	166.4444000579	166.4444000549	166.4444000549	166.4444000549	166.4444000549	166.4444000499	166.4444000309	177.8114000406	240.6208000506
Leptophis_mexicanus	28.2619466269	28.2619466269	28.2619466291	28.2619466291	0	27.6411585	31.3670682377	32.7659953304	32.7659953304	32.7659953304	32.7659953306	32.7659953306	32.7659953306	32.7659953304	32.76599533	32.765995329	34.4333136476	34.4333136476	34.8099795342	34.8099795342	34.8099795302	34.8099795302	34.8099795302	34.8099795292	34.8099795331	34.8099795291	34.8099795291	34.8099795331	35.6052553674	35.6052553674	47.4747992976	47.4747993006	47.4747993006	47.4747993006	47.4747992976	47.4747993006	47.4747993006	47.4747992996	51.1073393206	52.5489353439	52.5489353439	55.2737994879	55.2737994883	55.2737994883	55.2737994889	55.2737994889	55.2737994889	55.2737994889	55.2737994853	55.2737994893	55.2737994893	55.2737994853	55.2737994873	58.3101998339	58.3101998339	58.3101998309	58.3101998346	58.3101998346	58.3101998353	58.3101998353	58.3101998363	58.3101998363	58.3101998399	58.3101998349	58.3101998349	58.3101998349	58.3101998389	58.3101998329	58.3101998309	58.3101998309	66.54459999419	66.54459999419	66.54459999449	66.5445999941	66.5445999941	66.5445999947	66.5445999947	66.5445999947	66.5445999947	66.5445999952	66.5445999952	66.5445999952	66.5445999942	66.5445999942	66.5445999942	66.5445999956	66.5445999946	66.5445999946	66.5445999941	66.5445999911	66.5445999921	66.5445999989	66.5445999989	66.5445999944	66.5445999944	66.5445999904	66.544599997	66.544599998	66.544599994	66.544599994	66.544599999	66.544599999	66.5445999892	66.5445999892	66.5445999945	66.5445999975	71.6449999999	87.2756000592	87.2756000592	87.2756000592	87.2756000589	87.2756000589	87.2756000589	87.2756000574	87.2756000584	87.2756000587	87.2756000587	87.2756000587	87.2756000587	87.2756000587	87.2756000577	87.2756000578	87.2756000583	87.2756000582	87.2756000562	87.2756000589	87.2756000589	87.2756000579	87.2756000579	87.2756000539	87.2756000549	87.2756000589	87.2756000589	87.2756000589	87.2756000589	87.2756000609	87.2756000609	87.2756000589	87.2756000589	87.2756000559	87.2756000559	95.4102000609	139.5252000609	166.4444000412	166.4444000412	166.4444000382	166.4444000482	166.4444000562	166.4444000532	166.4444000532	166.4444000532	166.4444000532	166.4444000482	166.4444000292	177.8114000389	240.6208000489
Drymobius_margaritiferus	28.2619466269	28.2619466269	28.2619466291	28.2619466291	27.6411585	0	31.3670682377	32.7659953304	32.7659953304	32.7659953304	32.7659953306	32.7659953306	32.7659953306	32.7659953304	32.76599533	32.765995329	34.4333136476	34.4333136476	34.8099795342	34.8099795342	34.8099795302	34.8099795302	34.8099795302	34.8099795292	34.8099795331	34.8099795291	34.8099795291	34.8099795331	35.6052553674	35.6052553674	47.4747992976	47.4747993006	47.4747993006	47.4747993006	47.4747992976	47.4747993006	47.4747993006	47.4747992996	51.1073393206	52.5489353439	52.5489353439	55.2737994879	55.2737994883	55.2737994883	55.2737994889	55.2737994889	55.2737994889	55.2737994889	55.2737994853	55.2737994893	55.2737994893	55.2737994853	55.2737994873	58.3101998339	58.3101998339	58.3101998309	58.3101998346	58.3101998346	58.3101998353	58.3101998353	58.3101998363	58.3101998363	58.3101998399	58.3101998349	58.3101998349	58.3101998349	58.3101998389	58.3101998329	58.3101998309	58.3101998309	66.54459999419	66.54459999419	66.54459999449	66.5445999941	66.5445999941	66.5445999947	66.5445999947	66.5445999947	66.5445999947	66.5445999952	66.5445999952	66.5445999952	66.5445999942	66.5445999942	66.5445999942	66.5445999956	66.5445999946	66.5445999946	66.5445999941	66.5445999911	66.5445999921	66.5445999989	66.5445999989	66.5445999944	66.5445999944	66.5445999904	66.544599997	66.544599998	66.544599994	66.544599994	66.544599999	66.544599999	66.5445999892	66.5445999892	66.5445999945	66.5445999975	71.6449999999	87.2756000592	87.2756000592	87.2756000592	87.2756000589	87.2756000589	87.2756000589	87.2756000574	87.2756000584	87.2756000587	87.2756000587	87.2756000587	87.2756000587	87.2756000587	87.2756000577	87.2756000578	87.2756000583	87.2756000582	87.2756000562	87.2756000589	87.2756000589	87.2756000579	87.2756000579	87.2756000539	87.2756000549	87.2756000589	87.2756000589	87.2756000589	87.2756000589	87.2756000609	87.2756000609	87.2756000589	87.2756000589	87.2756000559	87.2756000559	95.4102000609	139.5252000609	166.4444000412	166.4444000412	166.4444000382	166.4444000482	166.4444000562	166.4444000532	166.4444000532	166.4444000532	166.4444000532	166.4444000482	166.4444000292	177.8114000389	240.6208000489
Ptyas_mucosa	31.3670682372	31.3670682372	31.3670682394	31.3670682394	31.3670682377	31.3670682377	0	32.7659953327	32.7659953327	32.7659953327	32.7659953329	32.7659953329	32.7659953329	32.7659953327	32.7659953323	32.7659953313	34.4333136499	34.4333136499	34.8099795365	34.8099795365	34.8099795325	34.8099795325	34.8099795325	34.8099795315	34.8099795354	34.8099795314	34.8099795314	34.8099795354	35.6052553697	35.6052553697	47.4747992999	47.4747993029	47.4747993029	47.4747993029	47.4747992999	47.4747993029	47.4747993029	47.4747993019	51.1073393229	52.5489353462	52.5489353462	55.2737994902	55.2737994906	55.2737994906	55.2737994912	55.2737994912	55.2737994912	55.2737994912	55.2737994876	55.2737994916	55.2737994916	55.2737994876	55.2737994896	58.3101998362	58.3101998362	58.3101998332	58.3101998369	58.3101998369	58.3101998376	58.3101998376	58.3101998386	58.3101998386	58.3101998422	58.3101998372	58.3101998372	58.3101998372	58.3101998412	58.3101998352	58.3101998332	58.3101998332	66.54459999649	66.54459999649	66.54459999679	66.5445999964	66.5445999964	66.544599997	66.544599997	66.544599997	66.544599997	66.5445999975	66.5445999975	66.5445999975	66.5445999965	66.5445999965	66.5445999965	66.5445999979	66.5445999969	66.5445999969	66.5445999964	66.5445999934	66.5445999944	66.5446000012	66.5446000012	66.5445999967	66.5445999967	66.5445999927	66.5445999993	66.5446000003	66.5445999963	66.5445999963	66.5446000013	66.5446000013	66.5445999915	66.5445999915	66.5445999968	66.5445999998	71.6450000022	87.2756000615	87.2756000615	87.2756000615	87.2756000612	87.2756000612	87.2756000612	87.2756000597	87.2756000607	87.275600061	87.275600061	87.275600061	87.275600061	87.275600061	87.27560006	87.2756000601	87.2756000606	87.2756000605	87.2756000585	87.2756000612	87.2756000612	87.2756000602	87.2756000602	87.2756000562	87.2756000572	87.2756000612	87.2756000612	87.2756000612	87.2756000612	87.2756000632	87.2756000632	87.2756000612	87.2756000612	87.2756000582	87.2756000582	95.4102000632	139.5252000632	166.4444000435	166.4444000435	166.4444000405	166.4444000505	166.4444000585	166.4444000555	166.4444000555	166.4444000555	166.4444000555	166.4444000505	166.4444000315	177.8114000412	240.6208000512
Arizona_elegans	32.7659953299	32.7659953299	32.7659953321	32.7659953321	32.7659953304	32.7659953304	32.7659953327	0	16.702936698	16.702936698	16.7029366982	16.7029366982	16.7029366982	16.702936698	18.0227107824	23.2231718014	34.433313648	34.433313648	34.8099795346	34.8099795346	34.8099795306	34.8099795306	34.8099795306	34.8099795296	34.8099795335	34.8099795295	34.8099795295	34.8099795335	35.6052553678	35.6052553678	47.474799298	47.474799301	47.474799301	47.474799301	47.474799298	47.474799301	47.474799301	47.4747993	51.107339321	52.5489353443	52.5489353443	55.2737994883	55.2737994887	55.2737994887	55.2737994893	55.2737994893	55.2737994893	55.2737994893	55.2737994857	55.2737994897	55.2737994897	55.2737994857	55.2737994877	58.3101998343	58.3101998343	58.3101998313	58.310199835	58.310199835	58.3101998357	58.3101998357	58.3101998367	58.3101998367	58.3101998403	58.3101998353	58.3101998353	58.3101998353	58.3101998393	58.3101998333	58.3101998313	58.3101998313	66.54459999459	66.54459999459	66.54459999489	66.5445999945	66.5445999945	66.5445999951	66.5445999951	66.5445999951	66.5445999951	66.5445999956	66.5445999956	66.5445999956	66.5445999946	66.5445999946	66.5445999946	66.544599996	66.544599995	66.544599995	66.5445999945	66.5445999915	66.5445999925	66.5445999993	66.5445999993	66.5445999948	66.5445999948	66.5445999908	66.5445999974	66.5445999984	66.5445999944	66.5445999944	66.5445999994	66.5445999994	66.5445999896	66.5445999896	66.5445999949	66.5445999979	71.6450000003	87.2756000596	87.2756000596	87.2756000596	87.2756000593	87.2756000593	87.2756000593	87.2756000578	87.2756000588	87.2756000591	87.2756000591	87.2756000591	87.2756000591	87.2756000591	87.2756000581	87.2756000582	87.2756000587	87.2756000586	87.2756000566	87.2756000593	87.2756000593	87.2756000583	87.2756000583	87.2756000543	87.2756000553	87.2756000593	87.2756000593	87.2756000593	87.2756000593	87.2756000613	87.2756000613	87.2756000593	87.2756000593	87.2756000563	87.2756000563	95.4102000613	139.5252000613	166.4444000416	166.4444000416	166.4444000386	166.4444000486	166.4444000566	166.4444000536	166.4444000536	166.4444000536	166.4444000536	166.4444000486	166.4444000296	177.8114000393	240.6208000493
Pantherophis_guttatus	32.7659953299	32.7659953299	32.7659953321	32.7659953321	32.7659953304	32.7659953304	32.7659953327	16.702936698	0	11.652136	12.5021255558	12.5021255558	12.5021255558	13.3556004	18.0227107824	23.2231718014	34.433313648	34.433313648	34.8099795346	34.8099795346	34.8099795306	34.8099795306	34.8099795306	34.8099795296	34.8099795335	34.8099795295	34.8099795295	34.8099795335	35.6052553678	35.6052553678	47.474799298	47.474799301	47.474799301	47.474799301	47.474799298	47.474799301	47.474799301	47.4747993	51.107339321	52.5489353443	52.5489353443	55.2737994883	55.2737994887	55.2737994887	55.2737994893	55.2737994893	55.2737994893	55.2737994893	55.2737994857	55.2737994897	55.2737994897	55.2737994857	55.2737994877	58.3101998343	58.3101998343	58.3101998313	58.310199835	58.310199835	58.3101998357	58.3101998357	58.3101998367	58.3101998367	58.3101998403	58.3101998353	58.3101998353	58.3101998353	58.3101998393	58.3101998333	58.3101998313	58.3101998313	66.54459999459	66.54459999459	66.54459999489	66.5445999945	66.5445999945	66.5445999951	66.5445999951	66.5445999951	66.5445999951	66.5445999956	66.5445999956	66.5445999956	66.5445999946	66.5445999946	66.5445999946	66.544599996	66.544599995	66.544599995	66.5445999945	66.5445999915	66.5445999925	66.5445999993	66.5445999993	66.5445999948	66.5445999948	66.5445999908	66.5445999974	66.5445999984	66.5445999944	66.5445999944	66.5445999994	66.5445999994	66.5445999896	66.5445999896	66.5445999949	66.5445999979	71.6450000003	87.2756000596	87.2756000596	87.2756000596	87.2756000593	87.2756000593	87.2756000593	87.2756000578	87.2756000588	87.2756000591	87.2756000591	87.2756000591	87.2756000591	87.2756000591	87.2756000581	87.2756000582	87.2756000587	87.2756000586	87.2756000566	87.2756000593	87.2756000593	87.2756000583	87.2756000583	87.2756000543	87.2756000553	87.2756000593	87.2756000593	87.2756000593	87.2756000593	87.2756000613	87.2756000613	87.2756000593	87.2756000593	87.2756000563	87.2756000563	95.4102000613	139.5252000613	166.4444000416	166.4444000416	166.4444000386	166.4444000486	166.4444000566	166.4444000536	166.4444000536	166.4444000536	166.4444000536	166.4444000486	166.4444000296	177.8114000393	240.6208000493
Pantherophis_vulpinus	32.7659953299	32.7659953299	32.7659953321	32.7659953321	32.7659953304	32.7659953304	32.7659953327	16.702936698	11.652136	0	12.5021255558	12.5021255558	12.5021255558	13.3556004	18.0227107824	23.2231718014	34.433313648	34.433313648	34.8099795346	34.8099795346	34.8099795306	34.8099795306	34.8099795306	34.8099795296	34.8099795335	34.8099795295	34.8099795295	34.8099795335	35.6052553678	35.6052553678	47.474799298	47.474799301	47.474799301	47.474799301	47.474799298	47.474799301	47.474799301	47.4747993	51.107339321	52.5489353443	52.5489353443	55.2737994883	55.2737994887	55.2737994887	55.2737994893	55.2737994893	55.2737994893	55.2737994893	55.2737994857	55.2737994897	55.2737994897	55.2737994857	55.2737994877	58.3101998343	58.3101998343	58.3101998313	58.310199835	58.310199835	58.3101998357	58.3101998357	58.3101998367	58.3101998367	58.3101998403	58.3101998353	58.3101998353	58.3101998353	58.3101998393	58.3101998333	58.3101998313	58.3101998313	66.54459999459	66.54459999459	66.54459999489	66.5445999945	66.5445999945	66.5445999951	66.5445999951	66.5445999951	66.5445999951	66.5445999956	66.5445999956	66.5445999956	66.5445999946	66.5445999946	66.5445999946	66.544599996	66.544599995	66.544599995	66.5445999945	66.5445999915	66.5445999925	66.5445999993	66.5445999993	66.5445999948	66.5445999948	66.5445999908	66.5445999974	66.5445999984	66.5445999944	66.5445999944	66.5445999994	66.5445999994	66.5445999896	66.5445999896	66.5445999949	66.5445999979	71.6450000003	87.2756000596	87.2756000596	87.2756000596	87.2756000593	87.2756000593	87.2756000593	87.2756000578	87.2756000588	87.2756000591	87.2756000591	87.2756000591	87.2756000591	87.2756000591	87.2756000581	87.2756000582	87.2756000587	87.2756000586	87.2756000566	87.2756000593	87.2756000593	87.2756000583	87.2756000583	87.2756000543	87.2756000553	87.2756000593	87.2756000593	87.2756000593	87.2756000593	87.2756000613	87.2756000613	87.2756000593	87.2756000593	87.2756000563	87.2756000563	95.4102000613	139.5252000613	166.4444000416	166.4444000416	166.4444000386	166.4444000486	166.4444000566	166.4444000536	166.4444000536	166.4444000536	166.4444000536	166.4444000486	166.4444000296	177.8114000393	240.6208000493
Pantherophis_alleghaniensis	32.7659953301	32.7659953301	32.7659953323	32.7659953323	32.7659953306	32.7659953306	32.7659953329	16.7029366982	12.5021255558	12.5021255558	0	1.794962	6.593331	13.3556004002	18.0227107826	23.2231718016	34.4333136482	34.4333136482	34.8099795348	34.8099795348	34.8099795308	34.8099795308	34.8099795308	34.8099795298	34.8099795337	34.8099795297	34.8099795297	34.8099795337	35.605255368	35.605255368	47.4747992982	47.4747993012	47.4747993012	47.4747993012	47.4747992982	47.4747993012	47.4747993012	47.4747993002	51.1073393212	52.5489353445	52.5489353445	55.2737994885	55.2737994889	55.2737994889	55.2737994895	55.2737994895	55.2737994895	55.2737994895	55.2737994859	55.2737994899	55.2737994899	55.2737994859	55.2737994879	58.3101998345	58.3101998345	58.3101998315	58.3101998352	58.3101998352	58.3101998359	58.3101998359	58.3101998369	58.3101998369	58.3101998405	58.3101998355	58.3101998355	58.3101998355	58.3101998395	58.3101998335	58.3101998315	58.3101998315	66.54459999479	66.54459999479	66.54459999509	66.5445999947	66.5445999947	66.5445999953	66.5445999953	66.5445999953	66.5445999953	66.5445999958	66.5445999958	66.5445999958	66.5445999948	66.5445999948	66.5445999948	66.5445999962	66.5445999952	66.5445999952	66.5445999947	66.5445999917	66.5445999927	66.5445999995	66.5445999995	66.544599995	66.544599995	66.544599991	66.5445999976	66.5445999986	66.5445999946	66.5445999946	66.5445999996	66.5445999996	66.5445999898	66.5445999898	66.5445999951	66.5445999981	71.6450000005	87.2756000598	87.2756000598	87.2756000598	87.2756000595	87.2756000595	87.2756000595	87.275600058	87.275600059	87.2756000593	87.2756000593	87.2756000593	87.2756000593	87.2756000593	87.2756000583	87.2756000584	87.2756000589	87.2756000588	87.2756000568	87.2756000595	87.2756000595	87.2756000585	87.2756000585	87.2756000545	87.2756000555	87.2756000595	87.2756000595	87.2756000595	87.2756000595	87.2756000615	87.2756000615	87.2756000595	87.2756000595	87.2756000565	87.2756000565	95.4102000615	139.5252000615	166.4444000418	166.4444000418	166.4444000388	166.4444000488	166.4444000568	166.4444000538	166.4444000538	166.4444000538	166.4444000538	166.4444000488	166.4444000298	177.8114000395	240.6208000495
Pantherophis_spiloides	32.7659953301	32.7659953301	32.7659953323	32.7659953323	32.7659953306	32.7659953306	32.7659953329	16.7029366982	12.5021255558	12.5021255558	1.794962	0	6.593331	13.3556004002	18.0227107826	23.2231718016	34.4333136482	34.4333136482	34.8099795348	34.8099795348	34.8099795308	34.8099795308	34.8099795308	34.8099795298	34.8099795337	34.8099795297	34.8099795297	34.8099795337	35.605255368	35.605255368	47.4747992982	47.4747993012	47.4747993012	47.4747993012	47.4747992982	47.4747993012	47.4747993012	47.4747993002	51.1073393212	52.5489353445	52.5489353445	55.2737994885	55.2737994889	55.2737994889	55.2737994895	55.2737994895	55.2737994895	55.2737994895	55.2737994859	55.2737994899	55.2737994899	55.2737994859	55.2737994879	58.3101998345	58.3101998345	58.3101998315	58.3101998352	58.3101998352	58.3101998359	58.3101998359	58.3101998369	58.3101998369	58.3101998405	58.3101998355	58.3101998355	58.3101998355	58.3101998395	58.3101998335	58.3101998315	58.3101998315	66.54459999479	66.54459999479	66.54459999509	66.5445999947	66.5445999947	66.5445999953	66.5445999953	66.5445999953	66.5445999953	66.5445999958	66.5445999958	66.5445999958	66.5445999948	66.5445999948	66.5445999948	66.5445999962	66.5445999952	66.5445999952	66.5445999947	66.5445999917	66.5445999927	66.5445999995	66.5445999995	66.544599995	66.544599995	66.544599991	66.5445999976	66.5445999986	66.5445999946	66.5445999946	66.5445999996	66.5445999996	66.5445999898	66.5445999898	66.5445999951	66.5445999981	71.6450000005	87.2756000598	87.2756000598	87.2756000598	87.2756000595	87.2756000595	87.2756000595	87.275600058	87.275600059	87.2756000593	87.2756000593	87.2756000593	87.2756000593	87.2756000593	87.2756000583	87.2756000584	87.2756000589	87.2756000588	87.2756000568	87.2756000595	87.2756000595	87.2756000585	87.2756000585	87.2756000545	87.2756000555	87.2756000595	87.2756000595	87.2756000595	87.2756000595	87.2756000615	87.2756000615	87.2756000595	87.2756000595	87.2756000565	87.2756000565	95.4102000615	139.5252000615	166.4444000418	166.4444000418	166.4444000388	166.4444000488	166.4444000568	166.4444000538	166.4444000538	166.4444000538	166.4444000538	166.4444000488	166.4444000298	177.8114000395	240.6208000495
Pantherophis_obsoletus	32.7659953301	32.7659953301	32.7659953323	32.7659953323	32.7659953306	32.7659953306	32.7659953329	16.7029366982	12.5021255558	12.5021255558	6.593331	6.593331	0	13.3556004002	18.0227107826	23.2231718016	34.4333136482	34.4333136482	34.8099795348	34.8099795348	34.8099795308	34.8099795308	34.8099795308	34.8099795298	34.8099795337	34.8099795297	34.8099795297	34.8099795337	35.605255368	35.605255368	47.4747992982	47.4747993012	47.4747993012	47.4747993012	47.4747992982	47.4747993012	47.4747993012	47.4747993002	51.1073393212	52.5489353445	52.5489353445	55.2737994885	55.2737994889	55.2737994889	55.2737994895	55.2737994895	55.2737994895	55.2737994895	55.2737994859	55.2737994899	55.2737994899	55.2737994859	55.2737994879	58.3101998345	58.3101998345	58.3101998315	58.3101998352	58.3101998352	58.3101998359	58.3101998359	58.3101998369	58.3101998369	58.3101998405	58.3101998355	58.3101998355	58.3101998355	58.3101998395	58.3101998335	58.3101998315	58.3101998315	66.54459999479	66.54459999479	66.54459999509	66.5445999947	66.5445999947	66.5445999953	66.5445999953	66.5445999953	66.5445999953	66.5445999958	66.5445999958	66.5445999958	66.5445999948	66.5445999948	66.5445999948	66.5445999962	66.5445999952	66.5445999952	66.5445999947	66.5445999917	66.5445999927	66.5445999995	66.5445999995	66.544599995	66.544599995	66.544599991	66.5445999976	66.5445999986	66.5445999946	66.5445999946	66.5445999996	66.5445999996	66.5445999898	66.5445999898	66.5445999951	66.5445999981	71.6450000005	87.2756000598	87.2756000598	87.2756000598	87.2756000595	87.2756000595	87.2756000595	87.275600058	87.275600059	87.2756000593	87.2756000593	87.2756000593	87.2756000593	87.2756000593	87.2756000583	87.2756000584	87.2756000589	87.2756000588	87.2756000568	87.2756000595	87.2756000595	87.2756000585	87.2756000585	87.2756000545	87.2756000555	87.2756000595	87.2756000595	87.2756000595	87.2756000595	87.2756000615	87.2756000615	87.2756000595	87.2756000595	87.2756000565	87.2756000565	95.4102000615	139.5252000615	166.4444000418	166.4444000418	166.4444000388	166.4444000488	166.4444000568	166.4444000538	166.4444000538	166.4444000538	166.4444000538	166.4444000488	166.4444000298	177.8114000395	240.6208000495
Pituophis_catenifer	32.7659953299	32.7659953299	32.7659953321	32.7659953321	32.7659953304	32.7659953304	32.7659953327	16.702936698	13.3556004	13.3556004	13.3556004002	13.3556004002	13.3556004002	0	18.0227107824	23.2231718014	34.433313648	34.433313648	34.8099795346	34.8099795346	34.8099795306	34.8099795306	34.8099795306	34.8099795296	34.8099795335	34.8099795295	34.8099795295	34.8099795335	35.6052553678	35.6052553678	47.474799298	47.474799301	47.474799301	47.474799301	47.474799298	47.474799301	47.474799301	47.4747993	51.107339321	52.5489353443	52.5489353443	55.2737994883	55.2737994887	55.2737994887	55.2737994893	55.2737994893	55.2737994893	55.2737994893	55.2737994857	55.2737994897	55.2737994897	55.2737994857	55.2737994877	58.3101998343	58.3101998343	58.3101998313	58.310199835	58.310199835	58.3101998357	58.3101998357	58.3101998367	58.3101998367	58.3101998403	58.3101998353	58.3101998353	58.3101998353	58.3101998393	58.3101998333	58.3101998313	58.3101998313	66.54459999459	66.54459999459	66.54459999489	66.5445999945	66.5445999945	66.5445999951	66.5445999951	66.5445999951	66.5445999951	66.5445999956	66.5445999956	66.5445999956	66.5445999946	66.5445999946	66.5445999946	66.544599996	66.544599995	66.544599995	66.5445999945	66.5445999915	66.5445999925	66.5445999993	66.5445999993	66.5445999948	66.5445999948	66.5445999908	66.5445999974	66.5445999984	66.5445999944	66.5445999944	66.5445999994	66.5445999994	66.5445999896	66.5445999896	66.5445999949	66.5445999979	71.6450000003	87.2756000596	87.2756000596	87.2756000596	87.2756000593	87.2756000593	87.2756000593	87.2756000578	87.2756000588	87.2756000591	87.2756000591	87.2756000591	87.2756000591	87.2756000591	87.2756000581	87.2756000582	87.2756000587	87.2756000586	87.2756000566	87.2756000593	87.2756000593	87.2756000583	87.2756000583	87.2756000543	87.2756000553	87.2756000593	87.2756000593	87.2756000593	87.2756000593	87.2756000613	87.2756000613	87.2756000593	87.2756000593	87.2756000563	87.2756000563	95.4102000613	139.5252000613	166.4444000416	166.4444000416	166.4444000386	166.4444000486	166.4444000566	166.4444000536	166.4444000536	166.4444000536	166.4444000536	166.4444000486	166.4444000296	177.8114000393	240.6208000493
Pseudelaphe_flavirufa	32.7659953295	32.7659953295	32.7659953317	32.7659953317	32.76599533	32.76599533	32.7659953323	18.0227107824	18.0227107824	18.0227107824	18.0227107826	18.0227107826	18.0227107826	18.0227107824	0	23.223171801	34.4333136476	34.4333136476	34.8099795342	34.8099795342	34.8099795302	34.8099795302	34.8099795302	34.8099795292	34.8099795331	34.8099795291	34.8099795291	34.8099795331	35.6052553674	35.6052553674	47.4747992976	47.4747993006	47.4747993006	47.4747993006	47.4747992976	47.4747993006	47.4747993006	47.4747992996	51.1073393206	52.5489353439	52.5489353439	55.2737994879	55.2737994883	55.2737994883	55.2737994889	55.2737994889	55.2737994889	55.2737994889	55.2737994853	55.2737994893	55.2737994893	55.2737994853	55.2737994873	58.3101998339	58.3101998339	58.3101998309	58.3101998346	58.3101998346	58.3101998353	58.3101998353	58.3101998363	58.3101998363	58.3101998399	58.3101998349	58.3101998349	58.3101998349	58.3101998389	58.3101998329	58.3101998309	58.3101998309	66.54459999419	66.54459999419	66.54459999449	66.5445999941	66.5445999941	66.5445999947	66.5445999947	66.5445999947	66.5445999947	66.5445999952	66.5445999952	66.5445999952	66.5445999942	66.5445999942	66.5445999942	66.5445999956	66.5445999946	66.5445999946	66.5445999941	66.5445999911	66.5445999921	66.5445999989	66.5445999989	66.5445999944	66.5445999944	66.5445999904	66.544599997	66.544599998	66.544599994	66.544599994	66.544599999	66.544599999	66.5445999892	66.5445999892	66.5445999945	66.5445999975	71.6449999999	87.2756000592	87.2756000592	87.2756000592	87.2756000589	87.2756000589	87.2756000589	87.2756000574	87.2756000584	87.2756000587	87.2756000587	87.2756000587	87.2756000587	87.2756000587	87.2756000577	87.2756000578	87.2756000583	87.2756000582	87.2756000562	87.2756000589	87.2756000589	87.2756000579	87.2756000579	87.2756000539	87.2756000549	87.2756000589	87.2756000589	87.2756000589	87.2756000589	87.2756000609	87.2756000609	87.2756000589	87.2756000589	87.2756000559	87.2756000559	95.4102000609	139.5252000609	166.4444000412	166.4444000412	166.4444000382	166.4444000482	166.4444000562	166.4444000532	166.4444000532	166.4444000532	166.4444000532	166.4444000482	166.4444000292	177.8114000389	240.6208000489
Elaphe_schrenckii	32.7659953285	32.7659953285	32.7659953307	32.7659953307	32.765995329	32.765995329	32.7659953313	23.2231718014	23.2231718014	23.2231718014	23.2231718016	23.2231718016	23.2231718016	23.2231718014	23.223171801	0	34.4333136466	34.4333136466	34.8099795332	34.8099795332	34.8099795292	34.8099795292	34.8099795292	34.8099795282	34.8099795321	34.8099795281	34.8099795281	34.8099795321	35.6052553664	35.6052553664	47.4747992966	47.4747992996	47.4747992996	47.4747992996	47.4747992966	47.4747992996	47.4747992996	47.4747992986	51.1073393196	52.5489353429	52.5489353429	55.2737994869	55.2737994873	55.2737994873	55.2737994879	55.2737994879	55.2737994879	55.2737994879	55.2737994843	55.2737994883	55.2737994883	55.2737994843	55.2737994863	58.3101998329	58.3101998329	58.3101998299	58.3101998336	58.3101998336	58.3101998343	58.3101998343	58.3101998353	58.3101998353	58.3101998389	58.3101998339	58.3101998339	58.3101998339	58.3101998379	58.3101998319	58.3101998299	58.3101998299	66.54459999319	66.54459999319	66.54459999349	66.5445999931	66.5445999931	66.5445999937	66.5445999937	66.5445999937	66.5445999937	66.5445999942	66.5445999942	66.5445999942	66.5445999932	66.5445999932	66.5445999932	66.5445999946	66.5445999936	66.5445999936	66.5445999931	66.5445999901	66.5445999911	66.5445999979	66.5445999979	66.5445999934	66.5445999934	66.5445999894	66.544599996	66.544599997	66.544599993	66.544599993	66.544599998	66.544599998	66.5445999882	66.5445999882	66.5445999935	66.5445999965	71.6449999989	87.2756000582	87.2756000582	87.2756000582	87.2756000579	87.2756000579	87.2756000579	87.2756000564	87.2756000574	87.2756000577	87.2756000577	87.2756000577	87.2756000577	87.2756000577	87.2756000567	87.2756000568	87.2756000573	87.2756000572	87.2756000552	87.2756000579	87.2756000579	87.2756000569	87.2756000569	87.2756000529	87.2756000539	87.2756000579	87.2756000579	87.2756000579	87.2756000579	87.2756000599	87.2756000599	87.2756000579	87.2756000579	87.2756000549	87.2756000549	95.4102000599	139.5252000599	166.4444000402	166.4444000402	166.4444000372	166.4444000472	166.4444000552	166.4444000522	166.4444000522	166.4444000522	166.4444000522	166.4444000472	166.4444000282	177.8114000379	240.6208000479
Oligodon_sublineatus	34.4333136471	34.4333136471	34.4333136493	34.4333136493	34.4333136476	34.4333136476	34.4333136499	34.433313648	34.433313648	34.433313648	34.4333136482	34.4333136482	34.4333136482	34.433313648	34.4333136476	34.4333136466	0	14.095566666	34.8099795326	34.8099795326	34.8099795286	34.8099795286	34.8099795286	34.8099795276	34.8099795315	34.8099795275	34.8099795275	34.8099795315	35.6052553658	35.6052553658	47.474799296	47.474799299	47.474799299	47.474799299	47.474799296	47.474799299	47.474799299	47.474799298	51.107339319	52.5489353423	52.5489353423	55.2737994863	55.2737994867	55.2737994867	55.2737994873	55.2737994873	55.2737994873	55.2737994873	55.2737994837	55.2737994877	55.2737994877	55.2737994837	55.2737994857	58.3101998323	58.3101998323	58.3101998293	58.310199833	58.310199833	58.3101998337	58.3101998337	58.3101998347	58.3101998347	58.3101998383	58.3101998333	58.3101998333	58.3101998333	58.3101998373	58.3101998313	58.3101998293	58.3101998293	66.54459999259	66.54459999259	66.54459999289	66.5445999925	66.5445999925	66.5445999931	66.5445999931	66.5445999931	66.5445999931	66.5445999936	66.5445999936	66.5445999936	66.5445999926	66.5445999926	66.5445999926	66.544599994	66.544599993	66.544599993	66.5445999925	66.5445999895	66.5445999905	66.5445999973	66.5445999973	66.5445999928	66.5445999928	66.5445999888	66.5445999954	66.5445999964	66.5445999924	66.5445999924	66.5445999974	66.5445999974	66.5445999876	66.5445999876	66.5445999929	66.5445999959	71.6449999983	87.2756000576	87.2756000576	87.2756000576	87.2756000573	87.2756000573	87.2756000573	87.2756000558	87.2756000568	87.2756000571	87.2756000571	87.2756000571	87.2756000571	87.2756000571	87.2756000561	87.2756000562	87.2756000567	87.2756000566	87.2756000546	87.2756000573	87.2756000573	87.2756000563	87.2756000563	87.2756000523	87.2756000533	87.2756000573	87.2756000573	87.2756000573	87.2756000573	87.2756000593	87.2756000593	87.2756000573	87.2756000573	87.2756000543	87.2756000543	95.4102000593	139.5252000593	166.4444000396	166.4444000396	166.4444000366	166.4444000466	166.4444000546	166.4444000516	166.4444000516	166.4444000516	166.4444000516	166.4444000466	166.4444000276	177.8114000373	240.6208000473
Oligodon_taeniolatus	34.4333136471	34.4333136471	34.4333136493	34.4333136493	34.4333136476	34.4333136476	34.4333136499	34.433313648	34.433313648	34.433313648	34.4333136482	34.4333136482	34.4333136482	34.433313648	34.4333136476	34.4333136466	14.095566666	0	34.8099795326	34.8099795326	34.8099795286	34.8099795286	34.8099795286	34.8099795276	34.8099795315	34.8099795275	34.8099795275	34.8099795315	35.6052553658	35.6052553658	47.474799296	47.474799299	47.474799299	47.474799299	47.474799296	47.474799299	47.474799299	47.474799298	51.107339319	52.5489353423	52.5489353423	55.2737994863	55.2737994867	55.2737994867	55.2737994873	55.2737994873	55.2737994873	55.2737994873	55.2737994837	55.2737994877	55.2737994877	55.2737994837	55.2737994857	58.3101998323	58.3101998323	58.3101998293	58.310199833	58.310199833	58.3101998337	58.3101998337	58.3101998347	58.3101998347	58.3101998383	58.3101998333	58.3101998333	58.3101998333	58.3101998373	58.3101998313	58.3101998293	58.3101998293	66.54459999259	66.54459999259	66.54459999289	66.5445999925	66.5445999925	66.5445999931	66.5445999931	66.5445999931	66.5445999931	66.5445999936	66.5445999936	66.5445999936	66.5445999926	66.5445999926	66.5445999926	66.544599994	66.544599993	66.544599993	66.5445999925	66.5445999895	66.5445999905	66.5445999973	66.5445999973	66.5445999928	66.5445999928	66.5445999888	66.5445999954	66.5445999964	66.5445999924	66.5445999924	66.5445999974	66.5445999974	66.5445999876	66.5445999876	66.5445999929	66.5445999959	71.6449999983	87.2756000576	87.2756000576	87.2756000576	87.2756000573	87.2756000573	87.2756000573	87.2756000558	87.2756000568	87.2756000571	87.2756000571	87.2756000571	87.2756000571	87.2756000571	87.2756000561	87.2756000562	87.2756000567	87.2756000566	87.2756000546	87.2756000573	87.2756000573	87.2756000563	87.2756000563	87.2756000523	87.2756000533	87.2756000573	87.2756000573	87.2756000573	87.2756000573	87.2756000593	87.2756000593	87.2756000573	87.2756000573	87.2756000543	87.2756000543	95.4102000593	139.5252000593	166.4444000396	166.4444000396	166.4444000366	166.4444000466	166.4444000546	166.4444000516	166.4444000516	166.4444000516	166.4444000516	166.4444000466	166.4444000276	177.8114000373	240.6208000473
Crotaphopeltis_hotamboeia	34.8099795337	34.8099795337	34.8099795359	34.8099795359	34.8099795342	34.8099795342	34.8099795365	34.8099795346	34.8099795346	34.8099795346	34.8099795348	34.8099795348	34.8099795348	34.8099795346	34.8099795342	34.8099795332	34.8099795326	34.8099795326	0	28.83052514	29.409920196	29.409920196	29.409920196	29.409920195	30.4832696811	32.7331132731	32.7331132731	32.7331132771	35.6052553714	35.6052553714	47.4747993016	47.4747993046	47.4747993046	47.4747993046	47.4747993016	47.4747993046	47.4747993046	47.4747993036	51.1073393246	52.5489353479	52.5489353479	55.2737994919	55.2737994923	55.2737994923	55.2737994929	55.2737994929	55.2737994929	55.2737994929	55.2737994893	55.2737994933	55.2737994933	55.2737994893	55.2737994913	58.3101998379	58.3101998379	58.3101998349	58.3101998386	58.3101998386	58.3101998393	58.3101998393	58.3101998403	58.3101998403	58.3101998439	58.3101998389	58.3101998389	58.3101998389	58.3101998429	58.3101998369	58.3101998349	58.3101998349	66.54459999819	66.54459999819	66.54459999849	66.5445999981	66.5445999981	66.5445999987	66.5445999987	66.5445999987	66.5445999987	66.5445999992	66.5445999992	66.5445999992	66.5445999982	66.5445999982	66.5445999982	66.5445999996	66.5445999986	66.5445999986	66.5445999981	66.5445999951	66.5445999961	66.5446000029	66.5446000029	66.5445999984	66.5445999984	66.5445999944	66.544600001	66.544600002	66.544599998	66.544599998	66.544600003	66.544600003	66.5445999932	66.5445999932	66.5445999985	66.5446000015	71.6450000039	87.2756000632	87.2756000632	87.2756000632	87.2756000629	87.2756000629	87.2756000629	87.2756000614	87.2756000624	87.2756000627	87.2756000627	87.2756000627	87.2756000627	87.2756000627	87.2756000617	87.2756000618	87.2756000623	87.2756000622	87.2756000602	87.2756000629	87.2756000629	87.2756000619	87.2756000619	87.2756000579	87.2756000589	87.2756000629	87.2756000629	87.2756000629	87.2756000629	87.2756000649	87.2756000649	87.2756000629	87.2756000629	87.2756000599	87.2756000599	95.4102000649	139.5252000649	166.4444000452	166.4444000452	166.4444000422	166.4444000522	166.4444000602	166.4444000572	166.4444000572	166.4444000572	166.4444000572	166.4444000522	166.4444000332	177.8114000429	240.6208000529
Telescopus_dhara	34.8099795337	34.8099795337	34.8099795359	34.8099795359	34.8099795342	34.8099795342	34.8099795365	34.8099795346	34.8099795346	34.8099795346	34.8099795348	34.8099795348	34.8099795348	34.8099795346	34.8099795342	34.8099795332	34.8099795326	34.8099795326	28.83052514	0	29.409920196	29.409920196	29.409920196	29.409920195	30.4832696811	32.7331132731	32.7331132731	32.7331132771	35.6052553714	35.6052553714	47.4747993016	47.4747993046	47.4747993046	47.4747993046	47.4747993016	47.4747993046	47.4747993046	47.4747993036	51.1073393246	52.5489353479	52.5489353479	55.2737994919	55.2737994923	55.2737994923	55.2737994929	55.2737994929	55.2737994929	55.2737994929	55.2737994893	55.2737994933	55.2737994933	55.2737994893	55.2737994913	58.3101998379	58.3101998379	58.3101998349	58.3101998386	58.3101998386	58.3101998393	58.3101998393	58.3101998403	58.3101998403	58.3101998439	58.3101998389	58.3101998389	58.3101998389	58.3101998429	58.3101998369	58.3101998349	58.3101998349	66.54459999819	66.54459999819	66.54459999849	66.5445999981	66.5445999981	66.5445999987	66.5445999987	66.5445999987	66.5445999987	66.5445999992	66.5445999992	66.5445999992	66.5445999982	66.5445999982	66.5445999982	66.5445999996	66.5445999986	66.5445999986	66.5445999981	66.5445999951	66.5445999961	66.5446000029	66.5446000029	66.5445999984	66.5445999984	66.5445999944	66.544600001	66.544600002	66.544599998	66.544599998	66.544600003	66.544600003	66.5445999932	66.5445999932	66.5445999985	66.5446000015	71.6450000039	87.2756000632	87.2756000632	87.2756000632	87.2756000629	87.2756000629	87.2756000629	87.2756000614	87.2756000624	87.2756000627	87.2756000627	87.2756000627	87.2756000627	87.2756000627	87.2756000617	87.2756000618	87.2756000623	87.2756000622	87.2756000602	87.2756000629	87.2756000629	87.2756000619	87.2756000619	87.2756000579	87.2756000589	87.2756000629	87.2756000629	87.2756000629	87.2756000629	87.2756000649	87.2756000649	87.2756000629	87.2756000629	87.2756000599	87.2756000599	95.4102000649	139.5252000649	166.4444000452	166.4444000452	166.4444000422	166.4444000522	166.4444000602	166.4444000572	166.4444000572	166.4444000572	166.4444000572	166.4444000522	166.4444000332	177.8114000429	240.6208000529
Boiga_trigonata	34.8099795297	34.8099795297	34.8099795319	34.8099795319	34.8099795302	34.8099795302	34.8099795325	34.8099795306	34.8099795306	34.8099795306	34.8099795308	34.8099795308	34.8099795308	34.8099795306	34.8099795302	34.8099795292	34.8099795286	34.8099795286	29.409920196	29.409920196	0	12.8733776	12.8733776	17.109133429	30.4832696771	32.7331132691	32.7331132691	32.7331132731	35.6052553674	35.6052553674	47.4747992976	47.4747993006	47.4747993006	47.4747993006	47.4747992976	47.4747993006	47.4747993006	47.4747992996	51.1073393206	52.5489353439	52.5489353439	55.2737994879	55.2737994883	55.2737994883	55.2737994889	55.2737994889	55.2737994889	55.2737994889	55.2737994853	55.2737994893	55.2737994893	55.2737994853	55.2737994873	58.3101998339	58.3101998339	58.3101998309	58.3101998346	58.3101998346	58.3101998353	58.3101998353	58.3101998363	58.3101998363	58.3101998399	58.3101998349	58.3101998349	58.3101998349	58.3101998389	58.3101998329	58.3101998309	58.3101998309	66.54459999419	66.54459999419	66.54459999449	66.5445999941	66.5445999941	66.5445999947	66.5445999947	66.5445999947	66.5445999947	66.5445999952	66.5445999952	66.5445999952	66.5445999942	66.5445999942	66.5445999942	66.5445999956	66.5445999946	66.5445999946	66.5445999941	66.5445999911	66.5445999921	66.5445999989	66.5445999989	66.5445999944	66.5445999944	66.5445999904	66.544599997	66.544599998	66.544599994	66.544599994	66.544599999	66.544599999	66.5445999892	66.5445999892	66.5445999945	66.5445999975	71.6449999999	87.2756000592	87.2756000592	87.2756000592	87.2756000589	87.2756000589	87.2756000589	87.2756000574	87.2756000584	87.2756000587	87.2756000587	87.2756000587	87.2756000587	87.2756000587	87.2756000577	87.2756000578	87.2756000583	87.2756000582	87.2756000562	87.2756000589	87.2756000589	87.2756000579	87.2756000579	87.2756000539	87.2756000549	87.2756000589	87.2756000589	87.2756000589	87.2756000589	87.2756000609	87.2756000609	87.2756000589	87.2756000589	87.2756000559	87.2756000559	95.4102000609	139.5252000609	166.4444000412	166.4444000412	166.4444000382	166.4444000482	166.4444000562	166.4444000532	166.4444000532	166.4444000532	166.4444000532	166.4444000482	166.4444000292	177.8114000389	240.6208000489
Boiga_beddomei	34.8099795297	34.8099795297	34.8099795319	34.8099795319	34.8099795302	34.8099795302	34.8099795325	34.8099795306	34.8099795306	34.8099795306	34.8099795308	34.8099795308	34.8099795308	34.8099795306	34.8099795302	34.8099795292	34.8099795286	34.8099795286	29.409920196	29.409920196	12.8733776	0	11.517162	17.109133429	30.4832696771	32.7331132691	32.7331132691	32.7331132731	35.6052553674	35.6052553674	47.4747992976	47.4747993006	47.4747993006	47.4747993006	47.4747992976	47.4747993006	47.4747993006	47.4747992996	51.1073393206	52.5489353439	52.5489353439	55.2737994879	55.2737994883	55.2737994883	55.2737994889	55.2737994889	55.2737994889	55.2737994889	55.2737994853	55.2737994893	55.2737994893	55.2737994853	55.2737994873	58.3101998339	58.3101998339	58.3101998309	58.3101998346	58.3101998346	58.3101998353	58.3101998353	58.3101998363	58.3101998363	58.3101998399	58.3101998349	58.3101998349	58.3101998349	58.3101998389	58.3101998329	58.3101998309	58.3101998309	66.54459999419	66.54459999419	66.54459999449	66.5445999941	66.5445999941	66.5445999947	66.5445999947	66.5445999947	66.5445999947	66.5445999952	66.5445999952	66.5445999952	66.5445999942	66.5445999942	66.5445999942	66.5445999956	66.5445999946	66.5445999946	66.5445999941	66.5445999911	66.5445999921	66.5445999989	66.5445999989	66.5445999944	66.5445999944	66.5445999904	66.544599997	66.544599998	66.544599994	66.544599994	66.544599999	66.544599999	66.5445999892	66.5445999892	66.5445999945	66.5445999975	71.6449999999	87.2756000592	87.2756000592	87.2756000592	87.2756000589	87.2756000589	87.2756000589	87.2756000574	87.2756000584	87.2756000587	87.2756000587	87.2756000587	87.2756000587	87.2756000587	87.2756000577	87.2756000578	87.2756000583	87.2756000582	87.2756000562	87.2756000589	87.2756000589	87.2756000579	87.2756000579	87.2756000539	87.2756000549	87.2756000589	87.2756000589	87.2756000589	87.2756000589	87.2756000609	87.2756000609	87.2756000589	87.2756000589	87.2756000559	87.2756000559	95.4102000609	139.5252000609	166.4444000412	166.4444000412	166.4444000382	166.4444000482	166.4444000562	166.4444000532	166.4444000532	166.4444000532	166.4444000532	166.4444000482	166.4444000292	177.8114000389	240.6208000489
Boiga_ceylonensis	34.8099795297	34.8099795297	34.8099795319	34.8099795319	34.8099795302	34.8099795302	34.8099795325	34.8099795306	34.8099795306	34.8099795306	34.8099795308	34.8099795308	34.8099795308	34.8099795306	34.8099795302	34.8099795292	34.8099795286	34.8099795286	29.409920196	29.409920196	12.8733776	11.517162	0	17.109133429	30.4832696771	32.7331132691	32.7331132691	32.7331132731	35.6052553674	35.6052553674	47.4747992976	47.4747993006	47.4747993006	47.4747993006	47.4747992976	47.4747993006	47.4747993006	47.4747992996	51.1073393206	52.5489353439	52.5489353439	55.2737994879	55.2737994883	55.2737994883	55.2737994889	55.2737994889	55.2737994889	55.2737994889	55.2737994853	55.2737994893	55.2737994893	55.2737994853	55.2737994873	58.3101998339	58.3101998339	58.3101998309	58.3101998346	58.3101998346	58.3101998353	58.3101998353	58.3101998363	58.3101998363	58.3101998399	58.3101998349	58.3101998349	58.3101998349	58.3101998389	58.3101998329	58.3101998309	58.3101998309	66.54459999419	66.54459999419	66.54459999449	66.5445999941	66.5445999941	66.5445999947	66.5445999947	66.5445999947	66.5445999947	66.5445999952	66.5445999952	66.5445999952	66.5445999942	66.5445999942	66.5445999942	66.5445999956	66.5445999946	66.5445999946	66.5445999941	66.5445999911	66.5445999921	66.5445999989	66.5445999989	66.5445999944	66.5445999944	66.5445999904	66.544599997	66.544599998	66.544599994	66.544599994	66.544599999	66.544599999	66.5445999892	66.5445999892	66.5445999945	66.5445999975	71.6449999999	87.2756000592	87.2756000592	87.2756000592	87.2756000589	87.2756000589	87.2756000589	87.2756000574	87.2756000584	87.2756000587	87.2756000587	87.2756000587	87.2756000587	87.2756000587	87.2756000577	87.2756000578	87.2756000583	87.2756000582	87.2756000562	87.2756000589	87.2756000589	87.2756000579	87.2756000579	87.2756000539	87.2756000549	87.2756000589	87.2756000589	87.2756000589	87.2756000589	87.2756000609	87.2756000609	87.2756000589	87.2756000589	87.2756000559	87.2756000559	95.4102000609	139.5252000609	166.4444000412	166.4444000412	166.4444000382	166.4444000482	166.4444000562	166.4444000532	166.4444000532	166.4444000532	166.4444000532	166.4444000482	166.4444000292	177.8114000389	240.6208000489
Boiga_barnesii	34.8099795287	34.8099795287	34.8099795309	34.8099795309	34.8099795292	34.8099795292	34.8099795315	34.8099795296	34.8099795296	34.8099795296	34.8099795298	34.8099795298	34.8099795298	34.8099795296	34.8099795292	34.8099795282	34.8099795276	34.8099795276	29.409920195	29.409920195	17.109133429	17.109133429	17.109133429	0	30.4832696761	32.7331132681	32.7331132681	32.7331132721	35.6052553664	35.6052553664	47.4747992966	47.4747992996	47.4747992996	47.4747992996	47.4747992966	47.4747992996	47.4747992996	47.4747992986	51.1073393196	52.5489353429	52.5489353429	55.2737994869	55.2737994873	55.2737994873	55.2737994879	55.2737994879	55.2737994879	55.2737994879	55.2737994843	55.2737994883	55.2737994883	55.2737994843	55.2737994863	58.3101998329	58.3101998329	58.3101998299	58.3101998336	58.3101998336	58.3101998343	58.3101998343	58.3101998353	58.3101998353	58.3101998389	58.3101998339	58.3101998339	58.3101998339	58.3101998379	58.3101998319	58.3101998299	58.3101998299	66.54459999319	66.54459999319	66.54459999349	66.5445999931	66.5445999931	66.5445999937	66.5445999937	66.5445999937	66.5445999937	66.5445999942	66.5445999942	66.5445999942	66.5445999932	66.5445999932	66.5445999932	66.5445999946	66.5445999936	66.5445999936	66.5445999931	66.5445999901	66.5445999911	66.5445999979	66.5445999979	66.5445999934	66.5445999934	66.5445999894	66.544599996	66.544599997	66.544599993	66.544599993	66.544599998	66.544599998	66.5445999882	66.5445999882	66.5445999935	66.5445999965	71.6449999989	87.2756000582	87.2756000582	87.2756000582	87.2756000579	87.2756000579	87.2756000579	87.2756000564	87.2756000574	87.2756000577	87.2756000577	87.2756000577	87.2756000577	87.2756000577	87.2756000567	87.2756000568	87.2756000573	87.2756000572	87.2756000552	87.2756000579	87.2756000579	87.2756000569	87.2756000569	87.2756000529	87.2756000539	87.2756000579	87.2756000579	87.2756000579	87.2756000579	87.2756000599	87.2756000599	87.2756000579	87.2756000579	87.2756000549	87.2756000549	95.4102000599	139.5252000599	166.4444000402	166.4444000402	166.4444000372	166.4444000472	166.4444000552	166.4444000522	166.4444000522	166.4444000522	166.4444000522	166.4444000472	166.4444000282	177.8114000379	240.6208000479
Dasypeltis_abyssina	34.8099795326	34.8099795326	34.8099795348	34.8099795348	34.8099795331	34.8099795331	34.8099795354	34.8099795335	34.8099795335	34.8099795335	34.8099795337	34.8099795337	34.8099795337	34.8099795335	34.8099795331	34.8099795321	34.8099795315	34.8099795315	30.4832696811	30.4832696811	30.4832696771	30.4832696771	30.4832696771	30.4832696761	0	32.733113272	32.733113272	32.733113276	35.6052553703	35.6052553703	47.4747993005	47.4747993035	47.4747993035	47.4747993035	47.4747993005	47.4747993035	47.4747993035	47.4747993025	51.1073393235	52.5489353468	52.5489353468	55.2737994908	55.2737994912	55.2737994912	55.2737994918	55.2737994918	55.2737994918	55.2737994918	55.2737994882	55.2737994922	55.2737994922	55.2737994882	55.2737994902	58.3101998368	58.3101998368	58.3101998338	58.3101998375	58.3101998375	58.3101998382	58.3101998382	58.3101998392	58.3101998392	58.3101998428	58.3101998378	58.3101998378	58.3101998378	58.3101998418	58.3101998358	58.3101998338	58.3101998338	66.54459999709	66.54459999709	66.54459999739	66.544599997	66.544599997	66.5445999976	66.5445999976	66.5445999976	66.5445999976	66.5445999981	66.5445999981	66.5445999981	66.5445999971	66.5445999971	66.5445999971	66.5445999985	66.5445999975	66.5445999975	66.544599997	66.544599994	66.544599995	66.5446000018	66.5446000018	66.5445999973	66.5445999973	66.5445999933	66.5445999999	66.5446000009	66.5445999969	66.5445999969	66.5446000019	66.5446000019	66.5445999921	66.5445999921	66.5445999974	66.5446000004	71.6450000028	87.2756000621	87.2756000621	87.2756000621	87.2756000618	87.2756000618	87.2756000618	87.2756000603	87.2756000613	87.2756000616	87.2756000616	87.2756000616	87.2756000616	87.2756000616	87.2756000606	87.2756000607	87.2756000612	87.2756000611	87.2756000591	87.2756000618	87.2756000618	87.2756000608	87.2756000608	87.2756000568	87.2756000578	87.2756000618	87.2756000618	87.2756000618	87.2756000618	87.2756000638	87.2756000638	87.2756000618	87.2756000618	87.2756000588	87.2756000588	95.4102000638	139.5252000638	166.4444000441	166.4444000441	166.4444000411	166.4444000511	166.4444000591	166.4444000561	166.4444000561	166.4444000561	166.4444000561	166.4444000511	166.4444000321	177.8114000418	240.6208000518
Lycodon_aulicus	34.8099795286	34.8099795286	34.8099795308	34.8099795308	34.8099795291	34.8099795291	34.8099795314	34.8099795295	34.8099795295	34.8099795295	34.8099795297	34.8099795297	34.8099795297	34.8099795295	34.8099795291	34.8099795281	34.8099795275	34.8099795275	32.7331132731	32.7331132731	32.7331132691	32.7331132691	32.7331132691	32.7331132681	32.733113272	0	16.235404	25.840458796	35.6052553663	35.6052553663	47.4747992965	47.4747992995	47.4747992995	47.4747992995	47.4747992965	47.4747992995	47.4747992995	47.4747992985	51.1073393195	52.5489353428	52.5489353428	55.2737994868	55.2737994872	55.2737994872	55.2737994878	55.2737994878	55.2737994878	55.2737994878	55.2737994842	55.2737994882	55.2737994882	55.2737994842	55.2737994862	58.3101998328	58.3101998328	58.3101998298	58.3101998335	58.3101998335	58.3101998342	58.3101998342	58.3101998352	58.3101998352	58.3101998388	58.3101998338	58.3101998338	58.3101998338	58.3101998378	58.3101998318	58.3101998298	58.3101998298	66.54459999309	66.54459999309	66.54459999339	66.544599993	66.544599993	66.5445999936	66.5445999936	66.5445999936	66.5445999936	66.5445999941	66.5445999941	66.5445999941	66.5445999931	66.5445999931	66.5445999931	66.5445999945	66.5445999935	66.5445999935	66.544599993	66.54459999	66.544599991	66.5445999978	66.5445999978	66.5445999933	66.5445999933	66.5445999893	66.5445999959	66.5445999969	66.5445999929	66.5445999929	66.5445999979	66.5445999979	66.5445999881	66.5445999881	66.5445999934	66.5445999964	71.6449999988	87.2756000581	87.2756000581	87.2756000581	87.2756000578	87.2756000578	87.2756000578	87.2756000563	87.2756000573	87.2756000576	87.2756000576	87.2756000576	87.2756000576	87.2756000576	87.2756000566	87.2756000567	87.2756000572	87.2756000571	87.2756000551	87.2756000578	87.2756000578	87.2756000568	87.2756000568	87.2756000528	87.2756000538	87.2756000578	87.2756000578	87.2756000578	87.2756000578	87.2756000598	87.2756000598	87.2756000578	87.2756000578	87.2756000548	87.2756000548	95.4102000598	139.5252000598	166.4444000401	166.4444000401	166.4444000371	166.4444000471	166.4444000551	166.4444000521	166.4444000521	166.4444000521	166.4444000521	166.4444000471	166.4444000281	177.8114000378	240.6208000478
Lycodon_carinatus	34.8099795286	34.8099795286	34.8099795308	34.8099795308	34.8099795291	34.8099795291	34.8099795314	34.8099795295	34.8099795295	34.8099795295	34.8099795297	34.8099795297	34.8099795297	34.8099795295	34.8099795291	34.8099795281	34.8099795275	34.8099795275	32.7331132731	32.7331132731	32.7331132691	32.7331132691	32.7331132691	32.7331132681	32.733113272	16.235404	0	25.840458796	35.6052553663	35.6052553663	47.4747992965	47.4747992995	47.4747992995	47.4747992995	47.4747992965	47.4747992995	47.4747992995	47.4747992985	51.1073393195	52.5489353428	52.5489353428	55.2737994868	55.2737994872	55.2737994872	55.2737994878	55.2737994878	55.2737994878	55.2737994878	55.2737994842	55.2737994882	55.2737994882	55.2737994842	55.2737994862	58.3101998328	58.3101998328	58.3101998298	58.3101998335	58.3101998335	58.3101998342	58.3101998342	58.3101998352	58.3101998352	58.3101998388	58.3101998338	58.3101998338	58.3101998338	58.3101998378	58.3101998318	58.3101998298	58.3101998298	66.54459999309	66.54459999309	66.54459999339	66.544599993	66.544599993	66.5445999936	66.5445999936	66.5445999936	66.5445999936	66.5445999941	66.5445999941	66.5445999941	66.5445999931	66.5445999931	66.5445999931	66.5445999945	66.5445999935	66.5445999935	66.544599993	66.54459999	66.544599991	66.5445999978	66.5445999978	66.5445999933	66.5445999933	66.5445999893	66.5445999959	66.5445999969	66.5445999929	66.5445999929	66.5445999979	66.5445999979	66.5445999881	66.5445999881	66.5445999934	66.5445999964	71.6449999988	87.2756000581	87.2756000581	87.2756000581	87.2756000578	87.2756000578	87.2756000578	87.2756000563	87.2756000573	87.2756000576	87.2756000576	87.2756000576	87.2756000576	87.2756000576	87.2756000566	87.2756000567	87.2756000572	87.2756000571	87.2756000551	87.2756000578	87.2756000578	87.2756000568	87.2756000568	87.2756000528	87.2756000538	87.2756000578	87.2756000578	87.2756000578	87.2756000578	87.2756000598	87.2756000598	87.2756000578	87.2756000578	87.2756000548	87.2756000548	95.4102000598	139.5252000598	166.4444000401	166.4444000401	166.4444000371	166.4444000471	166.4444000551	166.4444000521	166.4444000521	166.4444000521	166.4444000521	166.4444000471	166.4444000281	177.8114000378	240.6208000478
Stegonotus_admiraltiensis	34.8099795326	34.8099795326	34.8099795348	34.8099795348	34.8099795331	34.8099795331	34.8099795354	34.8099795335	34.8099795335	34.8099795335	34.8099795337	34.8099795337	34.8099795337	34.8099795335	34.8099795331	34.8099795321	34.8099795315	34.8099795315	32.7331132771	32.7331132771	32.7331132731	32.7331132731	32.7331132731	32.7331132721	32.733113276	25.840458796	25.840458796	0	35.6052553703	35.6052553703	47.4747993005	47.4747993035	47.4747993035	47.4747993035	47.4747993005	47.4747993035	47.4747993035	47.4747993025	51.1073393235	52.5489353468	52.5489353468	55.2737994908	55.2737994912	55.2737994912	55.2737994918	55.2737994918	55.2737994918	55.2737994918	55.2737994882	55.2737994922	55.2737994922	55.2737994882	55.2737994902	58.3101998368	58.3101998368	58.3101998338	58.3101998375	58.3101998375	58.3101998382	58.3101998382	58.3101998392	58.3101998392	58.3101998428	58.3101998378	58.3101998378	58.3101998378	58.3101998418	58.3101998358	58.3101998338	58.3101998338	66.54459999709	66.54459999709	66.54459999739	66.544599997	66.544599997	66.5445999976	66.5445999976	66.5445999976	66.5445999976	66.5445999981	66.5445999981	66.5445999981	66.5445999971	66.5445999971	66.5445999971	66.5445999985	66.5445999975	66.5445999975	66.544599997	66.544599994	66.544599995	66.5446000018	66.5446000018	66.5445999973	66.5445999973	66.5445999933	66.5445999999	66.5446000009	66.5445999969	66.5445999969	66.5446000019	66.5446000019	66.5445999921	66.5445999921	66.5445999974	66.5446000004	71.6450000028	87.2756000621	87.2756000621	87.2756000621	87.2756000618	87.2756000618	87.2756000618	87.2756000603	87.2756000613	87.2756000616	87.2756000616	87.2756000616	87.2756000616	87.2756000616	87.2756000606	87.2756000607	87.2756000612	87.2756000611	87.2756000591	87.2756000618	87.2756000618	87.2756000608	87.2756000608	87.2756000568	87.2756000578	87.2756000618	87.2756000618	87.2756000618	87.2756000618	87.2756000638	87.2756000638	87.2756000618	87.2756000618	87.2756000588	87.2756000588	95.4102000638	139.5252000638	166.4444000441	166.4444000441	166.4444000411	166.4444000511	166.4444000591	166.4444000561	166.4444000561	166.4444000561	166.4444000561	166.4444000511	166.4444000321	177.8114000418	240.6208000518
Hemorrhois_hippocrepis	35.6052553669	35.6052553669	35.6052553691	35.6052553691	35.6052553674	35.6052553674	35.6052553697	35.6052553678	35.6052553678	35.6052553678	35.605255368	35.605255368	35.605255368	35.6052553678	35.6052553674	35.6052553664	35.6052553658	35.6052553658	35.6052553714	35.6052553714	35.6052553674	35.6052553674	35.6052553674	35.6052553664	35.6052553703	35.6052553663	35.6052553663	35.6052553703	0	34.85993274	47.4747992998	47.4747993028	47.4747993028	47.4747993028	47.4747992998	47.4747993028	47.4747993028	47.4747993018	51.1073393228	52.5489353461	52.5489353461	55.2737994901	55.2737994905	55.2737994905	55.2737994911	55.2737994911	55.2737994911	55.2737994911	55.2737994875	55.2737994915	55.2737994915	55.2737994875	55.2737994895	58.3101998361	58.3101998361	58.3101998331	58.3101998368	58.3101998368	58.3101998375	58.3101998375	58.3101998385	58.3101998385	58.3101998421	58.3101998371	58.3101998371	58.3101998371	58.3101998411	58.3101998351	58.3101998331	58.3101998331	66.54459999639	66.54459999639	66.54459999669	66.5445999963	66.5445999963	66.5445999969	66.5445999969	66.5445999969	66.5445999969	66.5445999974	66.5445999974	66.5445999974	66.5445999964	66.5445999964	66.5445999964	66.5445999978	66.5445999968	66.5445999968	66.5445999963	66.5445999933	66.5445999943	66.5446000011	66.5446000011	66.5445999966	66.5445999966	66.5445999926	66.5445999992	66.5446000002	66.5445999962	66.5445999962	66.5446000012	66.5446000012	66.5445999914	66.5445999914	66.5445999967	66.5445999997	71.6450000021	87.2756000614	87.2756000614	87.2756000614	87.2756000611	87.2756000611	87.2756000611	87.2756000596	87.2756000606	87.2756000609	87.2756000609	87.2756000609	87.2756000609	87.2756000609	87.2756000599	87.27560006	87.2756000605	87.2756000604	87.2756000584	87.2756000611	87.2756000611	87.2756000601	87.2756000601	87.2756000561	87.2756000571	87.2756000611	87.2756000611	87.2756000611	87.2756000611	87.2756000631	87.2756000631	87.2756000611	87.2756000611	87.2756000581	87.2756000581	95.4102000631	139.5252000631	166.4444000434	166.4444000434	166.4444000404	166.4444000504	166.4444000584	166.4444000554	166.4444000554	166.4444000554	166.4444000554	166.4444000504	166.4444000314	177.8114000411	240.6208000511
Philothamnus_battersbyi	35.6052553669	35.6052553669	35.6052553691	35.6052553691	35.6052553674	35.6052553674	35.6052553697	35.6052553678	35.6052553678	35.6052553678	35.605255368	35.605255368	35.605255368	35.6052553678	35.6052553674	35.6052553664	35.6052553658	35.6052553658	35.6052553714	35.6052553714	35.6052553674	35.6052553674	35.6052553674	35.6052553664	35.6052553703	35.6052553663	35.6052553663	35.6052553703	34.85993274	0	47.4747992998	47.4747993028	47.4747993028	47.4747993028	47.4747992998	47.4747993028	47.4747993028	47.4747993018	51.1073393228	52.5489353461	52.5489353461	55.2737994901	55.2737994905	55.2737994905	55.2737994911	55.2737994911	55.2737994911	55.2737994911	55.2737994875	55.2737994915	55.2737994915	55.2737994875	55.2737994895	58.3101998361	58.3101998361	58.3101998331	58.3101998368	58.3101998368	58.3101998375	58.3101998375	58.3101998385	58.3101998385	58.3101998421	58.3101998371	58.3101998371	58.3101998371	58.3101998411	58.3101998351	58.3101998331	58.3101998331	66.54459999639	66.54459999639	66.54459999669	66.5445999963	66.5445999963	66.5445999969	66.5445999969	66.5445999969	66.5445999969	66.5445999974	66.5445999974	66.5445999974	66.5445999964	66.5445999964	66.5445999964	66.5445999978	66.5445999968	66.5445999968	66.5445999963	66.5445999933	66.5445999943	66.5446000011	66.5446000011	66.5445999966	66.5445999966	66.5445999926	66.5445999992	66.5446000002	66.5445999962	66.5445999962	66.5446000012	66.5446000012	66.5445999914	66.5445999914	66.5445999967	66.5445999997	71.6450000021	87.2756000614	87.2756000614	87.2756000614	87.2756000611	87.2756000611	87.2756000611	87.2756000596	87.2756000606	87.2756000609	87.2756000609	87.2756000609	87.2756000609	87.2756000609	87.2756000599	87.27560006	87.2756000605	87.2756000604	87.2756000584	87.2756000611	87.2756000611	87.2756000601	87.2756000601	87.2756000561	87.2756000571	87.2756000611	87.2756000611	87.2756000611	87.2756000611	87.2756000631	87.2756000631	87.2756000611	87.2756000611	87.2756000581	87.2756000581	95.4102000631	139.5252000631	166.4444000434	166.4444000434	166.4444000404	166.4444000504	166.4444000584	166.4444000554	166.4444000554	166.4444000554	166.4444000554	166.4444000504	166.4444000314	177.8114000411	240.6208000511
Dendrelaphis_bifrenalis	47.4747992971	47.4747992971	47.4747992993	47.4747992993	47.4747992976	47.4747992976	47.4747992999	47.474799298	47.474799298	47.474799298	47.4747992982	47.4747992982	47.4747992982	47.474799298	47.4747992976	47.4747992966	47.474799296	47.474799296	47.4747993016	47.4747993016	47.4747992976	47.4747992976	47.4747992976	47.4747992966	47.4747993005	47.4747992965	47.4747992965	47.4747993005	47.4747992998	47.4747992998	0	27.433374103	27.433374103	30.117922197	34.93063416	38.307226481	38.307226481	38.30722648	51.107339317	52.5489353403	52.5489353403	55.2737994843	55.2737994847	55.2737994847	55.2737994853	55.2737994853	55.2737994853	55.2737994853	55.2737994817	55.2737994857	55.2737994857	55.2737994817	55.2737994837	58.3101998303	58.3101998303	58.3101998273	58.310199831	58.310199831	58.3101998317	58.3101998317	58.3101998327	58.3101998327	58.3101998363	58.3101998313	58.3101998313	58.3101998313	58.3101998353	58.3101998293	58.3101998273	58.3101998273	66.54459999059	66.54459999059	66.54459999089	66.5445999905	66.5445999905	66.5445999911	66.5445999911	66.5445999911	66.5445999911	66.5445999916	66.5445999916	66.5445999916	66.5445999906	66.5445999906	66.5445999906	66.544599992	66.544599991	66.544599991	66.5445999905	66.5445999875	66.5445999885	66.5445999953	66.5445999953	66.5445999908	66.5445999908	66.5445999868	66.5445999934	66.5445999944	66.5445999904	66.5445999904	66.5445999954	66.5445999954	66.5445999856	66.5445999856	66.5445999909	66.5445999939	71.6449999963	87.2756000556	87.2756000556	87.2756000556	87.2756000553	87.2756000553	87.2756000553	87.2756000538	87.2756000548	87.2756000551	87.2756000551	87.2756000551	87.2756000551	87.2756000551	87.2756000541	87.2756000542	87.2756000547	87.2756000546	87.2756000526	87.2756000553	87.2756000553	87.2756000543	87.2756000543	87.2756000503	87.2756000513	87.2756000553	87.2756000553	87.2756000553	87.2756000553	87.2756000573	87.2756000573	87.2756000553	87.2756000553	87.2756000523	87.2756000523	95.4102000573	139.5252000573	166.4444000376	166.4444000376	166.4444000346	166.4444000446	166.4444000526	166.4444000496	166.4444000496	166.4444000496	166.4444000496	166.4444000446	166.4444000256	177.8114000353	240.6208000453
Dendrelaphis_tristis	47.4747993001	47.4747993001	47.4747993023	47.4747993023	47.4747993006	47.4747993006	47.4747993029	47.474799301	47.474799301	47.474799301	47.4747993012	47.4747993012	47.4747993012	47.474799301	47.4747993006	47.4747992996	47.474799299	47.474799299	47.4747993046	47.4747993046	47.4747993006	47.4747993006	47.4747993006	47.4747992996	47.4747993035	47.4747992995	47.4747992995	47.4747993035	47.4747993028	47.4747993028	27.433374103	0	15.392048	30.1179222	34.930634163	38.307226484	38.307226484	38.307226483	51.10733932	52.5489353433	52.5489353433	55.2737994873	55.2737994877	55.2737994877	55.2737994883	55.2737994883	55.2737994883	55.2737994883	55.2737994847	55.2737994887	55.2737994887	55.2737994847	55.2737994867	58.3101998333	58.3101998333	58.3101998303	58.310199834	58.310199834	58.3101998347	58.3101998347	58.3101998357	58.3101998357	58.3101998393	58.3101998343	58.3101998343	58.3101998343	58.3101998383	58.3101998323	58.3101998303	58.3101998303	66.54459999359	66.54459999359	66.54459999389	66.5445999935	66.5445999935	66.5445999941	66.5445999941	66.5445999941	66.5445999941	66.5445999946	66.5445999946	66.5445999946	66.5445999936	66.5445999936	66.5445999936	66.544599995	66.544599994	66.544599994	66.5445999935	66.5445999905	66.5445999915	66.5445999983	66.5445999983	66.5445999938	66.5445999938	66.5445999898	66.5445999964	66.5445999974	66.5445999934	66.5445999934	66.5445999984	66.5445999984	66.5445999886	66.5445999886	66.5445999939	66.5445999969	71.6449999993	87.2756000586	87.2756000586	87.2756000586	87.2756000583	87.2756000583	87.2756000583	87.2756000568	87.2756000578	87.2756000581	87.2756000581	87.2756000581	87.2756000581	87.2756000581	87.2756000571	87.2756000572	87.2756000577	87.2756000576	87.2756000556	87.2756000583	87.2756000583	87.2756000573	87.2756000573	87.2756000533	87.2756000543	87.2756000583	87.2756000583	87.2756000583	87.2756000583	87.2756000603	87.2756000603	87.2756000583	87.2756000583	87.2756000553	87.2756000553	95.4102000603	139.5252000603	166.4444000406	166.4444000406	166.4444000376	166.4444000476	166.4444000556	166.4444000526	166.4444000526	166.4444000526	166.4444000526	166.4444000476	166.4444000286	177.8114000383	240.6208000483
Dendrelaphis_schokari	47.4747993001	47.4747993001	47.4747993023	47.4747993023	47.4747993006	47.4747993006	47.4747993029	47.474799301	47.474799301	47.474799301	47.4747993012	47.4747993012	47.4747993012	47.474799301	47.4747993006	47.4747992996	47.474799299	47.474799299	47.4747993046	47.4747993046	47.4747993006	47.4747993006	47.4747993006	47.4747992996	47.4747993035	47.4747992995	47.4747992995	47.4747993035	47.4747993028	47.4747993028	27.433374103	15.392048	0	30.1179222	34.930634163	38.307226484	38.307226484	38.307226483	51.10733932	52.5489353433	52.5489353433	55.2737994873	55.2737994877	55.2737994877	55.2737994883	55.2737994883	55.2737994883	55.2737994883	55.2737994847	55.2737994887	55.2737994887	55.2737994847	55.2737994867	58.3101998333	58.3101998333	58.3101998303	58.310199834	58.310199834	58.3101998347	58.3101998347	58.3101998357	58.3101998357	58.3101998393	58.3101998343	58.3101998343	58.3101998343	58.3101998383	58.3101998323	58.3101998303	58.3101998303	66.54459999359	66.54459999359	66.54459999389	66.5445999935	66.5445999935	66.5445999941	66.5445999941	66.5445999941	66.5445999941	66.5445999946	66.5445999946	66.5445999946	66.5445999936	66.5445999936	66.5445999936	66.544599995	66.544599994	66.544599994	66.5445999935	66.5445999905	66.5445999915	66.5445999983	66.5445999983	66.5445999938	66.5445999938	66.5445999898	66.5445999964	66.5445999974	66.5445999934	66.5445999934	66.5445999984	66.5445999984	66.5445999886	66.5445999886	66.5445999939	66.5445999969	71.6449999993	87.2756000586	87.2756000586	87.2756000586	87.2756000583	87.2756000583	87.2756000583	87.2756000568	87.2756000578	87.2756000581	87.2756000581	87.2756000581	87.2756000581	87.2756000581	87.2756000571	87.2756000572	87.2756000577	87.2756000576	87.2756000556	87.2756000583	87.2756000583	87.2756000573	87.2756000573	87.2756000533	87.2756000543	87.2756000583	87.2756000583	87.2756000583	87.2756000583	87.2756000603	87.2756000603	87.2756000583	87.2756000583	87.2756000553	87.2756000553	95.4102000603	139.5252000603	166.4444000406	166.4444000406	166.4444000376	166.4444000476	166.4444000556	166.4444000526	166.4444000526	166.4444000526	166.4444000526	166.4444000476	166.4444000286	177.8114000383	240.6208000483
Dendrelaphis_caudolineolatus	47.4747993001	47.4747993001	47.4747993023	47.4747993023	47.4747993006	47.4747993006	47.4747993029	47.474799301	47.474799301	47.474799301	47.4747993012	47.4747993012	47.4747993012	47.474799301	47.4747993006	47.4747992996	47.474799299	47.474799299	47.4747993046	47.4747993046	47.4747993006	47.4747993006	47.4747993006	47.4747992996	47.4747993035	47.4747992995	47.4747992995	47.4747993035	47.4747993028	47.4747993028	30.117922197	30.1179222	30.1179222	0	34.930634163	38.307226484	38.307226484	38.307226483	51.10733932	52.5489353433	52.5489353433	55.2737994873	55.2737994877	55.2737994877	55.2737994883	55.2737994883	55.2737994883	55.2737994883	55.2737994847	55.2737994887	55.2737994887	55.2737994847	55.2737994867	58.3101998333	58.3101998333	58.3101998303	58.310199834	58.310199834	58.3101998347	58.3101998347	58.3101998357	58.3101998357	58.3101998393	58.3101998343	58.3101998343	58.3101998343	58.3101998383	58.3101998323	58.3101998303	58.3101998303	66.54459999359	66.54459999359	66.54459999389	66.5445999935	66.5445999935	66.5445999941	66.5445999941	66.5445999941	66.5445999941	66.5445999946	66.5445999946	66.5445999946	66.5445999936	66.5445999936	66.5445999936	66.544599995	66.544599994	66.544599994	66.5445999935	66.5445999905	66.5445999915	66.5445999983	66.5445999983	66.5445999938	66.5445999938	66.5445999898	66.5445999964	66.5445999974	66.5445999934	66.5445999934	66.5445999984	66.5445999984	66.5445999886	66.5445999886	66.5445999939	66.5445999969	71.6449999993	87.2756000586	87.2756000586	87.2756000586	87.2756000583	87.2756000583	87.2756000583	87.2756000568	87.2756000578	87.2756000581	87.2756000581	87.2756000581	87.2756000581	87.2756000581	87.2756000571	87.2756000572	87.2756000577	87.2756000576	87.2756000556	87.2756000583	87.2756000583	87.2756000573	87.2756000573	87.2756000533	87.2756000543	87.2756000583	87.2756000583	87.2756000583	87.2756000583	87.2756000603	87.2756000603	87.2756000583	87.2756000583	87.2756000553	87.2756000553	95.4102000603	139.5252000603	166.4444000406	166.4444000406	166.4444000376	166.4444000476	166.4444000556	166.4444000526	166.4444000526	166.4444000526	166.4444000526	166.4444000476	166.4444000286	177.8114000383	240.6208000483
Chrysopelea_ornata	47.4747992971	47.4747992971	47.4747992993	47.4747992993	47.4747992976	47.4747992976	47.4747992999	47.474799298	47.474799298	47.474799298	47.4747992982	47.4747992982	47.4747992982	47.474799298	47.4747992976	47.4747992966	47.474799296	47.474799296	47.4747993016	47.4747993016	47.4747992976	47.4747992976	47.4747992976	47.4747992966	47.4747993005	47.4747992965	47.4747992965	47.4747993005	47.4747992998	47.4747992998	34.93063416	34.930634163	34.930634163	34.930634163	0	38.307226481	38.307226481	38.30722648	51.107339317	52.5489353403	52.5489353403	55.2737994843	55.2737994847	55.2737994847	55.2737994853	55.2737994853	55.2737994853	55.2737994853	55.2737994817	55.2737994857	55.2737994857	55.2737994817	55.2737994837	58.3101998303	58.3101998303	58.3101998273	58.310199831	58.310199831	58.3101998317	58.3101998317	58.3101998327	58.3101998327	58.3101998363	58.3101998313	58.3101998313	58.3101998313	58.3101998353	58.3101998293	58.3101998273	58.3101998273	66.54459999059	66.54459999059	66.54459999089	66.5445999905	66.5445999905	66.5445999911	66.5445999911	66.5445999911	66.5445999911	66.5445999916	66.5445999916	66.5445999916	66.5445999906	66.5445999906	66.5445999906	66.544599992	66.544599991	66.544599991	66.5445999905	66.5445999875	66.5445999885	66.5445999953	66.5445999953	66.5445999908	66.5445999908	66.5445999868	66.5445999934	66.5445999944	66.5445999904	66.5445999904	66.5445999954	66.5445999954	66.5445999856	66.5445999856	66.5445999909	66.5445999939	71.6449999963	87.2756000556	87.2756000556	87.2756000556	87.2756000553	87.2756000553	87.2756000553	87.2756000538	87.2756000548	87.2756000551	87.2756000551	87.2756000551	87.2756000551	87.2756000551	87.2756000541	87.2756000542	87.2756000547	87.2756000546	87.2756000526	87.2756000553	87.2756000553	87.2756000543	87.2756000543	87.2756000503	87.2756000513	87.2756000553	87.2756000553	87.2756000553	87.2756000553	87.2756000573	87.2756000573	87.2756000553	87.2756000553	87.2756000523	87.2756000523	95.4102000573	139.5252000573	166.4444000376	166.4444000376	166.4444000346	166.4444000446	166.4444000526	166.4444000496	166.4444000496	166.4444000496	166.4444000496	166.4444000446	166.4444000256	177.8114000353	240.6208000453
Ahaetulla_pulverulenta	47.4747993001	47.4747993001	47.4747993023	47.4747993023	47.4747993006	47.4747993006	47.4747993029	47.474799301	47.474799301	47.474799301	47.4747993012	47.4747993012	47.4747993012	47.474799301	47.4747993006	47.4747992996	47.474799299	47.474799299	47.4747993046	47.4747993046	47.4747993006	47.4747993006	47.4747993006	47.4747992996	47.4747993035	47.4747992995	47.4747992995	47.4747993035	47.4747993028	47.4747993028	38.307226481	38.307226484	38.307226484	38.307226484	38.307226481	0	9.29151	20.337817141	51.10733932	52.5489353433	52.5489353433	55.2737994873	55.2737994877	55.2737994877	55.2737994883	55.2737994883	55.2737994883	55.2737994883	55.2737994847	55.2737994887	55.2737994887	55.2737994847	55.2737994867	58.3101998333	58.3101998333	58.3101998303	58.310199834	58.310199834	58.3101998347	58.3101998347	58.3101998357	58.3101998357	58.3101998393	58.3101998343	58.3101998343	58.3101998343	58.3101998383	58.3101998323	58.3101998303	58.3101998303	66.54459999359	66.54459999359	66.54459999389	66.5445999935	66.5445999935	66.5445999941	66.5445999941	66.5445999941	66.5445999941	66.5445999946	66.5445999946	66.5445999946	66.5445999936	66.5445999936	66.5445999936	66.544599995	66.544599994	66.544599994	66.5445999935	66.5445999905	66.5445999915	66.5445999983	66.5445999983	66.5445999938	66.5445999938	66.5445999898	66.5445999964	66.5445999974	66.5445999934	66.5445999934	66.5445999984	66.5445999984	66.5445999886	66.5445999886	66.5445999939	66.5445999969	71.6449999993	87.2756000586	87.2756000586	87.2756000586	87.2756000583	87.2756000583	87.2756000583	87.2756000568	87.2756000578	87.2756000581	87.2756000581	87.2756000581	87.2756000581	87.2756000581	87.2756000571	87.2756000572	87.2756000577	87.2756000576	87.2756000556	87.2756000583	87.2756000583	87.2756000573	87.2756000573	87.2756000533	87.2756000543	87.2756000583	87.2756000583	87.2756000583	87.2756000583	87.2756000603	87.2756000603	87.2756000583	87.2756000583	87.2756000553	87.2756000553	95.4102000603	139.5252000603	166.4444000406	166.4444000406	166.4444000376	166.4444000476	166.4444000556	166.4444000526	166.4444000526	166.4444000526	166.4444000526	166.4444000476	166.4444000286	177.8114000383	240.6208000483
Ahaetulla_nasuta	47.4747993001	47.4747993001	47.4747993023	47.4747993023	47.4747993006	47.4747993006	47.4747993029	47.474799301	47.474799301	47.474799301	47.4747993012	47.4747993012	47.4747993012	47.474799301	47.4747993006	47.4747992996	47.474799299	47.474799299	47.4747993046	47.4747993046	47.4747993006	47.4747993006	47.4747993006	47.4747992996	47.4747993035	47.4747992995	47.4747992995	47.4747993035	47.4747993028	47.4747993028	38.307226481	38.307226484	38.307226484	38.307226484	38.307226481	9.29151	0	20.337817141	51.10733932	52.5489353433	52.5489353433	55.2737994873	55.2737994877	55.2737994877	55.2737994883	55.2737994883	55.2737994883	55.2737994883	55.2737994847	55.2737994887	55.2737994887	55.2737994847	55.2737994867	58.3101998333	58.3101998333	58.3101998303	58.310199834	58.310199834	58.3101998347	58.3101998347	58.3101998357	58.3101998357	58.3101998393	58.3101998343	58.3101998343	58.3101998343	58.3101998383	58.3101998323	58.3101998303	58.3101998303	66.54459999359	66.54459999359	66.54459999389	66.5445999935	66.5445999935	66.5445999941	66.5445999941	66.5445999941	66.5445999941	66.5445999946	66.5445999946	66.5445999946	66.5445999936	66.5445999936	66.5445999936	66.544599995	66.544599994	66.544599994	66.5445999935	66.5445999905	66.5445999915	66.5445999983	66.5445999983	66.5445999938	66.5445999938	66.5445999898	66.5445999964	66.5445999974	66.5445999934	66.5445999934	66.5445999984	66.5445999984	66.5445999886	66.5445999886	66.5445999939	66.5445999969	71.6449999993	87.2756000586	87.2756000586	87.2756000586	87.2756000583	87.2756000583	87.2756000583	87.2756000568	87.2756000578	87.2756000581	87.2756000581	87.2756000581	87.2756000581	87.2756000581	87.2756000571	87.2756000572	87.2756000577	87.2756000576	87.2756000556	87.2756000583	87.2756000583	87.2756000573	87.2756000573	87.2756000533	87.2756000543	87.2756000583	87.2756000583	87.2756000583	87.2756000583	87.2756000603	87.2756000603	87.2756000583	87.2756000583	87.2756000553	87.2756000553	95.4102000603	139.5252000603	166.4444000406	166.4444000406	166.4444000376	166.4444000476	166.4444000556	166.4444000526	166.4444000526	166.4444000526	166.4444000526	166.4444000476	166.4444000286	177.8114000383	240.6208000483
Ahaetulla_prasina	47.4747992991	47.4747992991	47.4747993013	47.4747993013	47.4747992996	47.4747992996	47.4747993019	47.4747993	47.4747993	47.4747993	47.4747993002	47.4747993002	47.4747993002	47.4747993	47.4747992996	47.4747992986	47.474799298	47.474799298	47.4747993036	47.4747993036	47.4747992996	47.4747992996	47.4747992996	47.4747992986	47.4747993025	47.4747992985	47.4747992985	47.4747993025	47.4747993018	47.4747993018	38.30722648	38.307226483	38.307226483	38.307226483	38.30722648	20.337817141	20.337817141	0	51.107339319	52.5489353423	52.5489353423	55.2737994863	55.2737994867	55.2737994867	55.2737994873	55.2737994873	55.2737994873	55.2737994873	55.2737994837	55.2737994877	55.2737994877	55.2737994837	55.2737994857	58.3101998323	58.3101998323	58.3101998293	58.310199833	58.310199833	58.3101998337	58.3101998337	58.3101998347	58.3101998347	58.3101998383	58.3101998333	58.3101998333	58.3101998333	58.3101998373	58.3101998313	58.3101998293	58.3101998293	66.54459999259	66.54459999259	66.54459999289	66.5445999925	66.5445999925	66.5445999931	66.5445999931	66.5445999931	66.5445999931	66.5445999936	66.5445999936	66.5445999936	66.5445999926	66.5445999926	66.5445999926	66.544599994	66.544599993	66.544599993	66.5445999925	66.5445999895	66.5445999905	66.5445999973	66.5445999973	66.5445999928	66.5445999928	66.5445999888	66.5445999954	66.5445999964	66.5445999924	66.5445999924	66.5445999974	66.5445999974	66.5445999876	66.5445999876	66.5445999929	66.5445999959	71.6449999983	87.2756000576	87.2756000576	87.2756000576	87.2756000573	87.2756000573	87.2756000573	87.2756000558	87.2756000568	87.2756000571	87.2756000571	87.2756000571	87.2756000571	87.2756000571	87.2756000561	87.2756000562	87.2756000567	87.2756000566	87.2756000546	87.2756000573	87.2756000573	87.2756000563	87.2756000563	87.2756000523	87.2756000533	87.2756000573	87.2756000573	87.2756000573	87.2756000573	87.2756000593	87.2756000593	87.2756000573	87.2756000573	87.2756000543	87.2756000543	95.4102000593	139.5252000593	166.4444000396	166.4444000396	166.4444000366	166.4444000466	166.4444000546	166.4444000516	166.4444000516	166.4444000516	166.4444000516	166.4444000466	166.4444000276	177.8114000373	240.6208000473
Grayia_smithii	51.1073393201	51.1073393201	51.1073393223	51.1073393223	51.1073393206	51.1073393206	51.1073393229	51.107339321	51.107339321	51.107339321	51.1073393212	51.1073393212	51.1073393212	51.107339321	51.1073393206	51.1073393196	51.107339319	51.107339319	51.1073393246	51.1073393246	51.1073393206	51.1073393206	51.1073393206	51.1073393196	51.1073393235	51.1073393195	51.1073393195	51.1073393235	51.1073393228	51.1073393228	51.107339317	51.10733932	51.10733932	51.10733932	51.107339317	51.10733932	51.10733932	51.107339319	0	52.5489353433	52.5489353433	55.2737994873	55.2737994877	55.2737994877	55.2737994883	55.2737994883	55.2737994883	55.2737994883	55.2737994847	55.2737994887	55.2737994887	55.2737994847	55.2737994867	58.3101998333	58.3101998333	58.3101998303	58.310199834	58.310199834	58.3101998347	58.3101998347	58.3101998357	58.3101998357	58.3101998393	58.3101998343	58.3101998343	58.3101998343	58.3101998383	58.3101998323	58.3101998303	58.3101998303	66.54459999359	66.54459999359	66.54459999389	66.5445999935	66.5445999935	66.5445999941	66.5445999941	66.5445999941	66.5445999941	66.5445999946	66.5445999946	66.5445999946	66.5445999936	66.5445999936	66.5445999936	66.544599995	66.544599994	66.544599994	66.5445999935	66.5445999905	66.5445999915	66.5445999983	66.5445999983	66.5445999938	66.5445999938	66.5445999898	66.5445999964	66.5445999974	66.5445999934	66.5445999934	66.5445999984	66.5445999984	66.5445999886	66.5445999886	66.5445999939	66.5445999969	71.6449999993	87.2756000586	87.2756000586	87.2756000586	87.2756000583	87.2756000583	87.2756000583	87.2756000568	87.2756000578	87.2756000581	87.2756000581	87.2756000581	87.2756000581	87.2756000581	87.2756000571	87.2756000572	87.2756000577	87.2756000576	87.2756000556	87.2756000583	87.2756000583	87.2756000573	87.2756000573	87.2756000533	87.2756000543	87.2756000583	87.2756000583	87.2756000583	87.2756000583	87.2756000603	87.2756000603	87.2756000583	87.2756000583	87.2756000553	87.2756000553	95.4102000603	139.5252000603	166.4444000406	166.4444000406	166.4444000376	166.4444000476	166.4444000556	166.4444000526	166.4444000526	166.4444000526	166.4444000526	166.4444000476	166.4444000286	177.8114000383	240.6208000483
Sibynophis_collaris	52.5489353434	52.5489353434	52.5489353456	52.5489353456	52.5489353439	52.5489353439	52.5489353462	52.5489353443	52.5489353443	52.5489353443	52.5489353445	52.5489353445	52.5489353445	52.5489353443	52.5489353439	52.5489353429	52.5489353423	52.5489353423	52.5489353479	52.5489353479	52.5489353439	52.5489353439	52.5489353439	52.5489353429	52.5489353468	52.5489353428	52.5489353428	52.5489353468	52.5489353461	52.5489353461	52.5489353403	52.5489353433	52.5489353433	52.5489353433	52.5489353403	52.5489353433	52.5489353433	52.5489353423	52.5489353433	0	35.6732804	55.273799488	55.2737994884	55.2737994884	55.273799489	55.273799489	55.273799489	55.273799489	55.2737994854	55.2737994894	55.2737994894	55.2737994854	55.2737994874	58.310199834	58.310199834	58.310199831	58.3101998347	58.3101998347	58.3101998354	58.3101998354	58.3101998364	58.3101998364	58.31019984	58.310199835	58.310199835	58.310199835	58.310199839	58.310199833	58.310199831	58.310199831	66.54459999429	66.54459999429	66.54459999459	66.5445999942	66.5445999942	66.5445999948	66.5445999948	66.5445999948	66.5445999948	66.5445999953	66.5445999953	66.5445999953	66.5445999943	66.5445999943	66.5445999943	66.5445999957	66.5445999947	66.5445999947	66.5445999942	66.5445999912	66.5445999922	66.544599999	66.544599999	66.5445999945	66.5445999945	66.5445999905	66.5445999971	66.5445999981	66.5445999941	66.5445999941	66.5445999991	66.5445999991	66.5445999893	66.5445999893	66.5445999946	66.5445999976	71.645	87.2756000593	87.2756000593	87.2756000593	87.275600059	87.275600059	87.275600059	87.2756000575	87.2756000585	87.2756000588	87.2756000588	87.2756000588	87.2756000588	87.2756000588	87.2756000578	87.2756000579	87.2756000584	87.2756000583	87.2756000563	87.275600059	87.275600059	87.275600058	87.275600058	87.275600054	87.275600055	87.275600059	87.275600059	87.275600059	87.275600059	87.275600061	87.275600061	87.275600059	87.275600059	87.275600056	87.275600056	95.410200061	139.525200061	166.4444000413	166.4444000413	166.4444000383	166.4444000483	166.4444000563	166.4444000533	166.4444000533	166.4444000533	166.4444000533	166.4444000483	166.4444000293	177.811400039	240.620800049
Sibynophis_subpunctatus	52.5489353434	52.5489353434	52.5489353456	52.5489353456	52.5489353439	52.5489353439	52.5489353462	52.5489353443	52.5489353443	52.5489353443	52.5489353445	52.5489353445	52.5489353445	52.5489353443	52.5489353439	52.5489353429	52.5489353423	52.5489353423	52.5489353479	52.5489353479	52.5489353439	52.5489353439	52.5489353439	52.5489353429	52.5489353468	52.5489353428	52.5489353428	52.5489353468	52.5489353461	52.5489353461	52.5489353403	52.5489353433	52.5489353433	52.5489353433	52.5489353403	52.5489353433	52.5489353433	52.5489353423	52.5489353433	35.6732804	0	55.273799488	55.2737994884	55.2737994884	55.273799489	55.273799489	55.273799489	55.273799489	55.2737994854	55.2737994894	55.2737994894	55.2737994854	55.2737994874	58.310199834	58.310199834	58.310199831	58.3101998347	58.3101998347	58.3101998354	58.3101998354	58.3101998364	58.3101998364	58.31019984	58.310199835	58.310199835	58.310199835	58.310199839	58.310199833	58.310199831	58.310199831	66.54459999429	66.54459999429	66.54459999459	66.5445999942	66.5445999942	66.5445999948	66.5445999948	66.5445999948	66.5445999948	66.5445999953	66.5445999953	66.5445999953	66.5445999943	66.5445999943	66.5445999943	66.5445999957	66.5445999947	66.5445999947	66.5445999942	66.5445999912	66.5445999922	66.544599999	66.544599999	66.5445999945	66.5445999945	66.5445999905	66.5445999971	66.5445999981	66.5445999941	66.5445999941	66.5445999991	66.5445999991	66.5445999893	66.5445999893	66.5445999946	66.5445999976	71.645	87.2756000593	87.2756000593	87.2756000593	87.275600059	87.275600059	87.275600059	87.2756000575	87.2756000585	87.2756000588	87.2756000588	87.2756000588	87.2756000588	87.2756000588	87.2756000578	87.2756000579	87.2756000584	87.2756000583	87.2756000563	87.275600059	87.275600059	87.275600058	87.275600058	87.275600054	87.275600055	87.275600059	87.275600059	87.275600059	87.275600059	87.275600061	87.275600061	87.275600059	87.275600059	87.275600056	87.275600056	95.410200061	139.525200061	166.4444000413	166.4444000413	166.4444000383	166.4444000483	166.4444000563	166.4444000533	166.4444000533	166.4444000533	166.4444000533	166.4444000483	166.4444000293	177.811400039	240.620800049
Thamnophis_elegans	55.2737994874	55.2737994874	55.2737994896	55.2737994896	55.2737994879	55.2737994879	55.2737994902	55.2737994883	55.2737994883	55.2737994883	55.2737994885	55.2737994885	55.2737994885	55.2737994883	55.2737994879	55.2737994869	55.2737994863	55.2737994863	55.2737994919	55.2737994919	55.2737994879	55.2737994879	55.2737994879	55.2737994869	55.2737994908	55.2737994868	55.2737994868	55.2737994908	55.2737994901	55.2737994901	55.2737994843	55.2737994873	55.2737994873	55.2737994873	55.2737994843	55.2737994873	55.2737994873	55.2737994863	55.2737994873	55.273799488	55.273799488	0	9.1566380584	9.1566380584	11.760345785	25.969899933	25.969899933	25.969899933	39.2409999534	39.2409999574	39.2409999574	39.2409999534	39.2409999554	58.310199832	58.310199832	58.310199829	58.3101998327	58.3101998327	58.3101998334	58.3101998334	58.3101998344	58.3101998344	58.310199838	58.310199833	58.310199833	58.310199833	58.310199837	58.310199831	58.310199829	58.310199829	66.54459999229	66.54459999229	66.54459999259	66.5445999922	66.5445999922	66.5445999928	66.5445999928	66.5445999928	66.5445999928	66.5445999933	66.5445999933	66.5445999933	66.5445999923	66.5445999923	66.5445999923	66.5445999937	66.5445999927	66.5445999927	66.5445999922	66.5445999892	66.5445999902	66.544599997	66.544599997	66.5445999925	66.5445999925	66.5445999885	66.5445999951	66.5445999961	66.5445999921	66.5445999921	66.5445999971	66.5445999971	66.5445999873	66.5445999873	66.5445999926	66.5445999956	71.644999998	87.2756000573	87.2756000573	87.2756000573	87.275600057	87.275600057	87.275600057	87.2756000555	87.2756000565	87.2756000568	87.2756000568	87.2756000568	87.2756000568	87.2756000568	87.2756000558	87.2756000559	87.2756000564	87.2756000563	87.2756000543	87.275600057	87.275600057	87.275600056	87.275600056	87.275600052	87.275600053	87.275600057	87.275600057	87.275600057	87.275600057	87.275600059	87.275600059	87.275600057	87.275600057	87.275600054	87.275600054	95.410200059	139.525200059	166.4444000393	166.4444000393	166.4444000363	166.4444000463	166.4444000543	166.4444000513	166.4444000513	166.4444000513	166.4444000513	166.4444000463	166.4444000273	177.811400037	240.620800047
Thamnophis_saurita	55.2737994878	55.2737994878	55.27379949	55.27379949	55.2737994883	55.2737994883	55.2737994906	55.2737994887	55.2737994887	55.2737994887	55.2737994889	55.2737994889	55.2737994889	55.2737994887	55.2737994883	55.2737994873	55.2737994867	55.2737994867	55.2737994923	55.2737994923	55.2737994883	55.2737994883	55.2737994883	55.2737994873	55.2737994912	55.2737994872	55.2737994872	55.2737994912	55.2737994905	55.2737994905	55.2737994847	55.2737994877	55.2737994877	55.2737994877	55.2737994847	55.2737994877	55.2737994877	55.2737994867	55.2737994877	55.2737994884	55.2737994884	9.1566380584	0	7.81523	11.7603457854	25.9698999334	25.9698999334	25.9698999334	39.2409999538	39.2409999578	39.2409999578	39.2409999538	39.2409999558	58.3101998324	58.3101998324	58.3101998294	58.3101998331	58.3101998331	58.3101998338	58.3101998338	58.3101998348	58.3101998348	58.3101998384	58.3101998334	58.3101998334	58.3101998334	58.3101998374	58.3101998314	58.3101998294	58.3101998294	66.54459999269	66.54459999269	66.54459999299	66.5445999926	66.5445999926	66.5445999932	66.5445999932	66.5445999932	66.5445999932	66.5445999937	66.5445999937	66.5445999937	66.5445999927	66.5445999927	66.5445999927	66.5445999941	66.5445999931	66.5445999931	66.5445999926	66.5445999896	66.5445999906	66.5445999974	66.5445999974	66.5445999929	66.5445999929	66.5445999889	66.5445999955	66.5445999965	66.5445999925	66.5445999925	66.5445999975	66.5445999975	66.5445999877	66.5445999877	66.544599993	66.544599996	71.6449999984	87.2756000577	87.2756000577	87.2756000577	87.2756000574	87.2756000574	87.2756000574	87.2756000559	87.2756000569	87.2756000572	87.2756000572	87.2756000572	87.2756000572	87.2756000572	87.2756000562	87.2756000563	87.2756000568	87.2756000567	87.2756000547	87.2756000574	87.2756000574	87.2756000564	87.2756000564	87.2756000524	87.2756000534	87.2756000574	87.2756000574	87.2756000574	87.2756000574	87.2756000594	87.2756000594	87.2756000574	87.2756000574	87.2756000544	87.2756000544	95.4102000594	139.5252000594	166.4444000397	166.4444000397	166.4444000367	166.4444000467	166.4444000547	166.4444000517	166.4444000517	166.4444000517	166.4444000517	166.4444000467	166.4444000277	177.8114000374	240.6208000474
Thamnophis_sirtalis	55.2737994878	55.2737994878	55.27379949	55.27379949	55.2737994883	55.2737994883	55.2737994906	55.2737994887	55.2737994887	55.2737994887	55.2737994889	55.2737994889	55.2737994889	55.2737994887	55.2737994883	55.2737994873	55.2737994867	55.2737994867	55.2737994923	55.2737994923	55.2737994883	55.2737994883	55.2737994883	55.2737994873	55.2737994912	55.2737994872	55.2737994872	55.2737994912	55.2737994905	55.2737994905	55.2737994847	55.2737994877	55.2737994877	55.2737994877	55.2737994847	55.2737994877	55.2737994877	55.2737994867	55.2737994877	55.2737994884	55.2737994884	9.1566380584	7.81523	0	11.7603457854	25.9698999334	25.9698999334	25.9698999334	39.2409999538	39.2409999578	39.2409999578	39.2409999538	39.2409999558	58.3101998324	58.3101998324	58.3101998294	58.3101998331	58.3101998331	58.3101998338	58.3101998338	58.3101998348	58.3101998348	58.3101998384	58.3101998334	58.3101998334	58.3101998334	58.3101998374	58.3101998314	58.3101998294	58.3101998294	66.54459999269	66.54459999269	66.54459999299	66.5445999926	66.5445999926	66.5445999932	66.5445999932	66.5445999932	66.5445999932	66.5445999937	66.5445999937	66.5445999937	66.5445999927	66.5445999927	66.5445999927	66.5445999941	66.5445999931	66.5445999931	66.5445999926	66.5445999896	66.5445999906	66.5445999974	66.5445999974	66.5445999929	66.5445999929	66.5445999889	66.5445999955	66.5445999965	66.5445999925	66.5445999925	66.5445999975	66.5445999975	66.5445999877	66.5445999877	66.544599993	66.544599996	71.6449999984	87.2756000577	87.2756000577	87.2756000577	87.2756000574	87.2756000574	87.2756000574	87.2756000559	87.2756000569	87.2756000572	87.2756000572	87.2756000572	87.2756000572	87.2756000572	87.2756000562	87.2756000563	87.2756000568	87.2756000567	87.2756000547	87.2756000574	87.2756000574	87.2756000564	87.2756000564	87.2756000524	87.2756000534	87.2756000574	87.2756000574	87.2756000574	87.2756000574	87.2756000594	87.2756000594	87.2756000574	87.2756000574	87.2756000544	87.2756000544	95.4102000594	139.5252000594	166.4444000397	166.4444000397	166.4444000367	166.4444000467	166.4444000547	166.4444000517	166.4444000517	166.4444000517	166.4444000517	166.4444000467	166.4444000277	177.8114000374	240.6208000474
Nerodia_floridana	55.2737994884	55.2737994884	55.2737994906	55.2737994906	55.2737994889	55.2737994889	55.2737994912	55.2737994893	55.2737994893	55.2737994893	55.2737994895	55.2737994895	55.2737994895	55.2737994893	55.2737994889	55.2737994879	55.2737994873	55.2737994873	55.2737994929	55.2737994929	55.2737994889	55.2737994889	55.2737994889	55.2737994879	55.2737994918	55.2737994878	55.2737994878	55.2737994918	55.2737994911	55.2737994911	55.2737994853	55.2737994883	55.2737994883	55.2737994883	55.2737994853	55.2737994883	55.2737994883	55.2737994873	55.2737994883	55.273799489	55.273799489	11.760345785	11.7603457854	11.7603457854	0	25.969899934	25.969899934	25.969899934	39.2409999544	39.2409999584	39.2409999584	39.2409999544	39.2409999564	58.310199833	58.310199833	58.31019983	58.3101998337	58.3101998337	58.3101998344	58.3101998344	58.3101998354	58.3101998354	58.310199839	58.310199834	58.310199834	58.310199834	58.310199838	58.310199832	58.31019983	58.31019983	66.54459999329	66.54459999329	66.54459999359	66.5445999932	66.5445999932	66.5445999938	66.5445999938	66.5445999938	66.5445999938	66.5445999943	66.5445999943	66.5445999943	66.5445999933	66.5445999933	66.5445999933	66.5445999947	66.5445999937	66.5445999937	66.5445999932	66.5445999902	66.5445999912	66.544599998	66.544599998	66.5445999935	66.5445999935	66.5445999895	66.5445999961	66.5445999971	66.5445999931	66.5445999931	66.5445999981	66.5445999981	66.5445999883	66.5445999883	66.5445999936	66.5445999966	71.644999999	87.2756000583	87.2756000583	87.2756000583	87.275600058	87.275600058	87.275600058	87.2756000565	87.2756000575	87.2756000578	87.2756000578	87.2756000578	87.2756000578	87.2756000578	87.2756000568	87.2756000569	87.2756000574	87.2756000573	87.2756000553	87.275600058	87.275600058	87.275600057	87.275600057	87.275600053	87.275600054	87.275600058	87.275600058	87.275600058	87.275600058	87.27560006	87.27560006	87.275600058	87.275600058	87.275600055	87.275600055	95.41020006	139.52520006	166.4444000403	166.4444000403	166.4444000373	166.4444000473	166.4444000553	166.4444000523	166.4444000523	166.4444000523	166.4444000523	166.4444000473	166.4444000283	177.811400038	240.620800048
Natrix_natrix	55.2737994884	55.2737994884	55.2737994906	55.2737994906	55.2737994889	55.2737994889	55.2737994912	55.2737994893	55.2737994893	55.2737994893	55.2737994895	55.2737994895	55.2737994895	55.2737994893	55.2737994889	55.2737994879	55.2737994873	55.2737994873	55.2737994929	55.2737994929	55.2737994889	55.2737994889	55.2737994889	55.2737994879	55.2737994918	55.2737994878	55.2737994878	55.2737994918	55.2737994911	55.2737994911	55.2737994853	55.2737994883	55.2737994883	55.2737994883	55.2737994853	55.2737994883	55.2737994883	55.2737994873	55.2737994883	55.273799489	55.273799489	25.969899933	25.9698999334	25.9698999334	25.969899934	0	3.951968	16.1754496	39.2409999544	39.2409999584	39.2409999584	39.2409999544	39.2409999564	58.310199833	58.310199833	58.31019983	58.3101998337	58.3101998337	58.3101998344	58.3101998344	58.3101998354	58.3101998354	58.310199839	58.310199834	58.310199834	58.310199834	58.310199838	58.310199832	58.31019983	58.31019983	66.54459999329	66.54459999329	66.54459999359	66.5445999932	66.5445999932	66.5445999938	66.5445999938	66.5445999938	66.5445999938	66.5445999943	66.5445999943	66.5445999943	66.5445999933	66.5445999933	66.5445999933	66.5445999947	66.5445999937	66.5445999937	66.5445999932	66.5445999902	66.5445999912	66.544599998	66.544599998	66.5445999935	66.5445999935	66.5445999895	66.5445999961	66.5445999971	66.5445999931	66.5445999931	66.5445999981	66.5445999981	66.5445999883	66.5445999883	66.5445999936	66.5445999966	71.644999999	87.2756000583	87.2756000583	87.2756000583	87.275600058	87.275600058	87.275600058	87.2756000565	87.2756000575	87.2756000578	87.2756000578	87.2756000578	87.2756000578	87.2756000578	87.2756000568	87.2756000569	87.2756000574	87.2756000573	87.2756000553	87.275600058	87.275600058	87.275600057	87.275600057	87.275600053	87.275600054	87.275600058	87.275600058	87.275600058	87.275600058	87.27560006	87.27560006	87.275600058	87.275600058	87.275600055	87.275600055	95.41020006	139.52520006	166.4444000403	166.4444000403	166.4444000373	166.4444000473	166.4444000553	166.4444000523	166.4444000523	166.4444000523	166.4444000523	166.4444000473	166.4444000283	177.811400038	240.620800048
Natrix_helvetica	55.2737994884	55.2737994884	55.2737994906	55.2737994906	55.2737994889	55.2737994889	55.2737994912	55.2737994893	55.2737994893	55.2737994893	55.2737994895	55.2737994895	55.2737994895	55.2737994893	55.2737994889	55.2737994879	55.2737994873	55.2737994873	55.2737994929	55.2737994929	55.2737994889	55.2737994889	55.2737994889	55.2737994879	55.2737994918	55.2737994878	55.2737994878	55.2737994918	55.2737994911	55.2737994911	55.2737994853	55.2737994883	55.2737994883	55.2737994883	55.2737994853	55.2737994883	55.2737994883	55.2737994873	55.2737994883	55.273799489	55.273799489	25.969899933	25.9698999334	25.9698999334	25.969899934	3.951968	0	16.1754496	39.2409999544	39.2409999584	39.2409999584	39.2409999544	39.2409999564	58.310199833	58.310199833	58.31019983	58.3101998337	58.3101998337	58.3101998344	58.3101998344	58.3101998354	58.3101998354	58.310199839	58.310199834	58.310199834	58.310199834	58.310199838	58.310199832	58.31019983	58.31019983	66.54459999329	66.54459999329	66.54459999359	66.5445999932	66.5445999932	66.5445999938	66.5445999938	66.5445999938	66.5445999938	66.5445999943	66.5445999943	66.5445999943	66.5445999933	66.5445999933	66.5445999933	66.5445999947	66.5445999937	66.5445999937	66.5445999932	66.5445999902	66.5445999912	66.544599998	66.544599998	66.5445999935	66.5445999935	66.5445999895	66.5445999961	66.5445999971	66.5445999931	66.5445999931	66.5445999981	66.5445999981	66.5445999883	66.5445999883	66.5445999936	66.5445999966	71.644999999	87.2756000583	87.2756000583	87.2756000583	87.275600058	87.275600058	87.275600058	87.2756000565	87.2756000575	87.2756000578	87.2756000578	87.2756000578	87.2756000578	87.2756000578	87.2756000568	87.2756000569	87.2756000574	87.2756000573	87.2756000553	87.275600058	87.275600058	87.275600057	87.275600057	87.275600053	87.275600054	87.275600058	87.275600058	87.275600058	87.275600058	87.27560006	87.27560006	87.275600058	87.275600058	87.275600055	87.275600055	95.41020006	139.52520006	166.4444000403	166.4444000403	166.4444000373	166.4444000473	166.4444000553	166.4444000523	166.4444000523	166.4444000523	166.4444000523	166.4444000473	166.4444000283	177.811400038	240.620800048
Natrix_maura	55.2737994884	55.2737994884	55.2737994906	55.2737994906	55.2737994889	55.2737994889	55.2737994912	55.2737994893	55.2737994893	55.2737994893	55.2737994895	55.2737994895	55.2737994895	55.2737994893	55.2737994889	55.2737994879	55.2737994873	55.2737994873	55.2737994929	55.2737994929	55.2737994889	55.2737994889	55.2737994889	55.2737994879	55.2737994918	55.2737994878	55.2737994878	55.2737994918	55.2737994911	55.2737994911	55.2737994853	55.2737994883	55.2737994883	55.2737994883	55.2737994853	55.2737994883	55.2737994883	55.2737994873	55.2737994883	55.273799489	55.273799489	25.969899933	25.9698999334	25.9698999334	25.969899934	16.1754496	16.1754496	0	39.2409999544	39.2409999584	39.2409999584	39.2409999544	39.2409999564	58.310199833	58.310199833	58.31019983	58.3101998337	58.3101998337	58.3101998344	58.3101998344	58.3101998354	58.3101998354	58.310199839	58.310199834	58.310199834	58.310199834	58.310199838	58.310199832	58.31019983	58.31019983	66.54459999329	66.54459999329	66.54459999359	66.5445999932	66.5445999932	66.5445999938	66.5445999938	66.5445999938	66.5445999938	66.5445999943	66.5445999943	66.5445999943	66.5445999933	66.5445999933	66.5445999933	66.5445999947	66.5445999937	66.5445999937	66.5445999932	66.5445999902	66.5445999912	66.544599998	66.544599998	66.5445999935	66.5445999935	66.5445999895	66.5445999961	66.5445999971	66.5445999931	66.5445999931	66.5445999981	66.5445999981	66.5445999883	66.5445999883	66.5445999936	66.5445999966	71.644999999	87.2756000583	87.2756000583	87.2756000583	87.275600058	87.275600058	87.275600058	87.2756000565	87.2756000575	87.2756000578	87.2756000578	87.2756000578	87.2756000578	87.2756000578	87.2756000568	87.2756000569	87.2756000574	87.2756000573	87.2756000553	87.275600058	87.275600058	87.275600057	87.275600057	87.275600053	87.275600054	87.275600058	87.275600058	87.275600058	87.275600058	87.27560006	87.27560006	87.275600058	87.275600058	87.275600055	87.275600055	95.41020006	139.52520006	166.4444000403	166.4444000403	166.4444000373	166.4444000473	166.4444000553	166.4444000523	166.4444000523	166.4444000523	166.4444000523	166.4444000473	166.4444000283	177.811400038	240.620800048
Rhabdophis_nuchalis	55.2737994848	55.2737994848	55.273799487	55.273799487	55.2737994853	55.2737994853	55.2737994876	55.2737994857	55.2737994857	55.2737994857	55.2737994859	55.2737994859	55.2737994859	55.2737994857	55.2737994853	55.2737994843	55.2737994837	55.2737994837	55.2737994893	55.2737994893	55.2737994853	55.2737994853	55.2737994853	55.2737994843	55.2737994882	55.2737994842	55.2737994842	55.2737994882	55.2737994875	55.2737994875	55.2737994817	55.2737994847	55.2737994847	55.2737994847	55.2737994817	55.2737994847	55.2737994847	55.2737994837	55.2737994847	55.2737994854	55.2737994854	39.2409999534	39.2409999538	39.2409999538	39.2409999544	39.2409999544	39.2409999544	39.2409999544	0	30.732342824	30.732342824	35.89425102	38.360423758	58.3101998294	58.3101998294	58.3101998264	58.3101998301	58.3101998301	58.3101998308	58.3101998308	58.3101998318	58.3101998318	58.3101998354	58.3101998304	58.3101998304	58.3101998304	58.3101998344	58.3101998284	58.3101998264	58.3101998264	66.54459998969	66.54459998969	66.54459998999	66.5445999896	66.5445999896	66.5445999902	66.5445999902	66.5445999902	66.5445999902	66.5445999907	66.5445999907	66.5445999907	66.5445999897	66.5445999897	66.5445999897	66.5445999911	66.5445999901	66.5445999901	66.5445999896	66.5445999866	66.5445999876	66.5445999944	66.5445999944	66.5445999899	66.5445999899	66.5445999859	66.5445999925	66.5445999935	66.5445999895	66.5445999895	66.5445999945	66.5445999945	66.5445999847	66.5445999847	66.54459999	66.544599993	71.6449999954	87.2756000547	87.2756000547	87.2756000547	87.2756000544	87.2756000544	87.2756000544	87.2756000529	87.2756000539	87.2756000542	87.2756000542	87.2756000542	87.2756000542	87.2756000542	87.2756000532	87.2756000533	87.2756000538	87.2756000537	87.2756000517	87.2756000544	87.2756000544	87.2756000534	87.2756000534	87.2756000494	87.2756000504	87.2756000544	87.2756000544	87.2756000544	87.2756000544	87.2756000564	87.2756000564	87.2756000544	87.2756000544	87.2756000514	87.2756000514	95.4102000564	139.5252000564	166.4444000367	166.4444000367	166.4444000337	166.4444000437	166.4444000517	166.4444000487	166.4444000487	166.4444000487	166.4444000487	166.4444000437	166.4444000247	177.8114000344	240.6208000444
Fowlea_piscator	55.2737994888	55.2737994888	55.273799491	55.273799491	55.2737994893	55.2737994893	55.2737994916	55.2737994897	55.2737994897	55.2737994897	55.2737994899	55.2737994899	55.2737994899	55.2737994897	55.2737994893	55.2737994883	55.2737994877	55.2737994877	55.2737994933	55.2737994933	55.2737994893	55.2737994893	55.2737994893	55.2737994883	55.2737994922	55.2737994882	55.2737994882	55.2737994922	55.2737994915	55.2737994915	55.2737994857	55.2737994887	55.2737994887	55.2737994887	55.2737994857	55.2737994887	55.2737994887	55.2737994877	55.2737994887	55.2737994894	55.2737994894	39.2409999574	39.2409999578	39.2409999578	39.2409999584	39.2409999584	39.2409999584	39.2409999584	30.732342824	0	28.616808	35.894251024	38.360423762	58.3101998334	58.3101998334	58.3101998304	58.3101998341	58.3101998341	58.3101998348	58.3101998348	58.3101998358	58.3101998358	58.3101998394	58.3101998344	58.3101998344	58.3101998344	58.3101998384	58.3101998324	58.3101998304	58.3101998304	66.54459999369	66.54459999369	66.54459999399	66.5445999936	66.5445999936	66.5445999942	66.5445999942	66.5445999942	66.5445999942	66.5445999947	66.5445999947	66.5445999947	66.5445999937	66.5445999937	66.5445999937	66.5445999951	66.5445999941	66.5445999941	66.5445999936	66.5445999906	66.5445999916	66.5445999984	66.5445999984	66.5445999939	66.5445999939	66.5445999899	66.5445999965	66.5445999975	66.5445999935	66.5445999935	66.5445999985	66.5445999985	66.5445999887	66.5445999887	66.544599994	66.544599997	71.6449999994	87.2756000587	87.2756000587	87.2756000587	87.2756000584	87.2756000584	87.2756000584	87.2756000569	87.2756000579	87.2756000582	87.2756000582	87.2756000582	87.2756000582	87.2756000582	87.2756000572	87.2756000573	87.2756000578	87.2756000577	87.2756000557	87.2756000584	87.2756000584	87.2756000574	87.2756000574	87.2756000534	87.2756000544	87.2756000584	87.2756000584	87.2756000584	87.2756000584	87.2756000604	87.2756000604	87.2756000584	87.2756000584	87.2756000554	87.2756000554	95.4102000604	139.5252000604	166.4444000407	166.4444000407	166.4444000377	166.4444000477	166.4444000557	166.4444000527	166.4444000527	166.4444000527	166.4444000527	166.4444000477	166.4444000287	177.8114000384	240.6208000484
Amphiesma_stolatum	55.2737994888	55.2737994888	55.273799491	55.273799491	55.2737994893	55.2737994893	55.2737994916	55.2737994897	55.2737994897	55.2737994897	55.2737994899	55.2737994899	55.2737994899	55.2737994897	55.2737994893	55.2737994883	55.2737994877	55.2737994877	55.2737994933	55.2737994933	55.2737994893	55.2737994893	55.2737994893	55.2737994883	55.2737994922	55.2737994882	55.2737994882	55.2737994922	55.2737994915	55.2737994915	55.2737994857	55.2737994887	55.2737994887	55.2737994887	55.2737994857	55.2737994887	55.2737994887	55.2737994877	55.2737994887	55.2737994894	55.2737994894	39.2409999574	39.2409999578	39.2409999578	39.2409999584	39.2409999584	39.2409999584	39.2409999584	30.732342824	28.616808	0	35.894251024	38.360423762	58.3101998334	58.3101998334	58.3101998304	58.3101998341	58.3101998341	58.3101998348	58.3101998348	58.3101998358	58.3101998358	58.3101998394	58.3101998344	58.3101998344	58.3101998344	58.3101998384	58.3101998324	58.3101998304	58.3101998304	66.54459999369	66.54459999369	66.54459999399	66.5445999936	66.5445999936	66.5445999942	66.5445999942	66.5445999942	66.5445999942	66.5445999947	66.5445999947	66.5445999947	66.5445999937	66.5445999937	66.5445999937	66.5445999951	66.5445999941	66.5445999941	66.5445999936	66.5445999906	66.5445999916	66.5445999984	66.5445999984	66.5445999939	66.5445999939	66.5445999899	66.5445999965	66.5445999975	66.5445999935	66.5445999935	66.5445999985	66.5445999985	66.5445999887	66.5445999887	66.544599994	66.544599997	71.6449999994	87.2756000587	87.2756000587	87.2756000587	87.2756000584	87.2756000584	87.2756000584	87.2756000569	87.2756000579	87.2756000582	87.2756000582	87.2756000582	87.2756000582	87.2756000582	87.2756000572	87.2756000573	87.2756000578	87.2756000577	87.2756000557	87.2756000584	87.2756000584	87.2756000574	87.2756000574	87.2756000534	87.2756000544	87.2756000584	87.2756000584	87.2756000584	87.2756000584	87.2756000604	87.2756000604	87.2756000584	87.2756000584	87.2756000554	87.2756000554	95.4102000604	139.5252000604	166.4444000407	166.4444000407	166.4444000377	166.4444000477	166.4444000557	166.4444000527	166.4444000527	166.4444000527	166.4444000527	166.4444000477	166.4444000287	177.8114000384	240.6208000484
Natriciteres_olivacea	55.2737994848	55.2737994848	55.273799487	55.273799487	55.2737994853	55.2737994853	55.2737994876	55.2737994857	55.2737994857	55.2737994857	55.2737994859	55.2737994859	55.2737994859	55.2737994857	55.2737994853	55.2737994843	55.2737994837	55.2737994837	55.2737994893	55.2737994893	55.2737994853	55.2737994853	55.2737994853	55.2737994843	55.2737994882	55.2737994842	55.2737994842	55.2737994882	55.2737994875	55.2737994875	55.2737994817	55.2737994847	55.2737994847	55.2737994847	55.2737994817	55.2737994847	55.2737994847	55.2737994837	55.2737994847	55.2737994854	55.2737994854	39.2409999534	39.2409999538	39.2409999538	39.2409999544	39.2409999544	39.2409999544	39.2409999544	35.89425102	35.894251024	35.894251024	0	38.360423758	58.3101998294	58.3101998294	58.3101998264	58.3101998301	58.3101998301	58.3101998308	58.3101998308	58.3101998318	58.3101998318	58.3101998354	58.3101998304	58.3101998304	58.3101998304	58.3101998344	58.3101998284	58.3101998264	58.3101998264	66.54459998969	66.54459998969	66.54459998999	66.5445999896	66.5445999896	66.5445999902	66.5445999902	66.5445999902	66.5445999902	66.5445999907	66.5445999907	66.5445999907	66.5445999897	66.5445999897	66.5445999897	66.5445999911	66.5445999901	66.5445999901	66.5445999896	66.5445999866	66.5445999876	66.5445999944	66.5445999944	66.5445999899	66.5445999899	66.5445999859	66.5445999925	66.5445999935	66.5445999895	66.5445999895	66.5445999945	66.5445999945	66.5445999847	66.5445999847	66.54459999	66.544599993	71.6449999954	87.2756000547	87.2756000547	87.2756000547	87.2756000544	87.2756000544	87.2756000544	87.2756000529	87.2756000539	87.2756000542	87.2756000542	87.2756000542	87.2756000542	87.2756000542	87.2756000532	87.2756000533	87.2756000538	87.2756000537	87.2756000517	87.2756000544	87.2756000544	87.2756000534	87.2756000534	87.2756000494	87.2756000504	87.2756000544	87.2756000544	87.2756000544	87.2756000544	87.2756000564	87.2756000564	87.2756000544	87.2756000544	87.2756000514	87.2756000514	95.4102000564	139.5252000564	166.4444000367	166.4444000367	166.4444000337	166.4444000437	166.4444000517	166.4444000487	166.4444000487	166.4444000487	166.4444000487	166.4444000437	166.4444000247	177.8114000344	240.6208000444
Aspidura_guentheri	55.2737994868	55.2737994868	55.273799489	55.273799489	55.2737994873	55.2737994873	55.2737994896	55.2737994877	55.2737994877	55.2737994877	55.2737994879	55.2737994879	55.2737994879	55.2737994877	55.2737994873	55.2737994863	55.2737994857	55.2737994857	55.2737994913	55.2737994913	55.2737994873	55.2737994873	55.2737994873	55.2737994863	55.2737994902	55.2737994862	55.2737994862	55.2737994902	55.2737994895	55.2737994895	55.2737994837	55.2737994867	55.2737994867	55.2737994867	55.2737994837	55.2737994867	55.2737994867	55.2737994857	55.2737994867	55.2737994874	55.2737994874	39.2409999554	39.2409999558	39.2409999558	39.2409999564	39.2409999564	39.2409999564	39.2409999564	38.360423758	38.360423762	38.360423762	38.360423758	0	58.3101998314	58.3101998314	58.3101998284	58.3101998321	58.3101998321	58.3101998328	58.3101998328	58.3101998338	58.3101998338	58.3101998374	58.3101998324	58.3101998324	58.3101998324	58.3101998364	58.3101998304	58.3101998284	58.3101998284	66.54459999169	66.54459999169	66.54459999199	66.5445999916	66.5445999916	66.5445999922	66.5445999922	66.5445999922	66.5445999922	66.5445999927	66.5445999927	66.5445999927	66.5445999917	66.5445999917	66.5445999917	66.5445999931	66.5445999921	66.5445999921	66.5445999916	66.5445999886	66.5445999896	66.5445999964	66.5445999964	66.5445999919	66.5445999919	66.5445999879	66.5445999945	66.5445999955	66.5445999915	66.5445999915	66.5445999965	66.5445999965	66.5445999867	66.5445999867	66.544599992	66.544599995	71.6449999974	87.2756000567	87.2756000567	87.2756000567	87.2756000564	87.2756000564	87.2756000564	87.2756000549	87.2756000559	87.2756000562	87.2756000562	87.2756000562	87.2756000562	87.2756000562	87.2756000552	87.2756000553	87.2756000558	87.2756000557	87.2756000537	87.2756000564	87.2756000564	87.2756000554	87.2756000554	87.2756000514	87.2756000524	87.2756000564	87.2756000564	87.2756000564	87.2756000564	87.2756000584	87.2756000584	87.2756000564	87.2756000564	87.2756000534	87.2756000534	95.4102000584	139.5252000584	166.4444000387	166.4444000387	166.4444000357	166.4444000457	166.4444000537	166.4444000507	166.4444000507	166.4444000507	166.4444000507	166.4444000457	166.4444000267	177.8114000364	240.6208000464
Erythrolamprus_reginae	58.3101998334	58.3101998334	58.3101998356	58.3101998356	58.3101998339	58.3101998339	58.3101998362	58.3101998343	58.3101998343	58.3101998343	58.3101998345	58.3101998345	58.3101998345	58.3101998343	58.3101998339	58.3101998329	58.3101998323	58.3101998323	58.3101998379	58.3101998379	58.3101998339	58.3101998339	58.3101998339	58.3101998329	58.3101998368	58.3101998328	58.3101998328	58.3101998368	58.3101998361	58.3101998361	58.3101998303	58.3101998333	58.3101998333	58.3101998333	58.3101998303	58.3101998333	58.3101998333	58.3101998323	58.3101998333	58.310199834	58.310199834	58.310199832	58.3101998324	58.3101998324	58.310199833	58.310199833	58.310199833	58.310199833	58.3101998294	58.3101998334	58.3101998334	58.3101998294	58.3101998314	0	18.992702334	32.915589323	43.0329704247	43.0329704247	43.0329704254	43.0329704254	43.0329704264	43.0329704264	43.03297043	43.032970425	43.032970425	43.032970425	46.540400415	50.443224421	56.141392423	56.141392423	66.54459999229	66.54459999229	66.54459999259	66.5445999922	66.5445999922	66.5445999928	66.5445999928	66.5445999928	66.5445999928	66.5445999933	66.5445999933	66.5445999933	66.5445999923	66.5445999923	66.5445999923	66.5445999937	66.5445999927	66.5445999927	66.5445999922	66.5445999892	66.5445999902	66.544599997	66.544599997	66.5445999925	66.5445999925	66.5445999885	66.5445999951	66.5445999961	66.5445999921	66.5445999921	66.5445999971	66.5445999971	66.5445999873	66.5445999873	66.5445999926	66.5445999956	71.644999998	87.2756000573	87.2756000573	87.2756000573	87.275600057	87.275600057	87.275600057	87.2756000555	87.2756000565	87.2756000568	87.2756000568	87.2756000568	87.2756000568	87.2756000568	87.2756000558	87.2756000559	87.2756000564	87.2756000563	87.2756000543	87.275600057	87.275600057	87.275600056	87.275600056	87.275600052	87.275600053	87.275600057	87.275600057	87.275600057	87.275600057	87.275600059	87.275600059	87.275600057	87.275600057	87.275600054	87.275600054	95.410200059	139.525200059	166.4444000393	166.4444000393	166.4444000363	166.4444000463	166.4444000543	166.4444000513	166.4444000513	166.4444000513	166.4444000513	166.4444000463	166.4444000273	177.811400037	240.620800047
Xenodon_rabdocephalus	58.3101998334	58.3101998334	58.3101998356	58.3101998356	58.3101998339	58.3101998339	58.3101998362	58.3101998343	58.3101998343	58.3101998343	58.3101998345	58.3101998345	58.3101998345	58.3101998343	58.3101998339	58.3101998329	58.3101998323	58.3101998323	58.3101998379	58.3101998379	58.3101998339	58.3101998339	58.3101998339	58.3101998329	58.3101998368	58.3101998328	58.3101998328	58.3101998368	58.3101998361	58.3101998361	58.3101998303	58.3101998333	58.3101998333	58.3101998333	58.3101998303	58.3101998333	58.3101998333	58.3101998323	58.3101998333	58.310199834	58.310199834	58.310199832	58.3101998324	58.3101998324	58.310199833	58.310199833	58.310199833	58.310199833	58.3101998294	58.3101998334	58.3101998334	58.3101998294	58.3101998314	18.992702334	0	32.915589323	43.0329704247	43.0329704247	43.0329704254	43.0329704254	43.0329704264	43.0329704264	43.03297043	43.032970425	43.032970425	43.032970425	46.540400415	50.443224421	56.141392423	56.141392423	66.54459999229	66.54459999229	66.54459999259	66.5445999922	66.5445999922	66.5445999928	66.5445999928	66.5445999928	66.5445999928	66.5445999933	66.5445999933	66.5445999933	66.5445999923	66.5445999923	66.5445999923	66.5445999937	66.5445999927	66.5445999927	66.5445999922	66.5445999892	66.5445999902	66.544599997	66.544599997	66.5445999925	66.5445999925	66.5445999885	66.5445999951	66.5445999961	66.5445999921	66.5445999921	66.5445999971	66.5445999971	66.5445999873	66.5445999873	66.5445999926	66.5445999956	71.644999998	87.2756000573	87.2756000573	87.2756000573	87.275600057	87.275600057	87.275600057	87.2756000555	87.2756000565	87.2756000568	87.2756000568	87.2756000568	87.2756000568	87.2756000568	87.2756000558	87.2756000559	87.2756000564	87.2756000563	87.2756000543	87.275600057	87.275600057	87.275600056	87.275600056	87.275600052	87.275600053	87.275600057	87.275600057	87.275600057	87.275600057	87.275600059	87.275600059	87.275600057	87.275600057	87.275600054	87.275600054	95.410200059	139.525200059	166.4444000393	166.4444000393	166.4444000363	166.4444000463	166.4444000543	166.4444000513	166.4444000513	166.4444000513	166.4444000513	166.4444000463	166.4444000273	177.811400037	240.620800047
Siphlophis_compressus	58.3101998304	58.3101998304	58.3101998326	58.3101998326	58.3101998309	58.3101998309	58.3101998332	58.3101998313	58.3101998313	58.3101998313	58.3101998315	58.3101998315	58.3101998315	58.3101998313	58.3101998309	58.3101998299	58.3101998293	58.3101998293	58.3101998349	58.3101998349	58.3101998309	58.3101998309	58.3101998309	58.3101998299	58.3101998338	58.3101998298	58.3101998298	58.3101998338	58.3101998331	58.3101998331	58.3101998273	58.3101998303	58.3101998303	58.3101998303	58.3101998273	58.3101998303	58.3101998303	58.3101998293	58.3101998303	58.310199831	58.310199831	58.310199829	58.3101998294	58.3101998294	58.31019983	58.31019983	58.31019983	58.31019983	58.3101998264	58.3101998304	58.3101998304	58.3101998264	58.3101998284	32.915589323	32.915589323	0	43.0329704217	43.0329704217	43.0329704224	43.0329704224	43.0329704234	43.0329704234	43.032970427	43.032970422	43.032970422	43.032970422	46.540400412	50.443224418	56.14139242	56.14139242	66.54459998929	66.54459998929	66.54459998959	66.5445999892	66.5445999892	66.5445999898	66.5445999898	66.5445999898	66.5445999898	66.5445999903	66.5445999903	66.5445999903	66.5445999893	66.5445999893	66.5445999893	66.5445999907	66.5445999897	66.5445999897	66.5445999892	66.5445999862	66.5445999872	66.544599994	66.544599994	66.5445999895	66.5445999895	66.5445999855	66.5445999921	66.5445999931	66.5445999891	66.5445999891	66.5445999941	66.5445999941	66.5445999843	66.5445999843	66.5445999896	66.5445999926	71.644999995	87.2756000543	87.2756000543	87.2756000543	87.275600054	87.275600054	87.275600054	87.2756000525	87.2756000535	87.2756000538	87.2756000538	87.2756000538	87.2756000538	87.2756000538	87.2756000528	87.2756000529	87.2756000534	87.2756000533	87.2756000513	87.275600054	87.275600054	87.275600053	87.275600053	87.275600049	87.27560005	87.275600054	87.275600054	87.275600054	87.275600054	87.275600056	87.275600056	87.275600054	87.275600054	87.275600051	87.275600051	95.410200056	139.525200056	166.4444000363	166.4444000363	166.4444000333	166.4444000433	166.4444000513	166.4444000483	166.4444000483	166.4444000483	166.4444000483	166.4444000433	166.4444000243	177.811400034	240.620800044
Tropidodipsas_fasciata	58.3101998341	58.3101998341	58.3101998363	58.3101998363	58.3101998346	58.3101998346	58.3101998369	58.310199835	58.310199835	58.310199835	58.3101998352	58.3101998352	58.3101998352	58.310199835	58.3101998346	58.3101998336	58.310199833	58.310199833	58.3101998386	58.3101998386	58.3101998346	58.3101998346	58.3101998346	58.3101998336	58.3101998375	58.3101998335	58.3101998335	58.3101998375	58.3101998368	58.3101998368	58.310199831	58.310199834	58.310199834	58.310199834	58.310199831	58.310199834	58.310199834	58.310199833	58.310199834	58.3101998347	58.3101998347	58.3101998327	58.3101998331	58.3101998331	58.3101998337	58.3101998337	58.3101998337	58.3101998337	58.3101998301	58.3101998341	58.3101998341	58.3101998301	58.3101998321	43.0329704247	43.0329704247	43.0329704217	0	16.150611488	17.4517336253	17.4517336253	27.3633057603	27.3633057603	28.1268834827	28.1268834777	28.1268834777	28.1268834777	46.5404004157	50.4432244217	56.1413924237	56.1413924237	66.54459999299	66.54459999299	66.54459999329	66.5445999929	66.5445999929	66.5445999935	66.5445999935	66.5445999935	66.5445999935	66.544599994	66.544599994	66.544599994	66.544599993	66.544599993	66.544599993	66.5445999944	66.5445999934	66.5445999934	66.5445999929	66.5445999899	66.5445999909	66.5445999977	66.5445999977	66.5445999932	66.5445999932	66.5445999892	66.5445999958	66.5445999968	66.5445999928	66.5445999928	66.5445999978	66.5445999978	66.544599988	66.544599988	66.5445999933	66.5445999963	71.6449999987	87.275600058	87.275600058	87.275600058	87.2756000577	87.2756000577	87.2756000577	87.2756000562	87.2756000572	87.2756000575	87.2756000575	87.2756000575	87.2756000575	87.2756000575	87.2756000565	87.2756000566	87.2756000571	87.275600057	87.275600055	87.2756000577	87.2756000577	87.2756000567	87.2756000567	87.2756000527	87.2756000537	87.2756000577	87.2756000577	87.2756000577	87.2756000577	87.2756000597	87.2756000597	87.2756000577	87.2756000577	87.2756000547	87.2756000547	95.4102000597	139.5252000597	166.44440004	166.44440004	166.444400037	166.444400047	166.444400055	166.444400052	166.444400052	166.444400052	166.444400052	166.444400047	166.444400028	177.8114000377	240.6208000477
Tropidodipsas_sartorii	58.3101998341	58.3101998341	58.3101998363	58.3101998363	58.3101998346	58.3101998346	58.3101998369	58.310199835	58.310199835	58.310199835	58.3101998352	58.3101998352	58.3101998352	58.310199835	58.3101998346	58.3101998336	58.310199833	58.310199833	58.3101998386	58.3101998386	58.3101998346	58.3101998346	58.3101998346	58.3101998336	58.3101998375	58.3101998335	58.3101998335	58.3101998375	58.3101998368	58.3101998368	58.310199831	58.310199834	58.310199834	58.310199834	58.310199831	58.310199834	58.310199834	58.310199833	58.310199834	58.3101998347	58.3101998347	58.3101998327	58.3101998331	58.3101998331	58.3101998337	58.3101998337	58.3101998337	58.3101998337	58.3101998301	58.3101998341	58.3101998341	58.3101998301	58.3101998321	43.0329704247	43.0329704247	43.0329704217	16.150611488	0	17.4517336253	17.4517336253	27.3633057603	27.3633057603	28.1268834827	28.1268834777	28.1268834777	28.1268834777	46.5404004157	50.4432244217	56.1413924237	56.1413924237	66.54459999299	66.54459999299	66.54459999329	66.5445999929	66.5445999929	66.5445999935	66.5445999935	66.5445999935	66.5445999935	66.544599994	66.544599994	66.544599994	66.544599993	66.544599993	66.544599993	66.5445999944	66.5445999934	66.5445999934	66.5445999929	66.5445999899	66.5445999909	66.5445999977	66.5445999977	66.5445999932	66.5445999932	66.5445999892	66.5445999958	66.5445999968	66.5445999928	66.5445999928	66.5445999978	66.5445999978	66.544599988	66.544599988	66.5445999933	66.5445999963	71.6449999987	87.275600058	87.275600058	87.275600058	87.2756000577	87.2756000577	87.2756000577	87.2756000562	87.2756000572	87.2756000575	87.2756000575	87.2756000575	87.2756000575	87.2756000575	87.2756000565	87.2756000566	87.2756000571	87.275600057	87.275600055	87.2756000577	87.2756000577	87.2756000567	87.2756000567	87.2756000527	87.2756000537	87.2756000577	87.2756000577	87.2756000577	87.2756000577	87.2756000597	87.2756000597	87.2756000577	87.2756000577	87.2756000547	87.2756000547	95.4102000597	139.5252000597	166.44440004	166.44440004	166.444400037	166.444400047	166.444400055	166.444400052	166.444400052	166.444400052	166.444400052	166.444400047	166.444400028	177.8114000377	240.6208000477
Ninia_sebae	58.3101998348	58.3101998348	58.310199837	58.310199837	58.3101998353	58.3101998353	58.3101998376	58.3101998357	58.3101998357	58.3101998357	58.3101998359	58.3101998359	58.3101998359	58.3101998357	58.3101998353	58.3101998343	58.3101998337	58.3101998337	58.3101998393	58.3101998393	58.3101998353	58.3101998353	58.3101998353	58.3101998343	58.3101998382	58.3101998342	58.3101998342	58.3101998382	58.3101998375	58.3101998375	58.3101998317	58.3101998347	58.3101998347	58.3101998347	58.3101998317	58.3101998347	58.3101998347	58.3101998337	58.3101998347	58.3101998354	58.3101998354	58.3101998334	58.3101998338	58.3101998338	58.3101998344	58.3101998344	58.3101998344	58.3101998344	58.3101998308	58.3101998348	58.3101998348	58.3101998308	58.3101998328	43.0329704254	43.0329704254	43.0329704224	17.4517336253	17.4517336253	0	11.4311528	27.363305761	27.363305761	28.1268834834	28.1268834784	28.1268834784	28.1268834784	46.5404004164	50.4432244224	56.1413924244	56.1413924244	66.54459999369	66.54459999369	66.54459999399	66.5445999936	66.5445999936	66.5445999942	66.5445999942	66.5445999942	66.5445999942	66.5445999947	66.5445999947	66.5445999947	66.5445999937	66.5445999937	66.5445999937	66.5445999951	66.5445999941	66.5445999941	66.5445999936	66.5445999906	66.5445999916	66.5445999984	66.5445999984	66.5445999939	66.5445999939	66.5445999899	66.5445999965	66.5445999975	66.5445999935	66.5445999935	66.5445999985	66.5445999985	66.5445999887	66.5445999887	66.544599994	66.544599997	71.6449999994	87.2756000587	87.2756000587	87.2756000587	87.2756000584	87.2756000584	87.2756000584	87.2756000569	87.2756000579	87.2756000582	87.2756000582	87.2756000582	87.2756000582	87.2756000582	87.2756000572	87.2756000573	87.2756000578	87.2756000577	87.2756000557	87.2756000584	87.2756000584	87.2756000574	87.2756000574	87.2756000534	87.2756000544	87.2756000584	87.2756000584	87.2756000584	87.2756000584	87.2756000604	87.2756000604	87.2756000584	87.2756000584	87.2756000554	87.2756000554	95.4102000604	139.5252000604	166.4444000407	166.4444000407	166.4444000377	166.4444000477	166.4444000557	166.4444000527	166.4444000527	166.4444000527	166.4444000527	166.4444000477	166.4444000287	177.8114000384	240.6208000484
Ninia_diademata	58.3101998348	58.3101998348	58.310199837	58.310199837	58.3101998353	58.3101998353	58.3101998376	58.3101998357	58.3101998357	58.3101998357	58.3101998359	58.3101998359	58.3101998359	58.3101998357	58.3101998353	58.3101998343	58.3101998337	58.3101998337	58.3101998393	58.3101998393	58.3101998353	58.3101998353	58.3101998353	58.3101998343	58.3101998382	58.3101998342	58.3101998342	58.3101998382	58.3101998375	58.3101998375	58.3101998317	58.3101998347	58.3101998347	58.3101998347	58.3101998317	58.3101998347	58.3101998347	58.3101998337	58.3101998347	58.3101998354	58.3101998354	58.3101998334	58.3101998338	58.3101998338	58.3101998344	58.3101998344	58.3101998344	58.3101998344	58.3101998308	58.3101998348	58.3101998348	58.3101998308	58.3101998328	43.0329704254	43.0329704254	43.0329704224	17.4517336253	17.4517336253	11.4311528	0	27.363305761	27.363305761	28.1268834834	28.1268834784	28.1268834784	28.1268834784	46.5404004164	50.4432244224	56.1413924244	56.1413924244	66.54459999369	66.54459999369	66.54459999399	66.5445999936	66.5445999936	66.5445999942	66.5445999942	66.5445999942	66.5445999942	66.5445999947	66.5445999947	66.5445999947	66.5445999937	66.5445999937	66.5445999937	66.5445999951	66.5445999941	66.5445999941	66.5445999936	66.5445999906	66.5445999916	66.5445999984	66.5445999984	66.5445999939	66.5445999939	66.5445999899	66.5445999965	66.5445999975	66.5445999935	66.5445999935	66.5445999985	66.5445999985	66.5445999887	66.5445999887	66.544599994	66.544599997	71.6449999994	87.2756000587	87.2756000587	87.2756000587	87.2756000584	87.2756000584	87.2756000584	87.2756000569	87.2756000579	87.2756000582	87.2756000582	87.2756000582	87.2756000582	87.2756000582	87.2756000572	87.2756000573	87.2756000578	87.2756000577	87.2756000557	87.2756000584	87.2756000584	87.2756000574	87.2756000574	87.2756000534	87.2756000544	87.2756000584	87.2756000584	87.2756000584	87.2756000584	87.2756000604	87.2756000604	87.2756000584	87.2756000584	87.2756000554	87.2756000554	95.4102000604	139.5252000604	166.4444000407	166.4444000407	166.4444000377	166.4444000477	166.4444000557	166.4444000527	166.4444000527	166.4444000527	166.4444000527	166.4444000477	166.4444000287	177.8114000384	240.6208000484
Coniophanes_schmidti	58.3101998358	58.3101998358	58.310199838	58.310199838	58.3101998363	58.3101998363	58.3101998386	58.3101998367	58.3101998367	58.3101998367	58.3101998369	58.3101998369	58.3101998369	58.3101998367	58.3101998363	58.3101998353	58.3101998347	58.3101998347	58.3101998403	58.3101998403	58.3101998363	58.3101998363	58.3101998363	58.3101998353	58.3101998392	58.3101998352	58.3101998352	58.3101998392	58.3101998385	58.3101998385	58.3101998327	58.3101998357	58.3101998357	58.3101998357	58.3101998327	58.3101998357	58.3101998357	58.3101998347	58.3101998357	58.3101998364	58.3101998364	58.3101998344	58.3101998348	58.3101998348	58.3101998354	58.3101998354	58.3101998354	58.3101998354	58.3101998318	58.3101998358	58.3101998358	58.3101998318	58.3101998338	43.0329704264	43.0329704264	43.0329704234	27.3633057603	27.3633057603	27.363305761	27.363305761	0	11.835754	28.1268834844	28.1268834794	28.1268834794	28.1268834794	46.5404004174	50.4432244234	56.1413924254	56.1413924254	66.54459999469	66.54459999469	66.54459999499	66.5445999946	66.5445999946	66.5445999952	66.5445999952	66.5445999952	66.5445999952	66.5445999957	66.5445999957	66.5445999957	66.5445999947	66.5445999947	66.5445999947	66.5445999961	66.5445999951	66.5445999951	66.5445999946	66.5445999916	66.5445999926	66.5445999994	66.5445999994	66.5445999949	66.5445999949	66.5445999909	66.5445999975	66.5445999985	66.5445999945	66.5445999945	66.5445999995	66.5445999995	66.5445999897	66.5445999897	66.544599995	66.544599998	71.6450000004	87.2756000597	87.2756000597	87.2756000597	87.2756000594	87.2756000594	87.2756000594	87.2756000579	87.2756000589	87.2756000592	87.2756000592	87.2756000592	87.2756000592	87.2756000592	87.2756000582	87.2756000583	87.2756000588	87.2756000587	87.2756000567	87.2756000594	87.2756000594	87.2756000584	87.2756000584	87.2756000544	87.2756000554	87.2756000594	87.2756000594	87.2756000594	87.2756000594	87.2756000614	87.2756000614	87.2756000594	87.2756000594	87.2756000564	87.2756000564	95.4102000614	139.5252000614	166.4444000417	166.4444000417	166.4444000387	166.4444000487	166.4444000567	166.4444000537	166.4444000537	166.4444000537	166.4444000537	166.4444000487	166.4444000297	177.8114000394	240.6208000494
Coniophanes_imperialis	58.3101998358	58.3101998358	58.310199838	58.310199838	58.3101998363	58.3101998363	58.3101998386	58.3101998367	58.3101998367	58.3101998367	58.3101998369	58.3101998369	58.3101998369	58.3101998367	58.3101998363	58.3101998353	58.3101998347	58.3101998347	58.3101998403	58.3101998403	58.3101998363	58.3101998363	58.3101998363	58.3101998353	58.3101998392	58.3101998352	58.3101998352	58.3101998392	58.3101998385	58.3101998385	58.3101998327	58.3101998357	58.3101998357	58.3101998357	58.3101998327	58.3101998357	58.3101998357	58.3101998347	58.3101998357	58.3101998364	58.3101998364	58.3101998344	58.3101998348	58.3101998348	58.3101998354	58.3101998354	58.3101998354	58.3101998354	58.3101998318	58.3101998358	58.3101998358	58.3101998318	58.3101998338	43.0329704264	43.0329704264	43.0329704234	27.3633057603	27.3633057603	27.363305761	27.363305761	11.835754	0	28.1268834844	28.1268834794	28.1268834794	28.1268834794	46.5404004174	50.4432244234	56.1413924254	56.1413924254	66.54459999469	66.54459999469	66.54459999499	66.5445999946	66.5445999946	66.5445999952	66.5445999952	66.5445999952	66.5445999952	66.5445999957	66.5445999957	66.5445999957	66.5445999947	66.5445999947	66.5445999947	66.5445999961	66.5445999951	66.5445999951	66.5445999946	66.5445999916	66.5445999926	66.5445999994	66.5445999994	66.5445999949	66.5445999949	66.5445999909	66.5445999975	66.5445999985	66.5445999945	66.5445999945	66.5445999995	66.5445999995	66.5445999897	66.5445999897	66.544599995	66.544599998	71.6450000004	87.2756000597	87.2756000597	87.2756000597	87.2756000594	87.2756000594	87.2756000594	87.2756000579	87.2756000589	87.2756000592	87.2756000592	87.2756000592	87.2756000592	87.2756000592	87.2756000582	87.2756000583	87.2756000588	87.2756000587	87.2756000567	87.2756000594	87.2756000594	87.2756000584	87.2756000584	87.2756000544	87.2756000554	87.2756000594	87.2756000594	87.2756000594	87.2756000594	87.2756000614	87.2756000614	87.2756000594	87.2756000594	87.2756000564	87.2756000564	95.4102000614	139.5252000614	166.4444000417	166.4444000417	166.4444000387	166.4444000487	166.4444000567	166.4444000537	166.4444000537	166.4444000537	166.4444000537	166.4444000487	166.4444000297	177.8114000394	240.6208000494
Leptodeira_frenata	58.3101998394	58.3101998394	58.3101998416	58.3101998416	58.3101998399	58.3101998399	58.3101998422	58.3101998403	58.3101998403	58.3101998403	58.3101998405	58.3101998405	58.3101998405	58.3101998403	58.3101998399	58.3101998389	58.3101998383	58.3101998383	58.3101998439	58.3101998439	58.3101998399	58.3101998399	58.3101998399	58.3101998389	58.3101998428	58.3101998388	58.3101998388	58.3101998428	58.3101998421	58.3101998421	58.3101998363	58.3101998393	58.3101998393	58.3101998393	58.3101998363	58.3101998393	58.3101998393	58.3101998383	58.3101998393	58.31019984	58.31019984	58.310199838	58.3101998384	58.3101998384	58.310199839	58.310199839	58.310199839	58.310199839	58.3101998354	58.3101998394	58.3101998394	58.3101998354	58.3101998374	43.03297043	43.03297043	43.032970427	28.1268834827	28.1268834827	28.1268834834	28.1268834834	28.1268834844	28.1268834844	0	20.318604475	20.318604475	20.318604475	46.540400421	50.443224427	56.141392429	56.141392429	66.54459999829	66.54459999829	66.54459999859	66.5445999982	66.5445999982	66.5445999988	66.5445999988	66.5445999988	66.5445999988	66.5445999993	66.5445999993	66.5445999993	66.5445999983	66.5445999983	66.5445999983	66.5445999997	66.5445999987	66.5445999987	66.5445999982	66.5445999952	66.5445999962	66.544600003	66.544600003	66.5445999985	66.5445999985	66.5445999945	66.5446000011	66.5446000021	66.5445999981	66.5445999981	66.5446000031	66.5446000031	66.5445999933	66.5445999933	66.5445999986	66.5446000016	71.645000004	87.2756000633	87.2756000633	87.2756000633	87.275600063	87.275600063	87.275600063	87.2756000615	87.2756000625	87.2756000628	87.2756000628	87.2756000628	87.2756000628	87.2756000628	87.2756000618	87.2756000619	87.2756000624	87.2756000623	87.2756000603	87.275600063	87.275600063	87.275600062	87.275600062	87.275600058	87.275600059	87.275600063	87.275600063	87.275600063	87.275600063	87.275600065	87.275600065	87.275600063	87.275600063	87.27560006	87.27560006	95.410200065	139.525200065	166.4444000453	166.4444000453	166.4444000423	166.4444000523	166.4444000603	166.4444000573	166.4444000573	166.4444000573	166.4444000573	166.4444000523	166.4444000333	177.811400043	240.620800053
Imantodes_gemmistratus	58.3101998344	58.3101998344	58.3101998366	58.3101998366	58.3101998349	58.3101998349	58.3101998372	58.3101998353	58.3101998353	58.3101998353	58.3101998355	58.3101998355	58.3101998355	58.3101998353	58.3101998349	58.3101998339	58.3101998333	58.3101998333	58.3101998389	58.3101998389	58.3101998349	58.3101998349	58.3101998349	58.3101998339	58.3101998378	58.3101998338	58.3101998338	58.3101998378	58.3101998371	58.3101998371	58.3101998313	58.3101998343	58.3101998343	58.3101998343	58.3101998313	58.3101998343	58.3101998343	58.3101998333	58.3101998343	58.310199835	58.310199835	58.310199833	58.3101998334	58.3101998334	58.310199834	58.310199834	58.310199834	58.310199834	58.3101998304	58.3101998344	58.3101998344	58.3101998304	58.3101998324	43.032970425	43.032970425	43.032970422	28.1268834777	28.1268834777	28.1268834784	28.1268834784	28.1268834794	28.1268834794	20.318604475	0	13.3263272	13.3263272	46.540400416	50.443224422	56.141392424	56.141392424	66.54459999329	66.54459999329	66.54459999359	66.5445999932	66.5445999932	66.5445999938	66.5445999938	66.5445999938	66.5445999938	66.5445999943	66.5445999943	66.5445999943	66.5445999933	66.5445999933	66.5445999933	66.5445999947	66.5445999937	66.5445999937	66.5445999932	66.5445999902	66.5445999912	66.544599998	66.544599998	66.5445999935	66.5445999935	66.5445999895	66.5445999961	66.5445999971	66.5445999931	66.5445999931	66.5445999981	66.5445999981	66.5445999883	66.5445999883	66.5445999936	66.5445999966	71.644999999	87.2756000583	87.2756000583	87.2756000583	87.275600058	87.275600058	87.275600058	87.2756000565	87.2756000575	87.2756000578	87.2756000578	87.2756000578	87.2756000578	87.2756000578	87.2756000568	87.2756000569	87.2756000574	87.2756000573	87.2756000553	87.275600058	87.275600058	87.275600057	87.275600057	87.275600053	87.275600054	87.275600058	87.275600058	87.275600058	87.275600058	87.27560006	87.27560006	87.275600058	87.275600058	87.275600055	87.275600055	95.41020006	139.52520006	166.4444000403	166.4444000403	166.4444000373	166.4444000473	166.4444000553	166.4444000523	166.4444000523	166.4444000523	166.4444000523	166.4444000473	166.4444000283	177.811400038	240.620800048
Imantodes_tenuissimus	58.3101998344	58.3101998344	58.3101998366	58.3101998366	58.3101998349	58.3101998349	58.3101998372	58.3101998353	58.3101998353	58.3101998353	58.3101998355	58.3101998355	58.3101998355	58.3101998353	58.3101998349	58.3101998339	58.3101998333	58.3101998333	58.3101998389	58.3101998389	58.3101998349	58.3101998349	58.3101998349	58.3101998339	58.3101998378	58.3101998338	58.3101998338	58.3101998378	58.3101998371	58.3101998371	58.3101998313	58.3101998343	58.3101998343	58.3101998343	58.3101998313	58.3101998343	58.3101998343	58.3101998333	58.3101998343	58.310199835	58.310199835	58.310199833	58.3101998334	58.3101998334	58.310199834	58.310199834	58.310199834	58.310199834	58.3101998304	58.3101998344	58.3101998344	58.3101998304	58.3101998324	43.032970425	43.032970425	43.032970422	28.1268834777	28.1268834777	28.1268834784	28.1268834784	28.1268834794	28.1268834794	20.318604475	13.3263272	0	12.036298	46.540400416	50.443224422	56.141392424	56.141392424	66.54459999329	66.54459999329	66.54459999359	66.5445999932	66.5445999932	66.5445999938	66.5445999938	66.5445999938	66.5445999938	66.5445999943	66.5445999943	66.5445999943	66.5445999933	66.5445999933	66.5445999933	66.5445999947	66.5445999937	66.5445999937	66.5445999932	66.5445999902	66.5445999912	66.544599998	66.544599998	66.5445999935	66.5445999935	66.5445999895	66.5445999961	66.5445999971	66.5445999931	66.5445999931	66.5445999981	66.5445999981	66.5445999883	66.5445999883	66.5445999936	66.5445999966	71.644999999	87.2756000583	87.2756000583	87.2756000583	87.275600058	87.275600058	87.275600058	87.2756000565	87.2756000575	87.2756000578	87.2756000578	87.2756000578	87.2756000578	87.2756000578	87.2756000568	87.2756000569	87.2756000574	87.2756000573	87.2756000553	87.275600058	87.275600058	87.275600057	87.275600057	87.275600053	87.275600054	87.275600058	87.275600058	87.275600058	87.275600058	87.27560006	87.27560006	87.275600058	87.275600058	87.275600055	87.275600055	95.41020006	139.52520006	166.4444000403	166.4444000403	166.4444000373	166.4444000473	166.4444000553	166.4444000523	166.4444000523	166.4444000523	166.4444000523	166.4444000473	166.4444000283	177.811400038	240.620800048
Imantodes_cenchoa	58.3101998344	58.3101998344	58.3101998366	58.3101998366	58.3101998349	58.3101998349	58.3101998372	58.3101998353	58.3101998353	58.3101998353	58.3101998355	58.3101998355	58.3101998355	58.3101998353	58.3101998349	58.3101998339	58.3101998333	58.3101998333	58.3101998389	58.3101998389	58.3101998349	58.3101998349	58.3101998349	58.3101998339	58.3101998378	58.3101998338	58.3101998338	58.3101998378	58.3101998371	58.3101998371	58.3101998313	58.3101998343	58.3101998343	58.3101998343	58.3101998313	58.3101998343	58.3101998343	58.3101998333	58.3101998343	58.310199835	58.310199835	58.310199833	58.3101998334	58.3101998334	58.310199834	58.310199834	58.310199834	58.310199834	58.3101998304	58.3101998344	58.3101998344	58.3101998304	58.3101998324	43.032970425	43.032970425	43.032970422	28.1268834777	28.1268834777	28.1268834784	28.1268834784	28.1268834794	28.1268834794	20.318604475	13.3263272	12.036298	0	46.540400416	50.443224422	56.141392424	56.141392424	66.54459999329	66.54459999329	66.54459999359	66.5445999932	66.5445999932	66.5445999938	66.5445999938	66.5445999938	66.5445999938	66.5445999943	66.5445999943	66.5445999943	66.5445999933	66.5445999933	66.5445999933	66.5445999947	66.5445999937	66.5445999937	66.5445999932	66.5445999902	66.5445999912	66.544599998	66.544599998	66.5445999935	66.5445999935	66.5445999895	66.5445999961	66.5445999971	66.5445999931	66.5445999931	66.5445999981	66.5445999981	66.5445999883	66.5445999883	66.5445999936	66.5445999966	71.644999999	87.2756000583	87.2756000583	87.2756000583	87.275600058	87.275600058	87.275600058	87.2756000565	87.2756000575	87.2756000578	87.2756000578	87.2756000578	87.2756000578	87.2756000578	87.2756000568	87.2756000569	87.2756000574	87.2756000573	87.2756000553	87.275600058	87.275600058	87.275600057	87.275600057	87.275600053	87.275600054	87.275600058	87.275600058	87.275600058	87.275600058	87.27560006	87.27560006	87.275600058	87.275600058	87.275600055	87.275600055	95.41020006	139.52520006	166.4444000403	166.4444000403	166.4444000373	166.4444000473	166.4444000553	166.4444000523	166.4444000523	166.4444000523	166.4444000523	166.4444000473	166.4444000283	177.811400038	240.620800048
Diadophis_punctatus	58.3101998384	58.3101998384	58.3101998406	58.3101998406	58.3101998389	58.3101998389	58.3101998412	58.3101998393	58.3101998393	58.3101998393	58.3101998395	58.3101998395	58.3101998395	58.3101998393	58.3101998389	58.3101998379	58.3101998373	58.3101998373	58.3101998429	58.3101998429	58.3101998389	58.3101998389	58.3101998389	58.3101998379	58.3101998418	58.3101998378	58.3101998378	58.3101998418	58.3101998411	58.3101998411	58.3101998353	58.3101998383	58.3101998383	58.3101998383	58.3101998353	58.3101998383	58.3101998383	58.3101998373	58.3101998383	58.310199839	58.310199839	58.310199837	58.3101998374	58.3101998374	58.310199838	58.310199838	58.310199838	58.310199838	58.3101998344	58.3101998384	58.3101998384	58.3101998344	58.3101998364	46.540400415	46.540400415	46.540400412	46.5404004157	46.5404004157	46.5404004164	46.5404004164	46.5404004174	46.5404004174	46.540400421	46.540400416	46.540400416	46.540400416	0	50.443224426	56.141392428	56.141392428	66.54459999729	66.54459999729	66.54459999759	66.5445999972	66.5445999972	66.5445999978	66.5445999978	66.5445999978	66.5445999978	66.5445999983	66.5445999983	66.5445999983	66.5445999973	66.5445999973	66.5445999973	66.5445999987	66.5445999977	66.5445999977	66.5445999972	66.5445999942	66.5445999952	66.544600002	66.544600002	66.5445999975	66.5445999975	66.5445999935	66.5446000001	66.5446000011	66.5445999971	66.5445999971	66.5446000021	66.5446000021	66.5445999923	66.5445999923	66.5445999976	66.5446000006	71.645000003	87.2756000623	87.2756000623	87.2756000623	87.275600062	87.275600062	87.275600062	87.2756000605	87.2756000615	87.2756000618	87.2756000618	87.2756000618	87.2756000618	87.2756000618	87.2756000608	87.2756000609	87.2756000614	87.2756000613	87.2756000593	87.275600062	87.275600062	87.275600061	87.275600061	87.275600057	87.275600058	87.275600062	87.275600062	87.275600062	87.275600062	87.275600064	87.275600064	87.275600062	87.275600062	87.275600059	87.275600059	95.410200064	139.525200064	166.4444000443	166.4444000443	166.4444000413	166.4444000513	166.4444000593	166.4444000563	166.4444000563	166.4444000563	166.4444000563	166.4444000513	166.4444000323	177.811400042	240.620800052
Thermophis_baileyi	58.3101998324	58.3101998324	58.3101998346	58.3101998346	58.3101998329	58.3101998329	58.3101998352	58.3101998333	58.3101998333	58.3101998333	58.3101998335	58.3101998335	58.3101998335	58.3101998333	58.3101998329	58.3101998319	58.3101998313	58.3101998313	58.3101998369	58.3101998369	58.3101998329	58.3101998329	58.3101998329	58.3101998319	58.3101998358	58.3101998318	58.3101998318	58.3101998358	58.3101998351	58.3101998351	58.3101998293	58.3101998323	58.3101998323	58.3101998323	58.3101998293	58.3101998323	58.3101998323	58.3101998313	58.3101998323	58.310199833	58.310199833	58.310199831	58.3101998314	58.3101998314	58.310199832	58.310199832	58.310199832	58.310199832	58.3101998284	58.3101998324	58.3101998324	58.3101998284	58.3101998304	50.443224421	50.443224421	50.443224418	50.4432244217	50.4432244217	50.4432244224	50.4432244224	50.4432244234	50.4432244234	50.443224427	50.443224422	50.443224422	50.443224422	50.443224426	0	56.141392422	56.141392422	66.54459999129	66.54459999129	66.54459999159	66.5445999912	66.5445999912	66.5445999918	66.5445999918	66.5445999918	66.5445999918	66.5445999923	66.5445999923	66.5445999923	66.5445999913	66.5445999913	66.5445999913	66.5445999927	66.5445999917	66.5445999917	66.5445999912	66.5445999882	66.5445999892	66.544599996	66.544599996	66.5445999915	66.5445999915	66.5445999875	66.5445999941	66.5445999951	66.5445999911	66.5445999911	66.5445999961	66.5445999961	66.5445999863	66.5445999863	66.5445999916	66.5445999946	71.644999997	87.2756000563	87.2756000563	87.2756000563	87.275600056	87.275600056	87.275600056	87.2756000545	87.2756000555	87.2756000558	87.2756000558	87.2756000558	87.2756000558	87.2756000558	87.2756000548	87.2756000549	87.2756000554	87.2756000553	87.2756000533	87.275600056	87.275600056	87.275600055	87.275600055	87.275600051	87.275600052	87.275600056	87.275600056	87.275600056	87.275600056	87.275600058	87.275600058	87.275600056	87.275600056	87.275600053	87.275600053	95.410200058	139.525200058	166.4444000383	166.4444000383	166.4444000353	166.4444000453	166.4444000533	166.4444000503	166.4444000503	166.4444000503	166.4444000503	166.4444000453	166.4444000263	177.811400036	240.620800046
Pseudoxenodon_macrops	58.3101998304	58.3101998304	58.3101998326	58.3101998326	58.3101998309	58.3101998309	58.3101998332	58.3101998313	58.3101998313	58.3101998313	58.3101998315	58.3101998315	58.3101998315	58.3101998313	58.3101998309	58.3101998299	58.3101998293	58.3101998293	58.3101998349	58.3101998349	58.3101998309	58.3101998309	58.3101998309	58.3101998299	58.3101998338	58.3101998298	58.3101998298	58.3101998338	58.3101998331	58.3101998331	58.3101998273	58.3101998303	58.3101998303	58.3101998303	58.3101998273	58.3101998303	58.3101998303	58.3101998293	58.3101998303	58.310199831	58.310199831	58.310199829	58.3101998294	58.3101998294	58.31019983	58.31019983	58.31019983	58.31019983	58.3101998264	58.3101998304	58.3101998304	58.3101998264	58.3101998284	56.141392423	56.141392423	56.14139242	56.1413924237	56.1413924237	56.1413924244	56.1413924244	56.1413924254	56.1413924254	56.141392429	56.141392424	56.141392424	56.141392424	56.141392428	56.141392422	0	24.936167	66.54459998929	66.54459998929	66.54459998959	66.5445999892	66.5445999892	66.5445999898	66.5445999898	66.5445999898	66.5445999898	66.5445999903	66.5445999903	66.5445999903	66.5445999893	66.5445999893	66.5445999893	66.5445999907	66.5445999897	66.5445999897	66.5445999892	66.5445999862	66.5445999872	66.544599994	66.544599994	66.5445999895	66.5445999895	66.5445999855	66.5445999921	66.5445999931	66.5445999891	66.5445999891	66.5445999941	66.5445999941	66.5445999843	66.5445999843	66.5445999896	66.5445999926	71.644999995	87.2756000543	87.2756000543	87.2756000543	87.275600054	87.275600054	87.275600054	87.2756000525	87.2756000535	87.2756000538	87.2756000538	87.2756000538	87.2756000538	87.2756000538	87.2756000528	87.2756000529	87.2756000534	87.2756000533	87.2756000513	87.275600054	87.275600054	87.275600053	87.275600053	87.275600049	87.27560005	87.275600054	87.275600054	87.275600054	87.275600054	87.275600056	87.275600056	87.275600054	87.275600054	87.275600051	87.275600051	95.410200056	139.525200056	166.4444000363	166.4444000363	166.4444000333	166.4444000433	166.4444000513	166.4444000483	166.4444000483	166.4444000483	166.4444000483	166.4444000433	166.4444000243	177.811400034	240.620800044
Pseudoxenodon_stejnegeri	58.3101998304	58.3101998304	58.3101998326	58.3101998326	58.3101998309	58.3101998309	58.3101998332	58.3101998313	58.3101998313	58.3101998313	58.3101998315	58.3101998315	58.3101998315	58.3101998313	58.3101998309	58.3101998299	58.3101998293	58.3101998293	58.3101998349	58.3101998349	58.3101998309	58.3101998309	58.3101998309	58.3101998299	58.3101998338	58.3101998298	58.3101998298	58.3101998338	58.3101998331	58.3101998331	58.3101998273	58.3101998303	58.3101998303	58.3101998303	58.3101998273	58.3101998303	58.3101998303	58.3101998293	58.3101998303	58.310199831	58.310199831	58.310199829	58.3101998294	58.3101998294	58.31019983	58.31019983	58.31019983	58.31019983	58.3101998264	58.3101998304	58.3101998304	58.3101998264	58.3101998284	56.141392423	56.141392423	56.14139242	56.1413924237	56.1413924237	56.1413924244	56.1413924244	56.1413924254	56.1413924254	56.141392429	56.141392424	56.141392424	56.141392424	56.141392428	56.141392422	24.936167	0	66.54459998929	66.54459998929	66.54459998959	66.5445999892	66.5445999892	66.5445999898	66.5445999898	66.5445999898	66.5445999898	66.5445999903	66.5445999903	66.5445999903	66.5445999893	66.5445999893	66.5445999893	66.5445999907	66.5445999897	66.5445999897	66.5445999892	66.5445999862	66.5445999872	66.544599994	66.544599994	66.5445999895	66.5445999895	66.5445999855	66.5445999921	66.5445999931	66.5445999891	66.5445999891	66.5445999941	66.5445999941	66.5445999843	66.5445999843	66.5445999896	66.5445999926	71.644999995	87.2756000543	87.2756000543	87.2756000543	87.275600054	87.275600054	87.275600054	87.2756000525	87.2756000535	87.2756000538	87.2756000538	87.2756000538	87.2756000538	87.2756000538	87.2756000528	87.2756000529	87.2756000534	87.2756000533	87.2756000513	87.275600054	87.275600054	87.275600053	87.275600053	87.275600049	87.27560005	87.275600054	87.275600054	87.275600054	87.275600054	87.275600056	87.275600056	87.275600054	87.275600054	87.275600051	87.275600051	95.410200056	139.525200056	166.4444000363	166.4444000363	166.4444000333	166.4444000433	166.4444000513	166.4444000483	166.4444000483	166.4444000483	166.4444000483	166.4444000433	166.4444000243	177.811400034	240.620800044
Hydrophis_ornatus	66.54459999369	66.54459999369	66.54459999589	66.54459999589	66.54459999419	66.54459999419	66.54459999649	66.54459999459	66.54459999459	66.54459999459	66.54459999479	66.54459999479	66.54459999479	66.54459999459	66.54459999419	66.54459999319	66.54459999259	66.54459999259	66.54459999819	66.54459999819	66.54459999419	66.54459999419	66.54459999419	66.54459999319	66.54459999709	66.54459999309	66.54459999309	66.54459999709	66.54459999639	66.54459999639	66.54459999059	66.54459999359	66.54459999359	66.54459999359	66.54459999059	66.54459999359	66.54459999359	66.54459999259	66.54459999359	66.54459999429	66.54459999429	66.54459999229	66.54459999269	66.54459999269	66.54459999329	66.54459999329	66.54459999329	66.54459999329	66.54459998969	66.54459999369	66.54459999369	66.54459998969	66.54459999169	66.54459999229	66.54459999229	66.54459998929	66.54459999299	66.54459999299	66.54459999369	66.54459999369	66.54459999469	66.54459999469	66.54459999829	66.54459999329	66.54459999329	66.54459999329	66.54459999729	66.54459999129	66.54459998929	66.54459998929	0	3.991716364	4.4561748577	4.49036295669	4.49036295669	4.72825787949	4.72825787949	13.16574215749	15.34487255349	15.84540064099	20.11500008099	20.11500008099	30.71060006199	30.71060006199	30.71060006199	32.19379988099	32.19379987999	32.19379987999	32.19379987949	32.19379987649	32.19379987749	33.12123210329	33.12123210329	52.11280033879	52.11280033879	52.11280033479	52.11280034139	52.11280034239	52.11280033839	52.11280033839	52.11280034339	52.11280034339	52.11280033359	52.11280033359	52.11280033889	52.11280034189	71.64499999829	87.27560005759	87.27560005759	87.27560005759	87.27560005729	87.27560005729	87.27560005729	87.27560005579	87.27560005679	87.27560005709	87.27560005709	87.27560005709	87.27560005709	87.27560005709	87.27560005609	87.27560005619	87.27560005669	87.27560005659	87.27560005459	87.27560005729	87.27560005729	87.27560005629	87.27560005629	87.27560005229	87.27560005329	87.27560005729	87.27560005729	87.27560005729	87.27560005729	87.27560005929	87.27560005929	87.27560005729	87.27560005729	87.27560005429	87.27560005429	95.41020005929	139.52520005929	166.44440003959	166.44440003959	166.44440003659	166.44440004659	166.44440005459	166.44440005159	166.44440005159	166.44440005159	166.44440005159	166.44440004659	166.44440002759	177.81140003729	240.62080004729
Hydrophis_major	66.54459999369	66.54459999369	66.54459999589	66.54459999589	66.54459999419	66.54459999419	66.54459999649	66.54459999459	66.54459999459	66.54459999459	66.54459999479	66.54459999479	66.54459999479	66.54459999459	66.54459999419	66.54459999319	66.54459999259	66.54459999259	66.54459999819	66.54459999819	66.54459999419	66.54459999419	66.54459999419	66.54459999319	66.54459999709	66.54459999309	66.54459999309	66.54459999709	66.54459999639	66.54459999639	66.54459999059	66.54459999359	66.54459999359	66.54459999359	66.54459999059	66.54459999359	66.54459999359	66.54459999259	66.54459999359	66.54459999429	66.54459999429	66.54459999229	66.54459999269	66.54459999269	66.54459999329	66.54459999329	66.54459999329	66.54459999329	66.54459998969	66.54459999369	66.54459999369	66.54459998969	66.54459999169	66.54459999229	66.54459999229	66.54459998929	66.54459999299	66.54459999299	66.54459999369	66.54459999369	66.54459999469	66.54459999469	66.54459999829	66.54459999329	66.54459999329	66.54459999329	66.54459999729	66.54459999129	66.54459998929	66.54459998929	3.991716364	0	4.4561748577	4.49036295669	4.49036295669	4.72825787949	4.72825787949	13.16574215749	15.34487255349	15.84540064099	20.11500008099	20.11500008099	30.71060006199	30.71060006199	30.71060006199	32.19379988099	32.19379987999	32.19379987999	32.19379987949	32.19379987649	32.19379987749	33.12123210329	33.12123210329	52.11280033879	52.11280033879	52.11280033479	52.11280034139	52.11280034239	52.11280033839	52.11280033839	52.11280034339	52.11280034339	52.11280033359	52.11280033359	52.11280033889	52.11280034189	71.64499999829	87.27560005759	87.27560005759	87.27560005759	87.27560005729	87.27560005729	87.27560005729	87.27560005579	87.27560005679	87.27560005709	87.27560005709	87.27560005709	87.27560005709	87.27560005709	87.27560005609	87.27560005619	87.27560005669	87.27560005659	87.27560005459	87.27560005729	87.27560005729	87.27560005629	87.27560005629	87.27560005229	87.27560005329	87.27560005729	87.27560005729	87.27560005729	87.27560005729	87.27560005929	87.27560005929	87.27560005729	87.27560005729	87.27560005429	87.27560005429	95.41020005929	139.52520005929	166.44440003959	166.44440003959	166.44440003659	166.44440004659	166.44440005459	166.44440005159	166.44440005159	166.44440005159	166.44440005159	166.44440004659	166.44440002759	177.81140003729	240.62080004729
Hydrophis_schistosus	66.54459999399	66.54459999399	66.54459999619	66.54459999619	66.54459999449	66.54459999449	66.54459999679	66.54459999489	66.54459999489	66.54459999489	66.54459999509	66.54459999509	66.54459999509	66.54459999489	66.54459999449	66.54459999349	66.54459999289	66.54459999289	66.54459999849	66.54459999849	66.54459999449	66.54459999449	66.54459999449	66.54459999349	66.54459999739	66.54459999339	66.54459999339	66.54459999739	66.54459999669	66.54459999669	66.54459999089	66.54459999389	66.54459999389	66.54459999389	66.54459999089	66.54459999389	66.54459999389	66.54459999289	66.54459999389	66.54459999459	66.54459999459	66.54459999259	66.54459999299	66.54459999299	66.54459999359	66.54459999359	66.54459999359	66.54459999359	66.54459998999	66.54459999399	66.54459999399	66.54459998999	66.54459999199	66.54459999259	66.54459999259	66.54459998959	66.54459999329	66.54459999329	66.54459999399	66.54459999399	66.54459999499	66.54459999499	66.54459999859	66.54459999359	66.54459999359	66.54459999359	66.54459999759	66.54459999159	66.54459998959	66.54459998959	4.4561748577	4.4561748577	0	4.49036295699	4.49036295699	4.72825787979	4.72825787979	13.16574215779	15.34487255379	15.84540064129	20.11500008129	20.11500008129	30.71060006229	30.71060006229	30.71060006229	32.19379988129	32.19379988029	32.19379988029	32.19379987979	32.19379987679	32.19379987779	33.12123210359	33.12123210359	52.11280033909	52.11280033909	52.11280033509	52.11280034169	52.11280034269	52.11280033869	52.11280033869	52.11280034369	52.11280034369	52.11280033389	52.11280033389	52.11280033919	52.11280034219	71.64499999859	87.27560005789	87.27560005789	87.27560005789	87.27560005759	87.27560005759	87.27560005759	87.27560005609	87.27560005709	87.27560005739	87.27560005739	87.27560005739	87.27560005739	87.27560005739	87.27560005639	87.27560005649	87.27560005699	87.27560005689	87.27560005489	87.27560005759	87.27560005759	87.27560005659	87.27560005659	87.27560005259	87.27560005359	87.27560005759	87.27560005759	87.27560005759	87.27560005759	87.27560005959	87.27560005959	87.27560005759	87.27560005759	87.27560005459	87.27560005459	95.41020005959	139.52520005959	166.44440003989	166.44440003989	166.44440003689	166.44440004689	166.44440005489	166.44440005189	166.44440005189	166.44440005189	166.44440005189	166.44440004689	166.44440002789	177.81140003759	240.62080004759
Hydrophis_curtus	66.5445999936	66.5445999936	66.5445999958	66.5445999958	66.5445999941	66.5445999941	66.5445999964	66.5445999945	66.5445999945	66.5445999945	66.5445999947	66.5445999947	66.5445999947	66.5445999945	66.5445999941	66.5445999931	66.5445999925	66.5445999925	66.5445999981	66.5445999981	66.5445999941	66.5445999941	66.5445999941	66.5445999931	66.544599997	66.544599993	66.544599993	66.544599997	66.5445999963	66.5445999963	66.5445999905	66.5445999935	66.5445999935	66.5445999935	66.5445999905	66.5445999935	66.5445999935	66.5445999925	66.5445999935	66.5445999942	66.5445999942	66.5445999922	66.5445999926	66.5445999926	66.5445999932	66.5445999932	66.5445999932	66.5445999932	66.5445999896	66.5445999936	66.5445999936	66.5445999896	66.5445999916	66.5445999922	66.5445999922	66.5445999892	66.5445999929	66.5445999929	66.5445999936	66.5445999936	66.5445999946	66.5445999946	66.5445999982	66.5445999932	66.5445999932	66.5445999932	66.5445999972	66.5445999912	66.5445999892	66.5445999892	4.49036295669	4.49036295669	4.49036295699	0	4.092516	4.7282578794	4.7282578794	13.1657421574	15.3448725534	15.8454006409	20.1150000809	20.1150000809	30.7106000619	30.7106000619	30.7106000619	32.1937998809	32.1937998799	32.1937998799	32.1937998794	32.1937998764	32.1937998774	33.1212321032	33.1212321032	52.1128003387	52.1128003387	52.1128003347	52.1128003413	52.1128003423	52.1128003383	52.1128003383	52.1128003433	52.1128003433	52.1128003335	52.1128003335	52.1128003388	52.1128003418	71.6449999982	87.2756000575	87.2756000575	87.2756000575	87.2756000572	87.2756000572	87.2756000572	87.2756000557	87.2756000567	87.275600057	87.275600057	87.275600057	87.275600057	87.275600057	87.275600056	87.2756000561	87.2756000566	87.2756000565	87.2756000545	87.2756000572	87.2756000572	87.2756000562	87.2756000562	87.2756000522	87.2756000532	87.2756000572	87.2756000572	87.2756000572	87.2756000572	87.2756000592	87.2756000592	87.2756000572	87.2756000572	87.2756000542	87.2756000542	95.4102000592	139.5252000592	166.4444000395	166.4444000395	166.4444000365	166.4444000465	166.4444000545	166.4444000515	166.4444000515	166.4444000515	166.4444000515	166.4444000465	166.4444000275	177.8114000372	240.6208000472
Hydrophis_elegans	66.5445999936	66.5445999936	66.5445999958	66.5445999958	66.5445999941	66.5445999941	66.5445999964	66.5445999945	66.5445999945	66.5445999945	66.5445999947	66.5445999947	66.5445999947	66.5445999945	66.5445999941	66.5445999931	66.5445999925	66.5445999925	66.5445999981	66.5445999981	66.5445999941	66.5445999941	66.5445999941	66.5445999931	66.544599997	66.544599993	66.544599993	66.544599997	66.5445999963	66.5445999963	66.5445999905	66.5445999935	66.5445999935	66.5445999935	66.5445999905	66.5445999935	66.5445999935	66.5445999925	66.5445999935	66.5445999942	66.5445999942	66.5445999922	66.5445999926	66.5445999926	66.5445999932	66.5445999932	66.5445999932	66.5445999932	66.5445999896	66.5445999936	66.5445999936	66.5445999896	66.5445999916	66.5445999922	66.5445999922	66.5445999892	66.5445999929	66.5445999929	66.5445999936	66.5445999936	66.5445999946	66.5445999946	66.5445999982	66.5445999932	66.5445999932	66.5445999932	66.5445999972	66.5445999912	66.5445999892	66.5445999892	4.49036295669	4.49036295669	4.49036295699	4.092516	0	4.7282578794	4.7282578794	13.1657421574	15.3448725534	15.8454006409	20.1150000809	20.1150000809	30.7106000619	30.7106000619	30.7106000619	32.1937998809	32.1937998799	32.1937998799	32.1937998794	32.1937998764	32.1937998774	33.1212321032	33.1212321032	52.1128003387	52.1128003387	52.1128003347	52.1128003413	52.1128003423	52.1128003383	52.1128003383	52.1128003433	52.1128003433	52.1128003335	52.1128003335	52.1128003388	52.1128003418	71.6449999982	87.2756000575	87.2756000575	87.2756000575	87.2756000572	87.2756000572	87.2756000572	87.2756000557	87.2756000567	87.275600057	87.275600057	87.275600057	87.275600057	87.275600057	87.275600056	87.2756000561	87.2756000566	87.2756000565	87.2756000545	87.2756000572	87.2756000572	87.2756000562	87.2756000562	87.2756000522	87.2756000532	87.2756000572	87.2756000572	87.2756000572	87.2756000572	87.2756000592	87.2756000592	87.2756000572	87.2756000572	87.2756000542	87.2756000542	95.4102000592	139.5252000592	166.4444000395	166.4444000395	166.4444000365	166.4444000465	166.4444000545	166.4444000515	166.4444000515	166.4444000515	166.4444000515	166.4444000465	166.4444000275	177.8114000372	240.6208000472
Hydrophis_melanocephalus	66.5445999942	66.5445999942	66.5445999964	66.5445999964	66.5445999947	66.5445999947	66.544599997	66.5445999951	66.5445999951	66.5445999951	66.5445999953	66.5445999953	66.5445999953	66.5445999951	66.5445999947	66.5445999937	66.5445999931	66.5445999931	66.5445999987	66.5445999987	66.5445999947	66.5445999947	66.5445999947	66.5445999937	66.5445999976	66.5445999936	66.5445999936	66.5445999976	66.5445999969	66.5445999969	66.5445999911	66.5445999941	66.5445999941	66.5445999941	66.5445999911	66.5445999941	66.5445999941	66.5445999931	66.5445999941	66.5445999948	66.5445999948	66.5445999928	66.5445999932	66.5445999932	66.5445999938	66.5445999938	66.5445999938	66.5445999938	66.5445999902	66.5445999942	66.5445999942	66.5445999902	66.5445999922	66.5445999928	66.5445999928	66.5445999898	66.5445999935	66.5445999935	66.5445999942	66.5445999942	66.5445999952	66.5445999952	66.5445999988	66.5445999938	66.5445999938	66.5445999938	66.5445999978	66.5445999918	66.5445999898	66.5445999898	4.72825787949	4.72825787949	4.72825787979	4.7282578794	4.7282578794	0	1.360047	13.165742158	15.344872554	15.8454006415	20.1150000815	20.1150000815	30.7106000625	30.7106000625	30.7106000625	32.1937998815	32.1937998805	32.1937998805	32.19379988	32.193799877	32.193799878	33.1212321038	33.1212321038	52.1128003393	52.1128003393	52.1128003353	52.1128003419	52.1128003429	52.1128003389	52.1128003389	52.1128003439	52.1128003439	52.1128003341	52.1128003341	52.1128003394	52.1128003424	71.6449999988	87.2756000581	87.2756000581	87.2756000581	87.2756000578	87.2756000578	87.2756000578	87.2756000563	87.2756000573	87.2756000576	87.2756000576	87.2756000576	87.2756000576	87.2756000576	87.2756000566	87.2756000567	87.2756000572	87.2756000571	87.2756000551	87.2756000578	87.2756000578	87.2756000568	87.2756000568	87.2756000528	87.2756000538	87.2756000578	87.2756000578	87.2756000578	87.2756000578	87.2756000598	87.2756000598	87.2756000578	87.2756000578	87.2756000548	87.2756000548	95.4102000598	139.5252000598	166.4444000401	166.4444000401	166.4444000371	166.4444000471	166.4444000551	166.4444000521	166.4444000521	166.4444000521	166.4444000521	166.4444000471	166.4444000281	177.8114000378	240.6208000478
Hydrophis_cyanocinctus	66.5445999942	66.5445999942	66.5445999964	66.5445999964	66.5445999947	66.5445999947	66.544599997	66.5445999951	66.5445999951	66.5445999951	66.5445999953	66.5445999953	66.5445999953	66.5445999951	66.5445999947	66.5445999937	66.5445999931	66.5445999931	66.5445999987	66.5445999987	66.5445999947	66.5445999947	66.5445999947	66.5445999937	66.5445999976	66.5445999936	66.5445999936	66.5445999976	66.5445999969	66.5445999969	66.5445999911	66.5445999941	66.5445999941	66.5445999941	66.5445999911	66.5445999941	66.5445999941	66.5445999931	66.5445999941	66.5445999948	66.5445999948	66.5445999928	66.5445999932	66.5445999932	66.5445999938	66.5445999938	66.5445999938	66.5445999938	66.5445999902	66.5445999942	66.5445999942	66.5445999902	66.5445999922	66.5445999928	66.5445999928	66.5445999898	66.5445999935	66.5445999935	66.5445999942	66.5445999942	66.5445999952	66.5445999952	66.5445999988	66.5445999938	66.5445999938	66.5445999938	66.5445999978	66.5445999918	66.5445999898	66.5445999898	4.72825787949	4.72825787949	4.72825787979	4.7282578794	4.7282578794	1.360047	0	13.165742158	15.344872554	15.8454006415	20.1150000815	20.1150000815	30.7106000625	30.7106000625	30.7106000625	32.1937998815	32.1937998805	32.1937998805	32.19379988	32.193799877	32.193799878	33.1212321038	33.1212321038	52.1128003393	52.1128003393	52.1128003353	52.1128003419	52.1128003429	52.1128003389	52.1128003389	52.1128003439	52.1128003439	52.1128003341	52.1128003341	52.1128003394	52.1128003424	71.6449999988	87.2756000581	87.2756000581	87.2756000581	87.2756000578	87.2756000578	87.2756000578	87.2756000563	87.2756000573	87.2756000576	87.2756000576	87.2756000576	87.2756000576	87.2756000576	87.2756000566	87.2756000567	87.2756000572	87.2756000571	87.2756000551	87.2756000578	87.2756000578	87.2756000568	87.2756000568	87.2756000528	87.2756000538	87.2756000578	87.2756000578	87.2756000578	87.2756000578	87.2756000598	87.2756000598	87.2756000578	87.2756000578	87.2756000548	87.2756000548	95.4102000598	139.5252000598	166.4444000401	166.4444000401	166.4444000371	166.4444000471	166.4444000551	166.4444000521	166.4444000521	166.4444000521	166.4444000521	166.4444000471	166.4444000281	177.8114000378	240.6208000478
Aipysurus_laevis	66.5445999942	66.5445999942	66.5445999964	66.5445999964	66.5445999947	66.5445999947	66.544599997	66.5445999951	66.5445999951	66.5445999951	66.5445999953	66.5445999953	66.5445999953	66.5445999951	66.5445999947	66.5445999937	66.5445999931	66.5445999931	66.5445999987	66.5445999987	66.5445999947	66.5445999947	66.5445999947	66.5445999937	66.5445999976	66.5445999936	66.5445999936	66.5445999976	66.5445999969	66.5445999969	66.5445999911	66.5445999941	66.5445999941	66.5445999941	66.5445999911	66.5445999941	66.5445999941	66.5445999931	66.5445999941	66.5445999948	66.5445999948	66.5445999928	66.5445999932	66.5445999932	66.5445999938	66.5445999938	66.5445999938	66.5445999938	66.5445999902	66.5445999942	66.5445999942	66.5445999902	66.5445999922	66.5445999928	66.5445999928	66.5445999898	66.5445999935	66.5445999935	66.5445999942	66.5445999942	66.5445999952	66.5445999952	66.5445999988	66.5445999938	66.5445999938	66.5445999938	66.5445999978	66.5445999918	66.5445999898	66.5445999898	13.16574215749	13.16574215749	13.16574215779	13.1657421574	13.1657421574	13.165742158	13.165742158	0	15.344872554	15.8454006415	20.1150000815	20.1150000815	30.7106000625	30.7106000625	30.7106000625	32.1937998815	32.1937998805	32.1937998805	32.19379988	32.193799877	32.193799878	33.1212321038	33.1212321038	52.1128003393	52.1128003393	52.1128003353	52.1128003419	52.1128003429	52.1128003389	52.1128003389	52.1128003439	52.1128003439	52.1128003341	52.1128003341	52.1128003394	52.1128003424	71.6449999988	87.2756000581	87.2756000581	87.2756000581	87.2756000578	87.2756000578	87.2756000578	87.2756000563	87.2756000573	87.2756000576	87.2756000576	87.2756000576	87.2756000576	87.2756000576	87.2756000566	87.2756000567	87.2756000572	87.2756000571	87.2756000551	87.2756000578	87.2756000578	87.2756000568	87.2756000568	87.2756000528	87.2756000538	87.2756000578	87.2756000578	87.2756000578	87.2756000578	87.2756000598	87.2756000598	87.2756000578	87.2756000578	87.2756000548	87.2756000548	95.4102000598	139.5252000598	166.4444000401	166.4444000401	166.4444000371	166.4444000471	166.4444000551	166.4444000521	166.4444000521	166.4444000521	166.4444000521	166.4444000471	166.4444000281	177.8114000378	240.6208000478
Notechis_scutatus	66.5445999942	66.5445999942	66.5445999964	66.5445999964	66.5445999947	66.5445999947	66.544599997	66.5445999951	66.5445999951	66.5445999951	66.5445999953	66.5445999953	66.5445999953	66.5445999951	66.5445999947	66.5445999937	66.5445999931	66.5445999931	66.5445999987	66.5445999987	66.5445999947	66.5445999947	66.5445999947	66.5445999937	66.5445999976	66.5445999936	66.5445999936	66.5445999976	66.5445999969	66.5445999969	66.5445999911	66.5445999941	66.5445999941	66.5445999941	66.5445999911	66.5445999941	66.5445999941	66.5445999931	66.5445999941	66.5445999948	66.5445999948	66.5445999928	66.5445999932	66.5445999932	66.5445999938	66.5445999938	66.5445999938	66.5445999938	66.5445999902	66.5445999942	66.5445999942	66.5445999902	66.5445999922	66.5445999928	66.5445999928	66.5445999898	66.5445999935	66.5445999935	66.5445999942	66.5445999942	66.5445999952	66.5445999952	66.5445999988	66.5445999938	66.5445999938	66.5445999938	66.5445999978	66.5445999918	66.5445999898	66.5445999898	15.34487255349	15.34487255349	15.34487255379	15.3448725534	15.3448725534	15.344872554	15.344872554	15.344872554	0	15.8454006415	20.1150000815	20.1150000815	30.7106000625	30.7106000625	30.7106000625	32.1937998815	32.1937998805	32.1937998805	32.19379988	32.193799877	32.193799878	33.1212321038	33.1212321038	52.1128003393	52.1128003393	52.1128003353	52.1128003419	52.1128003429	52.1128003389	52.1128003389	52.1128003439	52.1128003439	52.1128003341	52.1128003341	52.1128003394	52.1128003424	71.6449999988	87.2756000581	87.2756000581	87.2756000581	87.2756000578	87.2756000578	87.2756000578	87.2756000563	87.2756000573	87.2756000576	87.2756000576	87.2756000576	87.2756000576	87.2756000576	87.2756000566	87.2756000567	87.2756000572	87.2756000571	87.2756000551	87.2756000578	87.2756000578	87.2756000568	87.2756000568	87.2756000528	87.2756000538	87.2756000578	87.2756000578	87.2756000578	87.2756000578	87.2756000598	87.2756000598	87.2756000578	87.2756000578	87.2756000548	87.2756000548	95.4102000598	139.5252000598	166.4444000401	166.4444000401	166.4444000371	166.4444000471	166.4444000551	166.4444000521	166.4444000521	166.4444000521	166.4444000521	166.4444000471	166.4444000281	177.8114000378	240.6208000478
Pseudonaja_textilis	66.5445999947	66.5445999947	66.5445999969	66.5445999969	66.5445999952	66.5445999952	66.5445999975	66.5445999956	66.5445999956	66.5445999956	66.5445999958	66.5445999958	66.5445999958	66.5445999956	66.5445999952	66.5445999942	66.5445999936	66.5445999936	66.5445999992	66.5445999992	66.5445999952	66.5445999952	66.5445999952	66.5445999942	66.5445999981	66.5445999941	66.5445999941	66.5445999981	66.5445999974	66.5445999974	66.5445999916	66.5445999946	66.5445999946	66.5445999946	66.5445999916	66.5445999946	66.5445999946	66.5445999936	66.5445999946	66.5445999953	66.5445999953	66.5445999933	66.5445999937	66.5445999937	66.5445999943	66.5445999943	66.5445999943	66.5445999943	66.5445999907	66.5445999947	66.5445999947	66.5445999907	66.5445999927	66.5445999933	66.5445999933	66.5445999903	66.544599994	66.544599994	66.5445999947	66.5445999947	66.5445999957	66.5445999957	66.5445999993	66.5445999943	66.5445999943	66.5445999943	66.5445999983	66.5445999923	66.5445999903	66.5445999903	15.84540064099	15.84540064099	15.84540064129	15.8454006409	15.8454006409	15.8454006415	15.8454006415	15.8454006415	15.8454006415	0	20.115000082	20.115000082	30.710600063	30.710600063	30.710600063	32.193799882	32.193799881	32.193799881	32.1937998805	32.1937998775	32.1937998785	33.1212321043	33.1212321043	52.1128003398	52.1128003398	52.1128003358	52.1128003424	52.1128003434	52.1128003394	52.1128003394	52.1128003444	52.1128003444	52.1128003346	52.1128003346	52.1128003399	52.1128003429	71.6449999993	87.2756000586	87.2756000586	87.2756000586	87.2756000583	87.2756000583	87.2756000583	87.2756000568	87.2756000578	87.2756000581	87.2756000581	87.2756000581	87.2756000581	87.2756000581	87.2756000571	87.2756000572	87.2756000577	87.2756000576	87.2756000556	87.2756000583	87.2756000583	87.2756000573	87.2756000573	87.2756000533	87.2756000543	87.2756000583	87.2756000583	87.2756000583	87.2756000583	87.2756000603	87.2756000603	87.2756000583	87.2756000583	87.2756000553	87.2756000553	95.4102000603	139.5252000603	166.4444000406	166.4444000406	166.4444000376	166.4444000476	166.4444000556	166.4444000526	166.4444000526	166.4444000526	166.4444000526	166.4444000476	166.4444000286	177.8114000383	240.6208000483
Laticauda_colubrina	66.5445999947	66.5445999947	66.5445999969	66.5445999969	66.5445999952	66.5445999952	66.5445999975	66.5445999956	66.5445999956	66.5445999956	66.5445999958	66.5445999958	66.5445999958	66.5445999956	66.5445999952	66.5445999942	66.5445999936	66.5445999936	66.5445999992	66.5445999992	66.5445999952	66.5445999952	66.5445999952	66.5445999942	66.5445999981	66.5445999941	66.5445999941	66.5445999981	66.5445999974	66.5445999974	66.5445999916	66.5445999946	66.5445999946	66.5445999946	66.5445999916	66.5445999946	66.5445999946	66.5445999936	66.5445999946	66.5445999953	66.5445999953	66.5445999933	66.5445999937	66.5445999937	66.5445999943	66.5445999943	66.5445999943	66.5445999943	66.5445999907	66.5445999947	66.5445999947	66.5445999907	66.5445999927	66.5445999933	66.5445999933	66.5445999903	66.544599994	66.544599994	66.5445999947	66.5445999947	66.5445999957	66.5445999957	66.5445999993	66.5445999943	66.5445999943	66.5445999943	66.5445999983	66.5445999923	66.5445999903	66.5445999903	20.11500008099	20.11500008099	20.11500008129	20.1150000809	20.1150000809	20.1150000815	20.1150000815	20.1150000815	20.1150000815	20.115000082	0	12.18752	30.710600063	30.710600063	30.710600063	32.193799882	32.193799881	32.193799881	32.1937998805	32.1937998775	32.1937998785	33.1212321043	33.1212321043	52.1128003398	52.1128003398	52.1128003358	52.1128003424	52.1128003434	52.1128003394	52.1128003394	52.1128003444	52.1128003444	52.1128003346	52.1128003346	52.1128003399	52.1128003429	71.6449999993	87.2756000586	87.2756000586	87.2756000586	87.2756000583	87.2756000583	87.2756000583	87.2756000568	87.2756000578	87.2756000581	87.2756000581	87.2756000581	87.2756000581	87.2756000581	87.2756000571	87.2756000572	87.2756000577	87.2756000576	87.2756000556	87.2756000583	87.2756000583	87.2756000573	87.2756000573	87.2756000533	87.2756000543	87.2756000583	87.2756000583	87.2756000583	87.2756000583	87.2756000603	87.2756000603	87.2756000583	87.2756000583	87.2756000553	87.2756000553	95.4102000603	139.5252000603	166.4444000406	166.4444000406	166.4444000376	166.4444000476	166.4444000556	166.4444000526	166.4444000526	166.4444000526	166.4444000526	166.4444000476	166.4444000286	177.8114000383	240.6208000483
Laticauda_laticaudata	66.5445999947	66.5445999947	66.5445999969	66.5445999969	66.5445999952	66.5445999952	66.5445999975	66.5445999956	66.5445999956	66.5445999956	66.5445999958	66.5445999958	66.5445999958	66.5445999956	66.5445999952	66.5445999942	66.5445999936	66.5445999936	66.5445999992	66.5445999992	66.5445999952	66.5445999952	66.5445999952	66.5445999942	66.5445999981	66.5445999941	66.5445999941	66.5445999981	66.5445999974	66.5445999974	66.5445999916	66.5445999946	66.5445999946	66.5445999946	66.5445999916	66.5445999946	66.5445999946	66.5445999936	66.5445999946	66.5445999953	66.5445999953	66.5445999933	66.5445999937	66.5445999937	66.5445999943	66.5445999943	66.5445999943	66.5445999943	66.5445999907	66.5445999947	66.5445999947	66.5445999907	66.5445999927	66.5445999933	66.5445999933	66.5445999903	66.544599994	66.544599994	66.5445999947	66.5445999947	66.5445999957	66.5445999957	66.5445999993	66.5445999943	66.5445999943	66.5445999943	66.5445999983	66.5445999923	66.5445999903	66.5445999903	20.11500008099	20.11500008099	20.11500008129	20.1150000809	20.1150000809	20.1150000815	20.1150000815	20.1150000815	20.1150000815	20.115000082	12.18752	0	30.710600063	30.710600063	30.710600063	32.193799882	32.193799881	32.193799881	32.1937998805	32.1937998775	32.1937998785	33.1212321043	33.1212321043	52.1128003398	52.1128003398	52.1128003358	52.1128003424	52.1128003434	52.1128003394	52.1128003394	52.1128003444	52.1128003444	52.1128003346	52.1128003346	52.1128003399	52.1128003429	71.6449999993	87.2756000586	87.2756000586	87.2756000586	87.2756000583	87.2756000583	87.2756000583	87.2756000568	87.2756000578	87.2756000581	87.2756000581	87.2756000581	87.2756000581	87.2756000581	87.2756000571	87.2756000572	87.2756000577	87.2756000576	87.2756000556	87.2756000583	87.2756000583	87.2756000573	87.2756000573	87.2756000533	87.2756000543	87.2756000583	87.2756000583	87.2756000583	87.2756000583	87.2756000603	87.2756000603	87.2756000583	87.2756000583	87.2756000553	87.2756000553	95.4102000603	139.5252000603	166.4444000406	166.4444000406	166.4444000376	166.4444000476	166.4444000556	166.4444000526	166.4444000526	166.4444000526	166.4444000526	166.4444000476	166.4444000286	177.8114000383	240.6208000483
Bungarus_multicinctus	66.5445999937	66.5445999937	66.5445999959	66.5445999959	66.5445999942	66.5445999942	66.5445999965	66.5445999946	66.5445999946	66.5445999946	66.5445999948	66.5445999948	66.5445999948	66.5445999946	66.5445999942	66.5445999932	66.5445999926	66.5445999926	66.5445999982	66.5445999982	66.5445999942	66.5445999942	66.5445999942	66.5445999932	66.5445999971	66.5445999931	66.5445999931	66.5445999971	66.5445999964	66.5445999964	66.5445999906	66.5445999936	66.5445999936	66.5445999936	66.5445999906	66.5445999936	66.5445999936	66.5445999926	66.5445999936	66.5445999943	66.5445999943	66.5445999923	66.5445999927	66.5445999927	66.5445999933	66.5445999933	66.5445999933	66.5445999933	66.5445999897	66.5445999937	66.5445999937	66.5445999897	66.5445999917	66.5445999923	66.5445999923	66.5445999893	66.544599993	66.544599993	66.5445999937	66.5445999937	66.5445999947	66.5445999947	66.5445999983	66.5445999933	66.5445999933	66.5445999933	66.5445999973	66.5445999913	66.5445999893	66.5445999893	30.71060006199	30.71060006199	30.71060006229	30.7106000619	30.7106000619	30.7106000625	30.7106000625	30.7106000625	30.7106000625	30.710600063	30.710600063	30.710600063	0	11.597554286	11.597554286	32.193799881	32.19379988	32.19379988	32.1937998795	32.1937998765	32.1937998775	33.1212321033	33.1212321033	52.1128003388	52.1128003388	52.1128003348	52.1128003414	52.1128003424	52.1128003384	52.1128003384	52.1128003434	52.1128003434	52.1128003336	52.1128003336	52.1128003389	52.1128003419	71.6449999983	87.2756000576	87.2756000576	87.2756000576	87.2756000573	87.2756000573	87.2756000573	87.2756000558	87.2756000568	87.2756000571	87.2756000571	87.2756000571	87.2756000571	87.2756000571	87.2756000561	87.2756000562	87.2756000567	87.2756000566	87.2756000546	87.2756000573	87.2756000573	87.2756000563	87.2756000563	87.2756000523	87.2756000533	87.2756000573	87.2756000573	87.2756000573	87.2756000573	87.2756000593	87.2756000593	87.2756000573	87.2756000573	87.2756000543	87.2756000543	95.4102000593	139.5252000593	166.4444000396	166.4444000396	166.4444000366	166.4444000466	166.4444000546	166.4444000516	166.4444000516	166.4444000516	166.4444000516	166.4444000466	166.4444000276	177.8114000373	240.6208000473
Bungarus_caeruleus	66.5445999937	66.5445999937	66.5445999959	66.5445999959	66.5445999942	66.5445999942	66.5445999965	66.5445999946	66.5445999946	66.5445999946	66.5445999948	66.5445999948	66.5445999948	66.5445999946	66.5445999942	66.5445999932	66.5445999926	66.5445999926	66.5445999982	66.5445999982	66.5445999942	66.5445999942	66.5445999942	66.5445999932	66.5445999971	66.5445999931	66.5445999931	66.5445999971	66.5445999964	66.5445999964	66.5445999906	66.5445999936	66.5445999936	66.5445999936	66.5445999906	66.5445999936	66.5445999936	66.5445999926	66.5445999936	66.5445999943	66.5445999943	66.5445999923	66.5445999927	66.5445999927	66.5445999933	66.5445999933	66.5445999933	66.5445999933	66.5445999897	66.5445999937	66.5445999937	66.5445999897	66.5445999917	66.5445999923	66.5445999923	66.5445999893	66.544599993	66.544599993	66.5445999937	66.5445999937	66.5445999947	66.5445999947	66.5445999983	66.5445999933	66.5445999933	66.5445999933	66.5445999973	66.5445999913	66.5445999893	66.5445999893	30.71060006199	30.71060006199	30.71060006229	30.7106000619	30.7106000619	30.7106000625	30.7106000625	30.7106000625	30.7106000625	30.710600063	30.710600063	30.710600063	11.597554286	0	6.71131	32.193799881	32.19379988	32.19379988	32.1937998795	32.1937998765	32.1937998775	33.1212321033	33.1212321033	52.1128003388	52.1128003388	52.1128003348	52.1128003414	52.1128003424	52.1128003384	52.1128003384	52.1128003434	52.1128003434	52.1128003336	52.1128003336	52.1128003389	52.1128003419	71.6449999983	87.2756000576	87.2756000576	87.2756000576	87.2756000573	87.2756000573	87.2756000573	87.2756000558	87.2756000568	87.2756000571	87.2756000571	87.2756000571	87.2756000571	87.2756000571	87.2756000561	87.2756000562	87.2756000567	87.2756000566	87.2756000546	87.2756000573	87.2756000573	87.2756000563	87.2756000563	87.2756000523	87.2756000533	87.2756000573	87.2756000573	87.2756000573	87.2756000573	87.2756000593	87.2756000593	87.2756000573	87.2756000573	87.2756000543	87.2756000543	95.4102000593	139.5252000593	166.4444000396	166.4444000396	166.4444000366	166.4444000466	166.4444000546	166.4444000516	166.4444000516	166.4444000516	166.4444000516	166.4444000466	166.4444000276	177.8114000373	240.6208000473
Bungarus_ceylonicus	66.5445999937	66.5445999937	66.5445999959	66.5445999959	66.5445999942	66.5445999942	66.5445999965	66.5445999946	66.5445999946	66.5445999946	66.5445999948	66.5445999948	66.5445999948	66.5445999946	66.5445999942	66.5445999932	66.5445999926	66.5445999926	66.5445999982	66.5445999982	66.5445999942	66.5445999942	66.5445999942	66.5445999932	66.5445999971	66.5445999931	66.5445999931	66.5445999971	66.5445999964	66.5445999964	66.5445999906	66.5445999936	66.5445999936	66.5445999936	66.5445999906	66.5445999936	66.5445999936	66.5445999926	66.5445999936	66.5445999943	66.5445999943	66.5445999923	66.5445999927	66.5445999927	66.5445999933	66.5445999933	66.5445999933	66.5445999933	66.5445999897	66.5445999937	66.5445999937	66.5445999897	66.5445999917	66.5445999923	66.5445999923	66.5445999893	66.544599993	66.544599993	66.5445999937	66.5445999937	66.5445999947	66.5445999947	66.5445999983	66.5445999933	66.5445999933	66.5445999933	66.5445999973	66.5445999913	66.5445999893	66.5445999893	30.71060006199	30.71060006199	30.71060006229	30.7106000619	30.7106000619	30.7106000625	30.7106000625	30.7106000625	30.7106000625	30.710600063	30.710600063	30.710600063	11.597554286	6.71131	0	32.193799881	32.19379988	32.19379988	32.1937998795	32.1937998765	32.1937998775	33.1212321033	33.1212321033	52.1128003388	52.1128003388	52.1128003348	52.1128003414	52.1128003424	52.1128003384	52.1128003384	52.1128003434	52.1128003434	52.1128003336	52.1128003336	52.1128003389	52.1128003419	71.6449999983	87.2756000576	87.2756000576	87.2756000576	87.2756000573	87.2756000573	87.2756000573	87.2756000558	87.2756000568	87.2756000571	87.2756000571	87.2756000571	87.2756000571	87.2756000571	87.2756000561	87.2756000562	87.2756000567	87.2756000566	87.2756000546	87.2756000573	87.2756000573	87.2756000563	87.2756000563	87.2756000523	87.2756000533	87.2756000573	87.2756000573	87.2756000573	87.2756000573	87.2756000593	87.2756000593	87.2756000573	87.2756000573	87.2756000543	87.2756000543	95.4102000593	139.5252000593	166.4444000396	166.4444000396	166.4444000366	166.4444000466	166.4444000546	166.4444000516	166.4444000516	166.4444000516	166.4444000516	166.4444000466	166.4444000276	177.8114000373	240.6208000473
Naja_melanoleuca	66.5445999951	66.5445999951	66.5445999973	66.5445999973	66.5445999956	66.5445999956	66.5445999979	66.544599996	66.544599996	66.544599996	66.5445999962	66.5445999962	66.5445999962	66.544599996	66.5445999956	66.5445999946	66.544599994	66.544599994	66.5445999996	66.5445999996	66.5445999956	66.5445999956	66.5445999956	66.5445999946	66.5445999985	66.5445999945	66.5445999945	66.5445999985	66.5445999978	66.5445999978	66.544599992	66.544599995	66.544599995	66.544599995	66.544599992	66.544599995	66.544599995	66.544599994	66.544599995	66.5445999957	66.5445999957	66.5445999937	66.5445999941	66.5445999941	66.5445999947	66.5445999947	66.5445999947	66.5445999947	66.5445999911	66.5445999951	66.5445999951	66.5445999911	66.5445999931	66.5445999937	66.5445999937	66.5445999907	66.5445999944	66.5445999944	66.5445999951	66.5445999951	66.5445999961	66.5445999961	66.5445999997	66.5445999947	66.5445999947	66.5445999947	66.5445999987	66.5445999927	66.5445999907	66.5445999907	32.19379988099	32.19379988099	32.19379988129	32.1937998809	32.1937998809	32.1937998815	32.1937998815	32.1937998815	32.1937998815	32.193799882	32.193799882	32.193799882	32.193799881	32.193799881	32.193799881	0	14.868123077	16.869554701	17.3381529635	23.1378788645	30.2261031035	33.1212321047	33.1212321047	52.1128003402	52.1128003402	52.1128003362	52.1128003428	52.1128003438	52.1128003398	52.1128003398	52.1128003448	52.1128003448	52.112800335	52.112800335	52.1128003403	52.1128003433	71.6449999997	87.275600059	87.275600059	87.275600059	87.2756000587	87.2756000587	87.2756000587	87.2756000572	87.2756000582	87.2756000585	87.2756000585	87.2756000585	87.2756000585	87.2756000585	87.2756000575	87.2756000576	87.2756000581	87.275600058	87.275600056	87.2756000587	87.2756000587	87.2756000577	87.2756000577	87.2756000537	87.2756000547	87.2756000587	87.2756000587	87.2756000587	87.2756000587	87.2756000607	87.2756000607	87.2756000587	87.2756000587	87.2756000557	87.2756000557	95.4102000607	139.5252000607	166.444400041	166.444400041	166.444400038	166.444400048	166.444400056	166.444400053	166.444400053	166.444400053	166.444400053	166.444400048	166.444400029	177.8114000387	240.6208000487
Naja_haje	66.5445999941	66.5445999941	66.5445999963	66.5445999963	66.5445999946	66.5445999946	66.5445999969	66.544599995	66.544599995	66.544599995	66.5445999952	66.5445999952	66.5445999952	66.544599995	66.5445999946	66.5445999936	66.544599993	66.544599993	66.5445999986	66.5445999986	66.5445999946	66.5445999946	66.5445999946	66.5445999936	66.5445999975	66.5445999935	66.5445999935	66.5445999975	66.5445999968	66.5445999968	66.544599991	66.544599994	66.544599994	66.544599994	66.544599991	66.544599994	66.544599994	66.544599993	66.544599994	66.5445999947	66.5445999947	66.5445999927	66.5445999931	66.5445999931	66.5445999937	66.5445999937	66.5445999937	66.5445999937	66.5445999901	66.5445999941	66.5445999941	66.5445999901	66.5445999921	66.5445999927	66.5445999927	66.5445999897	66.5445999934	66.5445999934	66.5445999941	66.5445999941	66.5445999951	66.5445999951	66.5445999987	66.5445999937	66.5445999937	66.5445999937	66.5445999977	66.5445999917	66.5445999897	66.5445999897	32.19379987999	32.19379987999	32.19379988029	32.1937998799	32.1937998799	32.1937998805	32.1937998805	32.1937998805	32.1937998805	32.193799881	32.193799881	32.193799881	32.19379988	32.19379988	32.19379988	14.868123077	0	16.8695547	17.3381529625	23.1378788635	30.2261031025	33.1212321037	33.1212321037	52.1128003392	52.1128003392	52.1128003352	52.1128003418	52.1128003428	52.1128003388	52.1128003388	52.1128003438	52.1128003438	52.112800334	52.112800334	52.1128003393	52.1128003423	71.6449999987	87.275600058	87.275600058	87.275600058	87.2756000577	87.2756000577	87.2756000577	87.2756000562	87.2756000572	87.2756000575	87.2756000575	87.2756000575	87.2756000575	87.2756000575	87.2756000565	87.2756000566	87.2756000571	87.275600057	87.275600055	87.2756000577	87.2756000577	87.2756000567	87.2756000567	87.2756000527	87.2756000537	87.2756000577	87.2756000577	87.2756000577	87.2756000577	87.2756000597	87.2756000597	87.2756000577	87.2756000577	87.2756000547	87.2756000547	95.4102000597	139.5252000597	166.44440004	166.44440004	166.444400037	166.444400047	166.444400055	166.444400052	166.444400052	166.444400052	166.444400052	166.444400047	166.444400028	177.8114000377	240.6208000477
Naja_naja	66.5445999941	66.5445999941	66.5445999963	66.5445999963	66.5445999946	66.5445999946	66.5445999969	66.544599995	66.544599995	66.544599995	66.5445999952	66.5445999952	66.5445999952	66.544599995	66.5445999946	66.5445999936	66.544599993	66.544599993	66.5445999986	66.5445999986	66.5445999946	66.5445999946	66.5445999946	66.5445999936	66.5445999975	66.5445999935	66.5445999935	66.5445999975	66.5445999968	66.5445999968	66.544599991	66.544599994	66.544599994	66.544599994	66.544599991	66.544599994	66.544599994	66.544599993	66.544599994	66.5445999947	66.5445999947	66.5445999927	66.5445999931	66.5445999931	66.5445999937	66.5445999937	66.5445999937	66.5445999937	66.5445999901	66.5445999941	66.5445999941	66.5445999901	66.5445999921	66.5445999927	66.5445999927	66.5445999897	66.5445999934	66.5445999934	66.5445999941	66.5445999941	66.5445999951	66.5445999951	66.5445999987	66.5445999937	66.5445999937	66.5445999937	66.5445999977	66.5445999917	66.5445999897	66.5445999897	32.19379987999	32.19379987999	32.19379988029	32.1937998799	32.1937998799	32.1937998805	32.1937998805	32.1937998805	32.1937998805	32.193799881	32.193799881	32.193799881	32.19379988	32.19379988	32.19379988	16.869554701	16.8695547	0	17.3381529625	23.1378788635	30.2261031025	33.1212321037	33.1212321037	52.1128003392	52.1128003392	52.1128003352	52.1128003418	52.1128003428	52.1128003388	52.1128003388	52.1128003438	52.1128003438	52.112800334	52.112800334	52.1128003393	52.1128003423	71.6449999987	87.275600058	87.275600058	87.275600058	87.2756000577	87.2756000577	87.2756000577	87.2756000562	87.2756000572	87.2756000575	87.2756000575	87.2756000575	87.2756000575	87.2756000575	87.2756000565	87.2756000566	87.2756000571	87.275600057	87.275600055	87.2756000577	87.2756000577	87.2756000567	87.2756000567	87.2756000527	87.2756000537	87.2756000577	87.2756000577	87.2756000577	87.2756000577	87.2756000597	87.2756000597	87.2756000577	87.2756000577	87.2756000547	87.2756000547	95.4102000597	139.5252000597	166.44440004	166.44440004	166.444400037	166.444400047	166.444400055	166.444400052	166.444400052	166.444400052	166.444400052	166.444400047	166.444400028	177.8114000377	240.6208000477
Naja_nigricollis	66.5445999936	66.5445999936	66.5445999958	66.5445999958	66.5445999941	66.5445999941	66.5445999964	66.5445999945	66.5445999945	66.5445999945	66.5445999947	66.5445999947	66.5445999947	66.5445999945	66.5445999941	66.5445999931	66.5445999925	66.5445999925	66.5445999981	66.5445999981	66.5445999941	66.5445999941	66.5445999941	66.5445999931	66.544599997	66.544599993	66.544599993	66.544599997	66.5445999963	66.5445999963	66.5445999905	66.5445999935	66.5445999935	66.5445999935	66.5445999905	66.5445999935	66.5445999935	66.5445999925	66.5445999935	66.5445999942	66.5445999942	66.5445999922	66.5445999926	66.5445999926	66.5445999932	66.5445999932	66.5445999932	66.5445999932	66.5445999896	66.5445999936	66.5445999936	66.5445999896	66.5445999916	66.5445999922	66.5445999922	66.5445999892	66.5445999929	66.5445999929	66.5445999936	66.5445999936	66.5445999946	66.5445999946	66.5445999982	66.5445999932	66.5445999932	66.5445999932	66.5445999972	66.5445999912	66.5445999892	66.5445999892	32.19379987949	32.19379987949	32.19379987979	32.1937998794	32.1937998794	32.19379988	32.19379988	32.19379988	32.19379988	32.1937998805	32.1937998805	32.1937998805	32.1937998795	32.1937998795	32.1937998795	17.3381529635	17.3381529625	17.3381529625	0	23.137878863	30.226103102	33.1212321032	33.1212321032	52.1128003387	52.1128003387	52.1128003347	52.1128003413	52.1128003423	52.1128003383	52.1128003383	52.1128003433	52.1128003433	52.1128003335	52.1128003335	52.1128003388	52.1128003418	71.6449999982	87.2756000575	87.2756000575	87.2756000575	87.2756000572	87.2756000572	87.2756000572	87.2756000557	87.2756000567	87.275600057	87.275600057	87.275600057	87.275600057	87.275600057	87.275600056	87.2756000561	87.2756000566	87.2756000565	87.2756000545	87.2756000572	87.2756000572	87.2756000562	87.2756000562	87.2756000522	87.2756000532	87.2756000572	87.2756000572	87.2756000572	87.2756000572	87.2756000592	87.2756000592	87.2756000572	87.2756000572	87.2756000542	87.2756000542	95.4102000592	139.5252000592	166.4444000395	166.4444000395	166.4444000365	166.4444000465	166.4444000545	166.4444000515	166.4444000515	166.4444000515	166.4444000515	166.4444000465	166.4444000275	177.8114000372	240.6208000472
Aspidelaps_lubricus	66.5445999906	66.5445999906	66.5445999928	66.5445999928	66.5445999911	66.5445999911	66.5445999934	66.5445999915	66.5445999915	66.5445999915	66.5445999917	66.5445999917	66.5445999917	66.5445999915	66.5445999911	66.5445999901	66.5445999895	66.5445999895	66.5445999951	66.5445999951	66.5445999911	66.5445999911	66.5445999911	66.5445999901	66.544599994	66.54459999	66.54459999	66.544599994	66.5445999933	66.5445999933	66.5445999875	66.5445999905	66.5445999905	66.5445999905	66.5445999875	66.5445999905	66.5445999905	66.5445999895	66.5445999905	66.5445999912	66.5445999912	66.5445999892	66.5445999896	66.5445999896	66.5445999902	66.5445999902	66.5445999902	66.5445999902	66.5445999866	66.5445999906	66.5445999906	66.5445999866	66.5445999886	66.5445999892	66.5445999892	66.5445999862	66.5445999899	66.5445999899	66.5445999906	66.5445999906	66.5445999916	66.5445999916	66.5445999952	66.5445999902	66.5445999902	66.5445999902	66.5445999942	66.5445999882	66.5445999862	66.5445999862	32.19379987649	32.19379987649	32.19379987679	32.1937998764	32.1937998764	32.193799877	32.193799877	32.193799877	32.193799877	32.1937998775	32.1937998775	32.1937998775	32.1937998765	32.1937998765	32.1937998765	23.1378788645	23.1378788635	23.1378788635	23.137878863	0	30.226103099	33.1212321002	33.1212321002	52.1128003357	52.1128003357	52.1128003317	52.1128003383	52.1128003393	52.1128003353	52.1128003353	52.1128003403	52.1128003403	52.1128003305	52.1128003305	52.1128003358	52.1128003388	71.6449999952	87.2756000545	87.2756000545	87.2756000545	87.2756000542	87.2756000542	87.2756000542	87.2756000527	87.2756000537	87.275600054	87.275600054	87.275600054	87.275600054	87.275600054	87.275600053	87.2756000531	87.2756000536	87.2756000535	87.2756000515	87.2756000542	87.2756000542	87.2756000532	87.2756000532	87.2756000492	87.2756000502	87.2756000542	87.2756000542	87.2756000542	87.2756000542	87.2756000562	87.2756000562	87.2756000542	87.2756000542	87.2756000512	87.2756000512	95.4102000562	139.5252000562	166.4444000365	166.4444000365	166.4444000335	166.4444000435	166.4444000515	166.4444000485	166.4444000485	166.4444000485	166.4444000485	166.4444000435	166.4444000245	177.8114000342	240.6208000442
Ophiophagus_hannah	66.5445999916	66.5445999916	66.5445999938	66.5445999938	66.5445999921	66.5445999921	66.5445999944	66.5445999925	66.5445999925	66.5445999925	66.5445999927	66.5445999927	66.5445999927	66.5445999925	66.5445999921	66.5445999911	66.5445999905	66.5445999905	66.5445999961	66.5445999961	66.5445999921	66.5445999921	66.5445999921	66.5445999911	66.544599995	66.544599991	66.544599991	66.544599995	66.5445999943	66.5445999943	66.5445999885	66.5445999915	66.5445999915	66.5445999915	66.5445999885	66.5445999915	66.5445999915	66.5445999905	66.5445999915	66.5445999922	66.5445999922	66.5445999902	66.5445999906	66.5445999906	66.5445999912	66.5445999912	66.5445999912	66.5445999912	66.5445999876	66.5445999916	66.5445999916	66.5445999876	66.5445999896	66.5445999902	66.5445999902	66.5445999872	66.5445999909	66.5445999909	66.5445999916	66.5445999916	66.5445999926	66.5445999926	66.5445999962	66.5445999912	66.5445999912	66.5445999912	66.5445999952	66.5445999892	66.5445999872	66.5445999872	32.19379987749	32.19379987749	32.19379987779	32.1937998774	32.1937998774	32.193799878	32.193799878	32.193799878	32.193799878	32.1937998785	32.1937998785	32.1937998785	32.1937998775	32.1937998775	32.1937998775	30.2261031035	30.2261031025	30.2261031025	30.226103102	30.226103099	0	33.1212321012	33.1212321012	52.1128003367	52.1128003367	52.1128003327	52.1128003393	52.1128003403	52.1128003363	52.1128003363	52.1128003413	52.1128003413	52.1128003315	52.1128003315	52.1128003368	52.1128003398	71.6449999962	87.2756000555	87.2756000555	87.2756000555	87.2756000552	87.2756000552	87.2756000552	87.2756000537	87.2756000547	87.275600055	87.275600055	87.275600055	87.275600055	87.275600055	87.275600054	87.2756000541	87.2756000546	87.2756000545	87.2756000525	87.2756000552	87.2756000552	87.2756000542	87.2756000542	87.2756000502	87.2756000512	87.2756000552	87.2756000552	87.2756000552	87.2756000552	87.2756000572	87.2756000572	87.2756000552	87.2756000552	87.2756000522	87.2756000522	95.4102000572	139.5252000572	166.4444000375	166.4444000375	166.4444000345	166.4444000445	166.4444000525	166.4444000495	166.4444000495	166.4444000495	166.4444000495	166.4444000445	166.4444000255	177.8114000352	240.6208000452
Micrurus_fulvius	66.5445999984	66.5445999984	66.5446000006	66.5446000006	66.5445999989	66.5445999989	66.5446000012	66.5445999993	66.5445999993	66.5445999993	66.5445999995	66.5445999995	66.5445999995	66.5445999993	66.5445999989	66.5445999979	66.5445999973	66.5445999973	66.5446000029	66.5446000029	66.5445999989	66.5445999989	66.5445999989	66.5445999979	66.5446000018	66.5445999978	66.5445999978	66.5446000018	66.5446000011	66.5446000011	66.5445999953	66.5445999983	66.5445999983	66.5445999983	66.5445999953	66.5445999983	66.5445999983	66.5445999973	66.5445999983	66.544599999	66.544599999	66.544599997	66.5445999974	66.5445999974	66.544599998	66.544599998	66.544599998	66.544599998	66.5445999944	66.5445999984	66.5445999984	66.5445999944	66.5445999964	66.544599997	66.544599997	66.544599994	66.5445999977	66.5445999977	66.5445999984	66.5445999984	66.5445999994	66.5445999994	66.544600003	66.544599998	66.544599998	66.544599998	66.544600002	66.544599996	66.544599994	66.544599994	33.12123210329	33.12123210329	33.12123210359	33.1212321032	33.1212321032	33.1212321038	33.1212321038	33.1212321038	33.1212321038	33.1212321043	33.1212321043	33.1212321043	33.1212321033	33.1212321033	33.1212321033	33.1212321047	33.1212321037	33.1212321037	33.1212321032	33.1212321002	33.1212321012	0	5.744053428	52.1128003435	52.1128003435	52.1128003395	52.1128003461	52.1128003471	52.1128003431	52.1128003431	52.1128003481	52.1128003481	52.1128003383	52.1128003383	52.1128003436	52.1128003466	71.645000003	87.2756000623	87.2756000623	87.2756000623	87.275600062	87.275600062	87.275600062	87.2756000605	87.2756000615	87.2756000618	87.2756000618	87.2756000618	87.2756000618	87.2756000618	87.2756000608	87.2756000609	87.2756000614	87.2756000613	87.2756000593	87.275600062	87.275600062	87.275600061	87.275600061	87.275600057	87.275600058	87.275600062	87.275600062	87.275600062	87.275600062	87.275600064	87.275600064	87.275600062	87.275600062	87.275600059	87.275600059	95.410200064	139.525200064	166.4444000443	166.4444000443	166.4444000413	166.4444000513	166.4444000593	166.4444000563	166.4444000563	166.4444000563	166.4444000563	166.4444000513	166.4444000323	177.811400042	240.620800052
Micrurus_diastema	66.5445999984	66.5445999984	66.5446000006	66.5446000006	66.5445999989	66.5445999989	66.5446000012	66.5445999993	66.5445999993	66.5445999993	66.5445999995	66.5445999995	66.5445999995	66.5445999993	66.5445999989	66.5445999979	66.5445999973	66.5445999973	66.5446000029	66.5446000029	66.5445999989	66.5445999989	66.5445999989	66.5445999979	66.5446000018	66.5445999978	66.5445999978	66.5446000018	66.5446000011	66.5446000011	66.5445999953	66.5445999983	66.5445999983	66.5445999983	66.5445999953	66.5445999983	66.5445999983	66.5445999973	66.5445999983	66.544599999	66.544599999	66.544599997	66.5445999974	66.5445999974	66.544599998	66.544599998	66.544599998	66.544599998	66.5445999944	66.5445999984	66.5445999984	66.5445999944	66.5445999964	66.544599997	66.544599997	66.544599994	66.5445999977	66.5445999977	66.5445999984	66.5445999984	66.5445999994	66.5445999994	66.544600003	66.544599998	66.544599998	66.544599998	66.544600002	66.544599996	66.544599994	66.544599994	33.12123210329	33.12123210329	33.12123210359	33.1212321032	33.1212321032	33.1212321038	33.1212321038	33.1212321038	33.1212321038	33.1212321043	33.1212321043	33.1212321043	33.1212321033	33.1212321033	33.1212321033	33.1212321047	33.1212321037	33.1212321037	33.1212321032	33.1212321002	33.1212321012	5.744053428	0	52.1128003435	52.1128003435	52.1128003395	52.1128003461	52.1128003471	52.1128003431	52.1128003431	52.1128003481	52.1128003481	52.1128003383	52.1128003383	52.1128003436	52.1128003466	71.645000003	87.2756000623	87.2756000623	87.2756000623	87.275600062	87.275600062	87.275600062	87.2756000605	87.2756000615	87.2756000618	87.2756000618	87.2756000618	87.2756000618	87.2756000618	87.2756000608	87.2756000609	87.2756000614	87.2756000613	87.2756000593	87.275600062	87.275600062	87.275600061	87.275600061	87.275600057	87.275600058	87.275600062	87.275600062	87.275600062	87.275600062	87.275600064	87.275600064	87.275600062	87.275600062	87.275600059	87.275600059	95.410200064	139.525200064	166.4444000443	166.4444000443	166.4444000413	166.4444000513	166.4444000593	166.4444000563	166.4444000563	166.4444000563	166.4444000563	166.4444000513	166.4444000323	177.811400042	240.620800052
Psammophis_sibilans	66.5445999939	66.5445999939	66.5445999961	66.5445999961	66.5445999944	66.5445999944	66.5445999967	66.5445999948	66.5445999948	66.5445999948	66.544599995	66.544599995	66.544599995	66.5445999948	66.5445999944	66.5445999934	66.5445999928	66.5445999928	66.5445999984	66.5445999984	66.5445999944	66.5445999944	66.5445999944	66.5445999934	66.5445999973	66.5445999933	66.5445999933	66.5445999973	66.5445999966	66.5445999966	66.5445999908	66.5445999938	66.5445999938	66.5445999938	66.5445999908	66.5445999938	66.5445999938	66.5445999928	66.5445999938	66.5445999945	66.5445999945	66.5445999925	66.5445999929	66.5445999929	66.5445999935	66.5445999935	66.5445999935	66.5445999935	66.5445999899	66.5445999939	66.5445999939	66.5445999899	66.5445999919	66.5445999925	66.5445999925	66.5445999895	66.5445999932	66.5445999932	66.5445999939	66.5445999939	66.5445999949	66.5445999949	66.5445999985	66.5445999935	66.5445999935	66.5445999935	66.5445999975	66.5445999915	66.5445999895	66.5445999895	52.11280033879	52.11280033879	52.11280033909	52.1128003387	52.1128003387	52.1128003393	52.1128003393	52.1128003393	52.1128003393	52.1128003398	52.1128003398	52.1128003398	52.1128003388	52.1128003388	52.1128003388	52.1128003402	52.1128003392	52.1128003392	52.1128003387	52.1128003357	52.1128003367	52.1128003435	52.1128003435	0	19.227461666	29.755416784	31.1487231374	43.3508271764	46.8293433804	46.8293433804	46.8293433854	46.8293433854	47.6061290472	47.6061290472	47.9906005999	50.3039506369	71.6449999985	87.2756000578	87.2756000578	87.2756000578	87.2756000575	87.2756000575	87.2756000575	87.275600056	87.275600057	87.2756000573	87.2756000573	87.2756000573	87.2756000573	87.2756000573	87.2756000563	87.2756000564	87.2756000569	87.2756000568	87.2756000548	87.2756000575	87.2756000575	87.2756000565	87.2756000565	87.2756000525	87.2756000535	87.2756000575	87.2756000575	87.2756000575	87.2756000575	87.2756000595	87.2756000595	87.2756000575	87.2756000575	87.2756000545	87.2756000545	95.4102000595	139.5252000595	166.4444000398	166.4444000398	166.4444000368	166.4444000468	166.4444000548	166.4444000518	166.4444000518	166.4444000518	166.4444000518	166.4444000468	166.4444000278	177.8114000375	240.6208000475
Psammophis_punctulatus	66.5445999939	66.5445999939	66.5445999961	66.5445999961	66.5445999944	66.5445999944	66.5445999967	66.5445999948	66.5445999948	66.5445999948	66.544599995	66.544599995	66.544599995	66.5445999948	66.5445999944	66.5445999934	66.5445999928	66.5445999928	66.5445999984	66.5445999984	66.5445999944	66.5445999944	66.5445999944	66.5445999934	66.5445999973	66.5445999933	66.5445999933	66.5445999973	66.5445999966	66.5445999966	66.5445999908	66.5445999938	66.5445999938	66.5445999938	66.5445999908	66.5445999938	66.5445999938	66.5445999928	66.5445999938	66.5445999945	66.5445999945	66.5445999925	66.5445999929	66.5445999929	66.5445999935	66.5445999935	66.5445999935	66.5445999935	66.5445999899	66.5445999939	66.5445999939	66.5445999899	66.5445999919	66.5445999925	66.5445999925	66.5445999895	66.5445999932	66.5445999932	66.5445999939	66.5445999939	66.5445999949	66.5445999949	66.5445999985	66.5445999935	66.5445999935	66.5445999935	66.5445999975	66.5445999915	66.5445999895	66.5445999895	52.11280033879	52.11280033879	52.11280033909	52.1128003387	52.1128003387	52.1128003393	52.1128003393	52.1128003393	52.1128003393	52.1128003398	52.1128003398	52.1128003398	52.1128003388	52.1128003388	52.1128003388	52.1128003402	52.1128003392	52.1128003392	52.1128003387	52.1128003357	52.1128003367	52.1128003435	52.1128003435	19.227461666	0	29.755416784	31.1487231374	43.3508271764	46.8293433804	46.8293433804	46.8293433854	46.8293433854	47.6061290472	47.6061290472	47.9906005999	50.3039506369	71.6449999985	87.2756000578	87.2756000578	87.2756000578	87.2756000575	87.2756000575	87.2756000575	87.275600056	87.275600057	87.2756000573	87.2756000573	87.2756000573	87.2756000573	87.2756000573	87.2756000563	87.2756000564	87.2756000569	87.2756000568	87.2756000548	87.2756000575	87.2756000575	87.2756000565	87.2756000565	87.2756000525	87.2756000535	87.2756000575	87.2756000575	87.2756000575	87.2756000575	87.2756000595	87.2756000595	87.2756000575	87.2756000575	87.2756000545	87.2756000545	95.4102000595	139.5252000595	166.4444000398	166.4444000398	166.4444000368	166.4444000468	166.4444000548	166.4444000518	166.4444000518	166.4444000518	166.4444000518	166.4444000468	166.4444000278	177.8114000375	240.6208000475
Mimophis_mahfalensis	66.5445999899	66.5445999899	66.5445999921	66.5445999921	66.5445999904	66.5445999904	66.5445999927	66.5445999908	66.5445999908	66.5445999908	66.544599991	66.544599991	66.544599991	66.5445999908	66.5445999904	66.5445999894	66.5445999888	66.5445999888	66.5445999944	66.5445999944	66.5445999904	66.5445999904	66.5445999904	66.5445999894	66.5445999933	66.5445999893	66.5445999893	66.5445999933	66.5445999926	66.5445999926	66.5445999868	66.5445999898	66.5445999898	66.5445999898	66.5445999868	66.5445999898	66.5445999898	66.5445999888	66.5445999898	66.5445999905	66.5445999905	66.5445999885	66.5445999889	66.5445999889	66.5445999895	66.5445999895	66.5445999895	66.5445999895	66.5445999859	66.5445999899	66.5445999899	66.5445999859	66.5445999879	66.5445999885	66.5445999885	66.5445999855	66.5445999892	66.5445999892	66.5445999899	66.5445999899	66.5445999909	66.5445999909	66.5445999945	66.5445999895	66.5445999895	66.5445999895	66.5445999935	66.5445999875	66.5445999855	66.5445999855	52.11280033479	52.11280033479	52.11280033509	52.1128003347	52.1128003347	52.1128003353	52.1128003353	52.1128003353	52.1128003353	52.1128003358	52.1128003358	52.1128003358	52.1128003348	52.1128003348	52.1128003348	52.1128003362	52.1128003352	52.1128003352	52.1128003347	52.1128003317	52.1128003327	52.1128003395	52.1128003395	29.755416784	29.755416784	0	31.1487231334	43.3508271724	46.8293433764	46.8293433764	46.8293433814	46.8293433814	47.6061290432	47.6061290432	47.9906005959	50.3039506329	71.6449999945	87.2756000538	87.2756000538	87.2756000538	87.2756000535	87.2756000535	87.2756000535	87.275600052	87.275600053	87.2756000533	87.2756000533	87.2756000533	87.2756000533	87.2756000533	87.2756000523	87.2756000524	87.2756000529	87.2756000528	87.2756000508	87.2756000535	87.2756000535	87.2756000525	87.2756000525	87.2756000485	87.2756000495	87.2756000535	87.2756000535	87.2756000535	87.2756000535	87.2756000555	87.2756000555	87.2756000535	87.2756000535	87.2756000505	87.2756000505	95.4102000555	139.5252000555	166.4444000358	166.4444000358	166.4444000328	166.4444000428	166.4444000508	166.4444000478	166.4444000478	166.4444000478	166.4444000478	166.4444000428	166.4444000238	177.8114000335	240.6208000435
Malpolon_monspessulanus	66.5445999965	66.5445999965	66.5445999987	66.5445999987	66.544599997	66.544599997	66.5445999993	66.5445999974	66.5445999974	66.5445999974	66.5445999976	66.5445999976	66.5445999976	66.5445999974	66.544599997	66.544599996	66.5445999954	66.5445999954	66.544600001	66.544600001	66.544599997	66.544599997	66.544599997	66.544599996	66.5445999999	66.5445999959	66.5445999959	66.5445999999	66.5445999992	66.5445999992	66.5445999934	66.5445999964	66.5445999964	66.5445999964	66.5445999934	66.5445999964	66.5445999964	66.5445999954	66.5445999964	66.5445999971	66.5445999971	66.5445999951	66.5445999955	66.5445999955	66.5445999961	66.5445999961	66.5445999961	66.5445999961	66.5445999925	66.5445999965	66.5445999965	66.5445999925	66.5445999945	66.5445999951	66.5445999951	66.5445999921	66.5445999958	66.5445999958	66.5445999965	66.5445999965	66.5445999975	66.5445999975	66.5446000011	66.5445999961	66.5445999961	66.5445999961	66.5446000001	66.5445999941	66.5445999921	66.5445999921	52.11280034139	52.11280034139	52.11280034169	52.1128003413	52.1128003413	52.1128003419	52.1128003419	52.1128003419	52.1128003419	52.1128003424	52.1128003424	52.1128003424	52.1128003414	52.1128003414	52.1128003414	52.1128003428	52.1128003418	52.1128003418	52.1128003413	52.1128003383	52.1128003393	52.1128003461	52.1128003461	31.1487231374	31.1487231374	31.1487231334	0	43.350827179	46.829343383	46.829343383	46.829343388	46.829343388	47.6061290498	47.6061290498	47.9906006025	50.3039506395	71.6450000011	87.2756000604	87.2756000604	87.2756000604	87.2756000601	87.2756000601	87.2756000601	87.2756000586	87.2756000596	87.2756000599	87.2756000599	87.2756000599	87.2756000599	87.2756000599	87.2756000589	87.275600059	87.2756000595	87.2756000594	87.2756000574	87.2756000601	87.2756000601	87.2756000591	87.2756000591	87.2756000551	87.2756000561	87.2756000601	87.2756000601	87.2756000601	87.2756000601	87.2756000621	87.2756000621	87.2756000601	87.2756000601	87.2756000571	87.2756000571	95.4102000621	139.5252000621	166.4444000424	166.4444000424	166.4444000394	166.4444000494	166.4444000574	166.4444000544	166.4444000544	166.4444000544	166.4444000544	166.4444000494	166.4444000304	177.8114000401	240.6208000501
Psammodynastes_pulverulentus	66.5445999975	66.5445999975	66.5445999997	66.5445999997	66.544599998	66.544599998	66.5446000003	66.5445999984	66.5445999984	66.5445999984	66.5445999986	66.5445999986	66.5445999986	66.5445999984	66.544599998	66.544599997	66.5445999964	66.5445999964	66.544600002	66.544600002	66.544599998	66.544599998	66.544599998	66.544599997	66.5446000009	66.5445999969	66.5445999969	66.5446000009	66.5446000002	66.5446000002	66.5445999944	66.5445999974	66.5445999974	66.5445999974	66.5445999944	66.5445999974	66.5445999974	66.5445999964	66.5445999974	66.5445999981	66.5445999981	66.5445999961	66.5445999965	66.5445999965	66.5445999971	66.5445999971	66.5445999971	66.5445999971	66.5445999935	66.5445999975	66.5445999975	66.5445999935	66.5445999955	66.5445999961	66.5445999961	66.5445999931	66.5445999968	66.5445999968	66.5445999975	66.5445999975	66.5445999985	66.5445999985	66.5446000021	66.5445999971	66.5445999971	66.5445999971	66.5446000011	66.5445999951	66.5445999931	66.5445999931	52.11280034239	52.11280034239	52.11280034269	52.1128003423	52.1128003423	52.1128003429	52.1128003429	52.1128003429	52.1128003429	52.1128003434	52.1128003434	52.1128003434	52.1128003424	52.1128003424	52.1128003424	52.1128003438	52.1128003428	52.1128003428	52.1128003423	52.1128003393	52.1128003403	52.1128003471	52.1128003471	43.3508271764	43.3508271764	43.3508271724	43.350827179	0	46.829343384	46.829343384	46.829343389	46.829343389	47.6061290508	47.6061290508	47.9906006035	50.3039506405	71.6450000021	87.2756000614	87.2756000614	87.2756000614	87.2756000611	87.2756000611	87.2756000611	87.2756000596	87.2756000606	87.2756000609	87.2756000609	87.2756000609	87.2756000609	87.2756000609	87.2756000599	87.27560006	87.2756000605	87.2756000604	87.2756000584	87.2756000611	87.2756000611	87.2756000601	87.2756000601	87.2756000561	87.2756000571	87.2756000611	87.2756000611	87.2756000611	87.2756000611	87.2756000631	87.2756000631	87.2756000611	87.2756000611	87.2756000581	87.2756000581	95.4102000631	139.5252000631	166.4444000434	166.4444000434	166.4444000404	166.4444000504	166.4444000584	166.4444000554	166.4444000554	166.4444000554	166.4444000554	166.4444000504	166.4444000314	177.8114000411	240.6208000511
Aparallactus_lunulatus	66.5445999935	66.5445999935	66.5445999957	66.5445999957	66.544599994	66.544599994	66.5445999963	66.5445999944	66.5445999944	66.5445999944	66.5445999946	66.5445999946	66.5445999946	66.5445999944	66.544599994	66.544599993	66.5445999924	66.5445999924	66.544599998	66.544599998	66.544599994	66.544599994	66.544599994	66.544599993	66.5445999969	66.5445999929	66.5445999929	66.5445999969	66.5445999962	66.5445999962	66.5445999904	66.5445999934	66.5445999934	66.5445999934	66.5445999904	66.5445999934	66.5445999934	66.5445999924	66.5445999934	66.5445999941	66.5445999941	66.5445999921	66.5445999925	66.5445999925	66.5445999931	66.5445999931	66.5445999931	66.5445999931	66.5445999895	66.5445999935	66.5445999935	66.5445999895	66.5445999915	66.5445999921	66.5445999921	66.5445999891	66.5445999928	66.5445999928	66.5445999935	66.5445999935	66.5445999945	66.5445999945	66.5445999981	66.5445999931	66.5445999931	66.5445999931	66.5445999971	66.5445999911	66.5445999891	66.5445999891	52.11280033839	52.11280033839	52.11280033869	52.1128003383	52.1128003383	52.1128003389	52.1128003389	52.1128003389	52.1128003389	52.1128003394	52.1128003394	52.1128003394	52.1128003384	52.1128003384	52.1128003384	52.1128003398	52.1128003388	52.1128003388	52.1128003383	52.1128003353	52.1128003363	52.1128003431	52.1128003431	46.8293433804	46.8293433804	46.8293433764	46.829343383	46.829343384	0	22.6733772	40.392857635	40.392857635	47.6061290468	47.6061290468	47.9906005995	50.3039506365	71.6449999981	87.2756000574	87.2756000574	87.2756000574	87.2756000571	87.2756000571	87.2756000571	87.2756000556	87.2756000566	87.2756000569	87.2756000569	87.2756000569	87.2756000569	87.2756000569	87.2756000559	87.275600056	87.2756000565	87.2756000564	87.2756000544	87.2756000571	87.2756000571	87.2756000561	87.2756000561	87.2756000521	87.2756000531	87.2756000571	87.2756000571	87.2756000571	87.2756000571	87.2756000591	87.2756000591	87.2756000571	87.2756000571	87.2756000541	87.2756000541	95.4102000591	139.5252000591	166.4444000394	166.4444000394	166.4444000364	166.4444000464	166.4444000544	166.4444000514	166.4444000514	166.4444000514	166.4444000514	166.4444000464	166.4444000274	177.8114000371	240.6208000471
Aparallactus_werneri	66.5445999935	66.5445999935	66.5445999957	66.5445999957	66.544599994	66.544599994	66.5445999963	66.5445999944	66.5445999944	66.5445999944	66.5445999946	66.5445999946	66.5445999946	66.5445999944	66.544599994	66.544599993	66.5445999924	66.5445999924	66.544599998	66.544599998	66.544599994	66.544599994	66.544599994	66.544599993	66.5445999969	66.5445999929	66.5445999929	66.5445999969	66.5445999962	66.5445999962	66.5445999904	66.5445999934	66.5445999934	66.5445999934	66.5445999904	66.5445999934	66.5445999934	66.5445999924	66.5445999934	66.5445999941	66.5445999941	66.5445999921	66.5445999925	66.5445999925	66.5445999931	66.5445999931	66.5445999931	66.5445999931	66.5445999895	66.5445999935	66.5445999935	66.5445999895	66.5445999915	66.5445999921	66.5445999921	66.5445999891	66.5445999928	66.5445999928	66.5445999935	66.5445999935	66.5445999945	66.5445999945	66.5445999981	66.5445999931	66.5445999931	66.5445999931	66.5445999971	66.5445999911	66.5445999891	66.5445999891	52.11280033839	52.11280033839	52.11280033869	52.1128003383	52.1128003383	52.1128003389	52.1128003389	52.1128003389	52.1128003389	52.1128003394	52.1128003394	52.1128003394	52.1128003384	52.1128003384	52.1128003384	52.1128003398	52.1128003388	52.1128003388	52.1128003383	52.1128003353	52.1128003363	52.1128003431	52.1128003431	46.8293433804	46.8293433804	46.8293433764	46.829343383	46.829343384	22.6733772	0	40.392857635	40.392857635	47.6061290468	47.6061290468	47.9906005995	50.3039506365	71.6449999981	87.2756000574	87.2756000574	87.2756000574	87.2756000571	87.2756000571	87.2756000571	87.2756000556	87.2756000566	87.2756000569	87.2756000569	87.2756000569	87.2756000569	87.2756000569	87.2756000559	87.275600056	87.2756000565	87.2756000564	87.2756000544	87.2756000571	87.2756000571	87.2756000561	87.2756000561	87.2756000521	87.2756000531	87.2756000571	87.2756000571	87.2756000571	87.2756000571	87.2756000591	87.2756000591	87.2756000571	87.2756000571	87.2756000541	87.2756000541	95.4102000591	139.5252000591	166.4444000394	166.4444000394	166.4444000364	166.4444000464	166.4444000544	166.4444000514	166.4444000514	166.4444000514	166.4444000514	166.4444000464	166.4444000274	177.8114000371	240.6208000471
Atractaspis_microlepidota	66.5445999985	66.5445999985	66.5446000007	66.5446000007	66.544599999	66.544599999	66.5446000013	66.5445999994	66.5445999994	66.5445999994	66.5445999996	66.5445999996	66.5445999996	66.5445999994	66.544599999	66.544599998	66.5445999974	66.5445999974	66.544600003	66.544600003	66.544599999	66.544599999	66.544599999	66.544599998	66.5446000019	66.5445999979	66.5445999979	66.5446000019	66.5446000012	66.5446000012	66.5445999954	66.5445999984	66.5445999984	66.5445999984	66.5445999954	66.5445999984	66.5445999984	66.5445999974	66.5445999984	66.5445999991	66.5445999991	66.5445999971	66.5445999975	66.5445999975	66.5445999981	66.5445999981	66.5445999981	66.5445999981	66.5445999945	66.5445999985	66.5445999985	66.5445999945	66.5445999965	66.5445999971	66.5445999971	66.5445999941	66.5445999978	66.5445999978	66.5445999985	66.5445999985	66.5445999995	66.5445999995	66.5446000031	66.5445999981	66.5445999981	66.5445999981	66.5446000021	66.5445999961	66.5445999941	66.5445999941	52.11280034339	52.11280034339	52.11280034369	52.1128003433	52.1128003433	52.1128003439	52.1128003439	52.1128003439	52.1128003439	52.1128003444	52.1128003444	52.1128003444	52.1128003434	52.1128003434	52.1128003434	52.1128003448	52.1128003438	52.1128003438	52.1128003433	52.1128003403	52.1128003413	52.1128003481	52.1128003481	46.8293433854	46.8293433854	46.8293433814	46.829343388	46.829343389	40.392857635	40.392857635	0	11.512602	47.6061290518	47.6061290518	47.9906006045	50.3039506415	71.6450000031	87.2756000624	87.2756000624	87.2756000624	87.2756000621	87.2756000621	87.2756000621	87.2756000606	87.2756000616	87.2756000619	87.2756000619	87.2756000619	87.2756000619	87.2756000619	87.2756000609	87.275600061	87.2756000615	87.2756000614	87.2756000594	87.2756000621	87.2756000621	87.2756000611	87.2756000611	87.2756000571	87.2756000581	87.2756000621	87.2756000621	87.2756000621	87.2756000621	87.2756000641	87.2756000641	87.2756000621	87.2756000621	87.2756000591	87.2756000591	95.4102000641	139.5252000641	166.4444000444	166.4444000444	166.4444000414	166.4444000514	166.4444000594	166.4444000564	166.4444000564	166.4444000564	166.4444000564	166.4444000514	166.4444000324	177.8114000421	240.6208000521
Atractaspis_fallax	66.5445999985	66.5445999985	66.5446000007	66.5446000007	66.544599999	66.544599999	66.5446000013	66.5445999994	66.5445999994	66.5445999994	66.5445999996	66.5445999996	66.5445999996	66.5445999994	66.544599999	66.544599998	66.5445999974	66.5445999974	66.544600003	66.544600003	66.544599999	66.544599999	66.544599999	66.544599998	66.5446000019	66.5445999979	66.5445999979	66.5446000019	66.5446000012	66.5446000012	66.5445999954	66.5445999984	66.5445999984	66.5445999984	66.5445999954	66.5445999984	66.5445999984	66.5445999974	66.5445999984	66.5445999991	66.5445999991	66.5445999971	66.5445999975	66.5445999975	66.5445999981	66.5445999981	66.5445999981	66.5445999981	66.5445999945	66.5445999985	66.5445999985	66.5445999945	66.5445999965	66.5445999971	66.5445999971	66.5445999941	66.5445999978	66.5445999978	66.5445999985	66.5445999985	66.5445999995	66.5445999995	66.5446000031	66.5445999981	66.5445999981	66.5445999981	66.5446000021	66.5445999961	66.5445999941	66.5445999941	52.11280034339	52.11280034339	52.11280034369	52.1128003433	52.1128003433	52.1128003439	52.1128003439	52.1128003439	52.1128003439	52.1128003444	52.1128003444	52.1128003444	52.1128003434	52.1128003434	52.1128003434	52.1128003448	52.1128003438	52.1128003438	52.1128003433	52.1128003403	52.1128003413	52.1128003481	52.1128003481	46.8293433854	46.8293433854	46.8293433814	46.829343388	46.829343389	40.392857635	40.392857635	11.512602	0	47.6061290518	47.6061290518	47.9906006045	50.3039506415	71.6450000031	87.2756000624	87.2756000624	87.2756000624	87.2756000621	87.2756000621	87.2756000621	87.2756000606	87.2756000616	87.2756000619	87.2756000619	87.2756000619	87.2756000619	87.2756000619	87.2756000609	87.275600061	87.2756000615	87.2756000614	87.2756000594	87.2756000621	87.2756000621	87.2756000611	87.2756000611	87.2756000571	87.2756000581	87.2756000621	87.2756000621	87.2756000621	87.2756000621	87.2756000641	87.2756000641	87.2756000621	87.2756000621	87.2756000591	87.2756000591	95.4102000641	139.5252000641	166.4444000444	166.4444000444	166.4444000414	166.4444000514	166.4444000594	166.4444000564	166.4444000564	166.4444000564	166.4444000564	166.4444000514	166.4444000324	177.8114000421	240.6208000521
Boaedon_fuliginosus	66.5445999887	66.5445999887	66.5445999909	66.5445999909	66.5445999892	66.5445999892	66.5445999915	66.5445999896	66.5445999896	66.5445999896	66.5445999898	66.5445999898	66.5445999898	66.5445999896	66.5445999892	66.5445999882	66.5445999876	66.5445999876	66.5445999932	66.5445999932	66.5445999892	66.5445999892	66.5445999892	66.5445999882	66.5445999921	66.5445999881	66.5445999881	66.5445999921	66.5445999914	66.5445999914	66.5445999856	66.5445999886	66.5445999886	66.5445999886	66.5445999856	66.5445999886	66.5445999886	66.5445999876	66.5445999886	66.5445999893	66.5445999893	66.5445999873	66.5445999877	66.5445999877	66.5445999883	66.5445999883	66.5445999883	66.5445999883	66.5445999847	66.5445999887	66.5445999887	66.5445999847	66.5445999867	66.5445999873	66.5445999873	66.5445999843	66.544599988	66.544599988	66.5445999887	66.5445999887	66.5445999897	66.5445999897	66.5445999933	66.5445999883	66.5445999883	66.5445999883	66.5445999923	66.5445999863	66.5445999843	66.5445999843	52.11280033359	52.11280033359	52.11280033389	52.1128003335	52.1128003335	52.1128003341	52.1128003341	52.1128003341	52.1128003341	52.1128003346	52.1128003346	52.1128003346	52.1128003336	52.1128003336	52.1128003336	52.112800335	52.112800334	52.112800334	52.1128003335	52.1128003305	52.1128003315	52.1128003383	52.1128003383	47.6061290472	47.6061290472	47.6061290432	47.6061290498	47.6061290508	47.6061290468	47.6061290468	47.6061290518	47.6061290518	0	30.50605074	47.9906005947	50.3039506317	71.6449999933	87.2756000526	87.2756000526	87.2756000526	87.2756000523	87.2756000523	87.2756000523	87.2756000508	87.2756000518	87.2756000521	87.2756000521	87.2756000521	87.2756000521	87.2756000521	87.2756000511	87.2756000512	87.2756000517	87.2756000516	87.2756000496	87.2756000523	87.2756000523	87.2756000513	87.2756000513	87.2756000473	87.2756000483	87.2756000523	87.2756000523	87.2756000523	87.2756000523	87.2756000543	87.2756000543	87.2756000523	87.2756000523	87.2756000493	87.2756000493	95.4102000543	139.5252000543	166.4444000346	166.4444000346	166.4444000316	166.4444000416	166.4444000496	166.4444000466	166.4444000466	166.4444000466	166.4444000466	166.4444000416	166.4444000226	177.8114000323	240.6208000423
Lamprophis_erlangeri	66.5445999887	66.5445999887	66.5445999909	66.5445999909	66.5445999892	66.5445999892	66.5445999915	66.5445999896	66.5445999896	66.5445999896	66.5445999898	66.5445999898	66.5445999898	66.5445999896	66.5445999892	66.5445999882	66.5445999876	66.5445999876	66.5445999932	66.5445999932	66.5445999892	66.5445999892	66.5445999892	66.5445999882	66.5445999921	66.5445999881	66.5445999881	66.5445999921	66.5445999914	66.5445999914	66.5445999856	66.5445999886	66.5445999886	66.5445999886	66.5445999856	66.5445999886	66.5445999886	66.5445999876	66.5445999886	66.5445999893	66.5445999893	66.5445999873	66.5445999877	66.5445999877	66.5445999883	66.5445999883	66.5445999883	66.5445999883	66.5445999847	66.5445999887	66.5445999887	66.5445999847	66.5445999867	66.5445999873	66.5445999873	66.5445999843	66.544599988	66.544599988	66.5445999887	66.5445999887	66.5445999897	66.5445999897	66.5445999933	66.5445999883	66.5445999883	66.5445999883	66.5445999923	66.5445999863	66.5445999843	66.5445999843	52.11280033359	52.11280033359	52.11280033389	52.1128003335	52.1128003335	52.1128003341	52.1128003341	52.1128003341	52.1128003341	52.1128003346	52.1128003346	52.1128003346	52.1128003336	52.1128003336	52.1128003336	52.112800335	52.112800334	52.112800334	52.1128003335	52.1128003305	52.1128003315	52.1128003383	52.1128003383	47.6061290472	47.6061290472	47.6061290432	47.6061290498	47.6061290508	47.6061290468	47.6061290468	47.6061290518	47.6061290518	30.50605074	0	47.9906005947	50.3039506317	71.6449999933	87.2756000526	87.2756000526	87.2756000526	87.2756000523	87.2756000523	87.2756000523	87.2756000508	87.2756000518	87.2756000521	87.2756000521	87.2756000521	87.2756000521	87.2756000521	87.2756000511	87.2756000512	87.2756000517	87.2756000516	87.2756000496	87.2756000523	87.2756000523	87.2756000513	87.2756000513	87.2756000473	87.2756000483	87.2756000523	87.2756000523	87.2756000523	87.2756000523	87.2756000543	87.2756000543	87.2756000523	87.2756000523	87.2756000493	87.2756000493	95.4102000543	139.5252000543	166.4444000346	166.4444000346	166.4444000316	166.4444000416	166.4444000496	166.4444000466	166.4444000466	166.4444000466	166.4444000466	166.4444000416	166.4444000226	177.8114000323	240.6208000423
Pseudoxyrhopus_heterurus	66.544599994	66.544599994	66.5445999962	66.5445999962	66.5445999945	66.5445999945	66.5445999968	66.5445999949	66.5445999949	66.5445999949	66.5445999951	66.5445999951	66.5445999951	66.5445999949	66.5445999945	66.5445999935	66.5445999929	66.5445999929	66.5445999985	66.5445999985	66.5445999945	66.5445999945	66.5445999945	66.5445999935	66.5445999974	66.5445999934	66.5445999934	66.5445999974	66.5445999967	66.5445999967	66.5445999909	66.5445999939	66.5445999939	66.5445999939	66.5445999909	66.5445999939	66.5445999939	66.5445999929	66.5445999939	66.5445999946	66.5445999946	66.5445999926	66.544599993	66.544599993	66.5445999936	66.5445999936	66.5445999936	66.5445999936	66.54459999	66.544599994	66.544599994	66.54459999	66.544599992	66.5445999926	66.5445999926	66.5445999896	66.5445999933	66.5445999933	66.544599994	66.544599994	66.544599995	66.544599995	66.5445999986	66.5445999936	66.5445999936	66.5445999936	66.5445999976	66.5445999916	66.5445999896	66.5445999896	52.11280033889	52.11280033889	52.11280033919	52.1128003388	52.1128003388	52.1128003394	52.1128003394	52.1128003394	52.1128003394	52.1128003399	52.1128003399	52.1128003399	52.1128003389	52.1128003389	52.1128003389	52.1128003403	52.1128003393	52.1128003393	52.1128003388	52.1128003358	52.1128003368	52.1128003436	52.1128003436	47.9906005999	47.9906005999	47.9906005959	47.9906006025	47.9906006035	47.9906005995	47.9906005995	47.9906006045	47.9906006045	47.9906005947	47.9906005947	0	50.303950637	71.6449999986	87.2756000579	87.2756000579	87.2756000579	87.2756000576	87.2756000576	87.2756000576	87.2756000561	87.2756000571	87.2756000574	87.2756000574	87.2756000574	87.2756000574	87.2756000574	87.2756000564	87.2756000565	87.275600057	87.2756000569	87.2756000549	87.2756000576	87.2756000576	87.2756000566	87.2756000566	87.2756000526	87.2756000536	87.2756000576	87.2756000576	87.2756000576	87.2756000576	87.2756000596	87.2756000596	87.2756000576	87.2756000576	87.2756000546	87.2756000546	95.4102000596	139.5252000596	166.4444000399	166.4444000399	166.4444000369	166.4444000469	166.4444000549	166.4444000519	166.4444000519	166.4444000519	166.4444000519	166.4444000469	166.4444000279	177.8114000376	240.6208000476
Oxyrhabdium_leporinum	66.544599997	66.544599997	66.5445999992	66.5445999992	66.5445999975	66.5445999975	66.5445999998	66.5445999979	66.5445999979	66.5445999979	66.5445999981	66.5445999981	66.5445999981	66.5445999979	66.5445999975	66.5445999965	66.5445999959	66.5445999959	66.5446000015	66.5446000015	66.5445999975	66.5445999975	66.5445999975	66.5445999965	66.5446000004	66.5445999964	66.5445999964	66.5446000004	66.5445999997	66.5445999997	66.5445999939	66.5445999969	66.5445999969	66.5445999969	66.5445999939	66.5445999969	66.5445999969	66.5445999959	66.5445999969	66.5445999976	66.5445999976	66.5445999956	66.544599996	66.544599996	66.5445999966	66.5445999966	66.5445999966	66.5445999966	66.544599993	66.544599997	66.544599997	66.544599993	66.544599995	66.5445999956	66.5445999956	66.5445999926	66.5445999963	66.5445999963	66.544599997	66.544599997	66.544599998	66.544599998	66.5446000016	66.5445999966	66.5445999966	66.5445999966	66.5446000006	66.5445999946	66.5445999926	66.5445999926	52.11280034189	52.11280034189	52.11280034219	52.1128003418	52.1128003418	52.1128003424	52.1128003424	52.1128003424	52.1128003424	52.1128003429	52.1128003429	52.1128003429	52.1128003419	52.1128003419	52.1128003419	52.1128003433	52.1128003423	52.1128003423	52.1128003418	52.1128003388	52.1128003398	52.1128003466	52.1128003466	50.3039506369	50.3039506369	50.3039506329	50.3039506395	50.3039506405	50.3039506365	50.3039506365	50.3039506415	50.3039506415	50.3039506317	50.3039506317	50.303950637	0	71.6450000016	87.2756000609	87.2756000609	87.2756000609	87.2756000606	87.2756000606	87.2756000606	87.2756000591	87.2756000601	87.2756000604	87.2756000604	87.2756000604	87.2756000604	87.2756000604	87.2756000594	87.2756000595	87.27560006	87.2756000599	87.2756000579	87.2756000606	87.2756000606	87.2756000596	87.2756000596	87.2756000556	87.2756000566	87.2756000606	87.2756000606	87.2756000606	87.2756000606	87.2756000626	87.2756000626	87.2756000606	87.2756000606	87.2756000576	87.2756000576	95.4102000626	139.5252000626	166.4444000429	166.4444000429	166.4444000399	166.4444000499	166.4444000579	166.4444000549	166.4444000549	166.4444000549	166.4444000549	166.4444000499	166.4444000309	177.8114000406	240.6208000506
Cerberus_rynchops	71.6449999994	71.6449999994	71.6450000016	71.6450000016	71.6449999999	71.6449999999	71.6450000022	71.6450000003	71.6450000003	71.6450000003	71.6450000005	71.6450000005	71.6450000005	71.6450000003	71.6449999999	71.6449999989	71.6449999983	71.6449999983	71.6450000039	71.6450000039	71.6449999999	71.6449999999	71.6449999999	71.6449999989	71.6450000028	71.6449999988	71.6449999988	71.6450000028	71.6450000021	71.6450000021	71.6449999963	71.6449999993	71.6449999993	71.6449999993	71.6449999963	71.6449999993	71.6449999993	71.6449999983	71.6449999993	71.645	71.645	71.644999998	71.6449999984	71.6449999984	71.644999999	71.644999999	71.644999999	71.644999999	71.6449999954	71.6449999994	71.6449999994	71.6449999954	71.6449999974	71.644999998	71.644999998	71.644999995	71.6449999987	71.6449999987	71.6449999994	71.6449999994	71.6450000004	71.6450000004	71.645000004	71.644999999	71.644999999	71.644999999	71.645000003	71.644999997	71.644999995	71.644999995	71.64499999829	71.64499999829	71.64499999859	71.6449999982	71.6449999982	71.6449999988	71.6449999988	71.6449999988	71.6449999988	71.6449999993	71.6449999993	71.6449999993	71.6449999983	71.6449999983	71.6449999983	71.6449999997	71.6449999987	71.6449999987	71.6449999982	71.6449999952	71.6449999962	71.645000003	71.645000003	71.6449999985	71.6449999985	71.6449999945	71.6450000011	71.6450000021	71.6449999981	71.6449999981	71.6450000031	71.6450000031	71.6449999933	71.6449999933	71.6449999986	71.6450000016	0	87.2756000593	87.2756000593	87.2756000593	87.275600059	87.275600059	87.275600059	87.2756000575	87.2756000585	87.2756000588	87.2756000588	87.2756000588	87.2756000588	87.2756000588	87.2756000578	87.2756000579	87.2756000584	87.2756000583	87.2756000563	87.275600059	87.275600059	87.275600058	87.275600058	87.275600054	87.275600055	87.275600059	87.275600059	87.275600059	87.275600059	87.275600061	87.275600061	87.275600059	87.275600059	87.275600056	87.275600056	95.410200061	139.525200061	166.4444000413	166.4444000413	166.4444000383	166.4444000483	166.4444000563	166.4444000533	166.4444000533	166.4444000533	166.4444000533	166.4444000483	166.4444000293	177.811400039	240.620800049
Bothrops_atrox	87.2756000587	87.2756000587	87.2756000609	87.2756000609	87.2756000592	87.2756000592	87.2756000615	87.2756000596	87.2756000596	87.2756000596	87.2756000598	87.2756000598	87.2756000598	87.2756000596	87.2756000592	87.2756000582	87.2756000576	87.2756000576	87.2756000632	87.2756000632	87.2756000592	87.2756000592	87.2756000592	87.2756000582	87.2756000621	87.2756000581	87.2756000581	87.2756000621	87.2756000614	87.2756000614	87.2756000556	87.2756000586	87.2756000586	87.2756000586	87.2756000556	87.2756000586	87.2756000586	87.2756000576	87.2756000586	87.2756000593	87.2756000593	87.2756000573	87.2756000577	87.2756000577	87.2756000583	87.2756000583	87.2756000583	87.2756000583	87.2756000547	87.2756000587	87.2756000587	87.2756000547	87.2756000567	87.2756000573	87.2756000573	87.2756000543	87.275600058	87.275600058	87.2756000587	87.2756000587	87.2756000597	87.2756000597	87.2756000633	87.2756000583	87.2756000583	87.2756000583	87.2756000623	87.2756000563	87.2756000543	87.2756000543	87.27560005759	87.27560005759	87.27560005789	87.2756000575	87.2756000575	87.2756000581	87.2756000581	87.2756000581	87.2756000581	87.2756000586	87.2756000586	87.2756000586	87.2756000576	87.2756000576	87.2756000576	87.275600059	87.275600058	87.275600058	87.2756000575	87.2756000545	87.2756000555	87.2756000623	87.2756000623	87.2756000578	87.2756000578	87.2756000538	87.2756000604	87.2756000614	87.2756000574	87.2756000574	87.2756000624	87.2756000624	87.2756000526	87.2756000526	87.2756000579	87.2756000609	87.2756000593	0	4.963546	10.269157084	11.3099750003	11.3099750003	11.3099750003	22.4133967768	22.4133967778	22.4133967781	22.4133967781	22.4133967781	22.4133967781	22.4133967781	22.4133967771	22.4133967772	22.4133967777	22.4133967776	22.4133967756	26.1279668543	26.1279668543	28.4021384573	28.4021384573	37.5390004653	43.3826924643	46.9710003423	46.9710003423	46.9710003423	46.9710003423	46.9710003443	46.9710003443	46.9710003423	46.9710003423	46.9710003393	46.9710003393	95.4102000643	139.5252000643	166.4444000446	166.4444000446	166.4444000416	166.4444000516	166.4444000596	166.4444000566	166.4444000566	166.4444000566	166.4444000566	166.4444000516	166.4444000326	177.8114000423	240.6208000523
Bothrops_asper	87.2756000587	87.2756000587	87.2756000609	87.2756000609	87.2756000592	87.2756000592	87.2756000615	87.2756000596	87.2756000596	87.2756000596	87.2756000598	87.2756000598	87.2756000598	87.2756000596	87.2756000592	87.2756000582	87.2756000576	87.2756000576	87.2756000632	87.2756000632	87.2756000592	87.2756000592	87.2756000592	87.2756000582	87.2756000621	87.2756000581	87.2756000581	87.2756000621	87.2756000614	87.2756000614	87.2756000556	87.2756000586	87.2756000586	87.2756000586	87.2756000556	87.2756000586	87.2756000586	87.2756000576	87.2756000586	87.2756000593	87.2756000593	87.2756000573	87.2756000577	87.2756000577	87.2756000583	87.2756000583	87.2756000583	87.2756000583	87.2756000547	87.2756000587	87.2756000587	87.2756000547	87.2756000567	87.2756000573	87.2756000573	87.2756000543	87.275600058	87.275600058	87.2756000587	87.2756000587	87.2756000597	87.2756000597	87.2756000633	87.2756000583	87.2756000583	87.2756000583	87.2756000623	87.2756000563	87.2756000543	87.2756000543	87.27560005759	87.27560005759	87.27560005789	87.2756000575	87.2756000575	87.2756000581	87.2756000581	87.2756000581	87.2756000581	87.2756000586	87.2756000586	87.2756000586	87.2756000576	87.2756000576	87.2756000576	87.275600059	87.275600058	87.275600058	87.2756000575	87.2756000545	87.2756000555	87.2756000623	87.2756000623	87.2756000578	87.2756000578	87.2756000538	87.2756000604	87.2756000614	87.2756000574	87.2756000574	87.2756000624	87.2756000624	87.2756000526	87.2756000526	87.2756000579	87.2756000609	87.2756000593	4.963546	0	10.269157084	11.3099750003	11.3099750003	11.3099750003	22.4133967768	22.4133967778	22.4133967781	22.4133967781	22.4133967781	22.4133967781	22.4133967781	22.4133967771	22.4133967772	22.4133967777	22.4133967776	22.4133967756	26.1279668543	26.1279668543	28.4021384573	28.4021384573	37.5390004653	43.3826924643	46.9710003423	46.9710003423	46.9710003423	46.9710003423	46.9710003443	46.9710003443	46.9710003423	46.9710003423	46.9710003393	46.9710003393	95.4102000643	139.5252000643	166.4444000446	166.4444000446	166.4444000416	166.4444000516	166.4444000596	166.4444000566	166.4444000566	166.4444000566	166.4444000566	166.4444000516	166.4444000326	177.8114000423	240.6208000523
Bothrops_jararaca	87.2756000587	87.2756000587	87.2756000609	87.2756000609	87.2756000592	87.2756000592	87.2756000615	87.2756000596	87.2756000596	87.2756000596	87.2756000598	87.2756000598	87.2756000598	87.2756000596	87.2756000592	87.2756000582	87.2756000576	87.2756000576	87.2756000632	87.2756000632	87.2756000592	87.2756000592	87.2756000592	87.2756000582	87.2756000621	87.2756000581	87.2756000581	87.2756000621	87.2756000614	87.2756000614	87.2756000556	87.2756000586	87.2756000586	87.2756000586	87.2756000556	87.2756000586	87.2756000586	87.2756000576	87.2756000586	87.2756000593	87.2756000593	87.2756000573	87.2756000577	87.2756000577	87.2756000583	87.2756000583	87.2756000583	87.2756000583	87.2756000547	87.2756000587	87.2756000587	87.2756000547	87.2756000567	87.2756000573	87.2756000573	87.2756000543	87.275600058	87.275600058	87.2756000587	87.2756000587	87.2756000597	87.2756000597	87.2756000633	87.2756000583	87.2756000583	87.2756000583	87.2756000623	87.2756000563	87.2756000543	87.2756000543	87.27560005759	87.27560005759	87.27560005789	87.2756000575	87.2756000575	87.2756000581	87.2756000581	87.2756000581	87.2756000581	87.2756000586	87.2756000586	87.2756000586	87.2756000576	87.2756000576	87.2756000576	87.275600059	87.275600058	87.275600058	87.2756000575	87.2756000545	87.2756000555	87.2756000623	87.2756000623	87.2756000578	87.2756000578	87.2756000538	87.2756000604	87.2756000614	87.2756000574	87.2756000574	87.2756000624	87.2756000624	87.2756000526	87.2756000526	87.2756000579	87.2756000609	87.2756000593	10.269157084	10.269157084	0	11.3099750003	11.3099750003	11.3099750003	22.4133967768	22.4133967778	22.4133967781	22.4133967781	22.4133967781	22.4133967781	22.4133967781	22.4133967771	22.4133967772	22.4133967777	22.4133967776	22.4133967756	26.1279668543	26.1279668543	28.4021384573	28.4021384573	37.5390004653	43.3826924643	46.9710003423	46.9710003423	46.9710003423	46.9710003423	46.9710003443	46.9710003443	46.9710003423	46.9710003423	46.9710003393	46.9710003393	95.4102000643	139.5252000643	166.4444000446	166.4444000446	166.4444000416	166.4444000516	166.4444000596	166.4444000566	166.4444000566	166.4444000566	166.4444000566	166.4444000516	166.4444000326	177.8114000423	240.6208000523
Bothrops_alternatus	87.2756000584	87.2756000584	87.2756000606	87.2756000606	87.2756000589	87.2756000589	87.2756000612	87.2756000593	87.2756000593	87.2756000593	87.2756000595	87.2756000595	87.2756000595	87.2756000593	87.2756000589	87.2756000579	87.2756000573	87.2756000573	87.2756000629	87.2756000629	87.2756000589	87.2756000589	87.2756000589	87.2756000579	87.2756000618	87.2756000578	87.2756000578	87.2756000618	87.2756000611	87.2756000611	87.2756000553	87.2756000583	87.2756000583	87.2756000583	87.2756000553	87.2756000583	87.2756000583	87.2756000573	87.2756000583	87.275600059	87.275600059	87.275600057	87.2756000574	87.2756000574	87.275600058	87.275600058	87.275600058	87.275600058	87.2756000544	87.2756000584	87.2756000584	87.2756000544	87.2756000564	87.275600057	87.275600057	87.275600054	87.2756000577	87.2756000577	87.2756000584	87.2756000584	87.2756000594	87.2756000594	87.275600063	87.275600058	87.275600058	87.275600058	87.275600062	87.275600056	87.275600054	87.275600054	87.27560005729	87.27560005729	87.27560005759	87.2756000572	87.2756000572	87.2756000578	87.2756000578	87.2756000578	87.2756000578	87.2756000583	87.2756000583	87.2756000583	87.2756000573	87.2756000573	87.2756000573	87.2756000587	87.2756000577	87.2756000577	87.2756000572	87.2756000542	87.2756000552	87.275600062	87.275600062	87.2756000575	87.2756000575	87.2756000535	87.2756000601	87.2756000611	87.2756000571	87.2756000571	87.2756000621	87.2756000621	87.2756000523	87.2756000523	87.2756000576	87.2756000606	87.275600059	11.3099750003	11.3099750003	11.3099750003	0	9.1392	9.1392	22.4133967765	22.4133967775	22.4133967778	22.4133967778	22.4133967778	22.4133967778	22.4133967778	22.4133967768	22.4133967769	22.4133967774	22.4133967773	22.4133967753	26.127966854	26.127966854	28.402138457	28.402138457	37.539000465	43.382692464	46.971000342	46.971000342	46.971000342	46.971000342	46.971000344	46.971000344	46.971000342	46.971000342	46.971000339	46.971000339	95.410200064	139.525200064	166.4444000443	166.4444000443	166.4444000413	166.4444000513	166.4444000593	166.4444000563	166.4444000563	166.4444000563	166.4444000563	166.4444000513	166.4444000323	177.811400042	240.620800052
Bothrops_fonsecai	87.2756000584	87.2756000584	87.2756000606	87.2756000606	87.2756000589	87.2756000589	87.2756000612	87.2756000593	87.2756000593	87.2756000593	87.2756000595	87.2756000595	87.2756000595	87.2756000593	87.2756000589	87.2756000579	87.2756000573	87.2756000573	87.2756000629	87.2756000629	87.2756000589	87.2756000589	87.2756000589	87.2756000579	87.2756000618	87.2756000578	87.2756000578	87.2756000618	87.2756000611	87.2756000611	87.2756000553	87.2756000583	87.2756000583	87.2756000583	87.2756000553	87.2756000583	87.2756000583	87.2756000573	87.2756000583	87.275600059	87.275600059	87.275600057	87.2756000574	87.2756000574	87.275600058	87.275600058	87.275600058	87.275600058	87.2756000544	87.2756000584	87.2756000584	87.2756000544	87.2756000564	87.275600057	87.275600057	87.275600054	87.2756000577	87.2756000577	87.2756000584	87.2756000584	87.2756000594	87.2756000594	87.275600063	87.275600058	87.275600058	87.275600058	87.275600062	87.275600056	87.275600054	87.275600054	87.27560005729	87.27560005729	87.27560005759	87.2756000572	87.2756000572	87.2756000578	87.2756000578	87.2756000578	87.2756000578	87.2756000583	87.2756000583	87.2756000583	87.2756000573	87.2756000573	87.2756000573	87.2756000587	87.2756000577	87.2756000577	87.2756000572	87.2756000542	87.2756000552	87.275600062	87.275600062	87.2756000575	87.2756000575	87.2756000535	87.2756000601	87.2756000611	87.2756000571	87.2756000571	87.2756000621	87.2756000621	87.2756000523	87.2756000523	87.2756000576	87.2756000606	87.275600059	11.3099750003	11.3099750003	11.3099750003	9.1392	0	3.619904	22.4133967765	22.4133967775	22.4133967778	22.4133967778	22.4133967778	22.4133967778	22.4133967778	22.4133967768	22.4133967769	22.4133967774	22.4133967773	22.4133967753	26.127966854	26.127966854	28.402138457	28.402138457	37.539000465	43.382692464	46.971000342	46.971000342	46.971000342	46.971000342	46.971000344	46.971000344	46.971000342	46.971000342	46.971000339	46.971000339	95.410200064	139.525200064	166.4444000443	166.4444000443	166.4444000413	166.4444000513	166.4444000593	166.4444000563	166.4444000563	166.4444000563	166.4444000563	166.4444000513	166.4444000323	177.811400042	240.620800052
Bothrops_cotiara	87.2756000584	87.2756000584	87.2756000606	87.2756000606	87.2756000589	87.2756000589	87.2756000612	87.2756000593	87.2756000593	87.2756000593	87.2756000595	87.2756000595	87.2756000595	87.2756000593	87.2756000589	87.2756000579	87.2756000573	87.2756000573	87.2756000629	87.2756000629	87.2756000589	87.2756000589	87.2756000589	87.2756000579	87.2756000618	87.2756000578	87.2756000578	87.2756000618	87.2756000611	87.2756000611	87.2756000553	87.2756000583	87.2756000583	87.2756000583	87.2756000553	87.2756000583	87.2756000583	87.2756000573	87.2756000583	87.275600059	87.275600059	87.275600057	87.2756000574	87.2756000574	87.275600058	87.275600058	87.275600058	87.275600058	87.2756000544	87.2756000584	87.2756000584	87.2756000544	87.2756000564	87.275600057	87.275600057	87.275600054	87.2756000577	87.2756000577	87.2756000584	87.2756000584	87.2756000594	87.2756000594	87.275600063	87.275600058	87.275600058	87.275600058	87.275600062	87.275600056	87.275600054	87.275600054	87.27560005729	87.27560005729	87.27560005759	87.2756000572	87.2756000572	87.2756000578	87.2756000578	87.2756000578	87.2756000578	87.2756000583	87.2756000583	87.2756000583	87.2756000573	87.2756000573	87.2756000573	87.2756000587	87.2756000577	87.2756000577	87.2756000572	87.2756000542	87.2756000552	87.275600062	87.275600062	87.2756000575	87.2756000575	87.2756000535	87.2756000601	87.2756000611	87.2756000571	87.2756000571	87.2756000621	87.2756000621	87.2756000523	87.2756000523	87.2756000576	87.2756000606	87.275600059	11.3099750003	11.3099750003	11.3099750003	9.1392	3.619904	0	22.4133967765	22.4133967775	22.4133967778	22.4133967778	22.4133967778	22.4133967778	22.4133967778	22.4133967768	22.4133967769	22.4133967774	22.4133967773	22.4133967753	26.127966854	26.127966854	28.402138457	28.402138457	37.539000465	43.382692464	46.971000342	46.971000342	46.971000342	46.971000342	46.971000344	46.971000344	46.971000342	46.971000342	46.971000339	46.971000339	95.410200064	139.525200064	166.4444000443	166.4444000443	166.4444000413	166.4444000513	166.4444000593	166.4444000563	166.4444000563	166.4444000563	166.4444000563	166.4444000513	166.4444000323	177.811400042	240.620800052
Crotalus_simus	87.2756000569	87.2756000569	87.2756000591	87.2756000591	87.2756000574	87.2756000574	87.2756000597	87.2756000578	87.2756000578	87.2756000578	87.275600058	87.275600058	87.275600058	87.2756000578	87.2756000574	87.2756000564	87.2756000558	87.2756000558	87.2756000614	87.2756000614	87.2756000574	87.2756000574	87.2756000574	87.2756000564	87.2756000603	87.2756000563	87.2756000563	87.2756000603	87.2756000596	87.2756000596	87.2756000538	87.2756000568	87.2756000568	87.2756000568	87.2756000538	87.2756000568	87.2756000568	87.2756000558	87.2756000568	87.2756000575	87.2756000575	87.2756000555	87.2756000559	87.2756000559	87.2756000565	87.2756000565	87.2756000565	87.2756000565	87.2756000529	87.2756000569	87.2756000569	87.2756000529	87.2756000549	87.2756000555	87.2756000555	87.2756000525	87.2756000562	87.2756000562	87.2756000569	87.2756000569	87.2756000579	87.2756000579	87.2756000615	87.2756000565	87.2756000565	87.2756000565	87.2756000605	87.2756000545	87.2756000525	87.2756000525	87.27560005579	87.27560005579	87.27560005609	87.2756000557	87.2756000557	87.2756000563	87.2756000563	87.2756000563	87.2756000563	87.2756000568	87.2756000568	87.2756000568	87.2756000558	87.2756000558	87.2756000558	87.2756000572	87.2756000562	87.2756000562	87.2756000557	87.2756000527	87.2756000537	87.2756000605	87.2756000605	87.275600056	87.275600056	87.275600052	87.2756000586	87.2756000596	87.2756000556	87.2756000556	87.2756000606	87.2756000606	87.2756000508	87.2756000508	87.2756000561	87.2756000591	87.2756000575	22.4133967768	22.4133967768	22.4133967768	22.4133967765	22.4133967765	22.4133967765	0	13.514470713	13.7428517027	13.7428517027	13.7428517027	13.7428517027	13.7428517027	13.7428517017	15.0109411776	15.3995010231	16.6342929532	21.4143987412	26.1279668525	26.1279668525	28.4021384555	28.4021384555	37.5390004635	43.3826924625	46.9710003405	46.9710003405	46.9710003405	46.9710003405	46.9710003425	46.9710003425	46.9710003405	46.9710003405	46.9710003375	46.9710003375	95.4102000625	139.5252000625	166.4444000428	166.4444000428	166.4444000398	166.4444000498	166.4444000578	166.4444000548	166.4444000548	166.4444000548	166.4444000548	166.4444000498	166.4444000308	177.8114000405	240.6208000505
Crotalus_horridus	87.2756000579	87.2756000579	87.2756000601	87.2756000601	87.2756000584	87.2756000584	87.2756000607	87.2756000588	87.2756000588	87.2756000588	87.275600059	87.275600059	87.275600059	87.2756000588	87.2756000584	87.2756000574	87.2756000568	87.2756000568	87.2756000624	87.2756000624	87.2756000584	87.2756000584	87.2756000584	87.2756000574	87.2756000613	87.2756000573	87.2756000573	87.2756000613	87.2756000606	87.2756000606	87.2756000548	87.2756000578	87.2756000578	87.2756000578	87.2756000548	87.2756000578	87.2756000578	87.2756000568	87.2756000578	87.2756000585	87.2756000585	87.2756000565	87.2756000569	87.2756000569	87.2756000575	87.2756000575	87.2756000575	87.2756000575	87.2756000539	87.2756000579	87.2756000579	87.2756000539	87.2756000559	87.2756000565	87.2756000565	87.2756000535	87.2756000572	87.2756000572	87.2756000579	87.2756000579	87.2756000589	87.2756000589	87.2756000625	87.2756000575	87.2756000575	87.2756000575	87.2756000615	87.2756000555	87.2756000535	87.2756000535	87.27560005679	87.27560005679	87.27560005709	87.2756000567	87.2756000567	87.2756000573	87.2756000573	87.2756000573	87.2756000573	87.2756000578	87.2756000578	87.2756000578	87.2756000568	87.2756000568	87.2756000568	87.2756000582	87.2756000572	87.2756000572	87.2756000567	87.2756000537	87.2756000547	87.2756000615	87.2756000615	87.275600057	87.275600057	87.275600053	87.2756000596	87.2756000606	87.2756000566	87.2756000566	87.2756000616	87.2756000616	87.2756000518	87.2756000518	87.2756000571	87.2756000601	87.2756000585	22.4133967778	22.4133967778	22.4133967778	22.4133967775	22.4133967775	22.4133967775	13.514470713	0	13.7428517037	13.7428517037	13.7428517037	13.7428517037	13.7428517037	13.7428517027	15.0109411786	15.3995010241	16.6342929542	21.4143987422	26.1279668535	26.1279668535	28.4021384565	28.4021384565	37.5390004645	43.3826924635	46.9710003415	46.9710003415	46.9710003415	46.9710003415	46.9710003435	46.9710003435	46.9710003415	46.9710003415	46.9710003385	46.9710003385	95.4102000635	139.5252000635	166.4444000438	166.4444000438	166.4444000408	166.4444000508	166.4444000588	166.4444000558	166.4444000558	166.4444000558	166.4444000558	166.4444000508	166.4444000318	177.8114000415	240.6208000515
Crotalus_helleri	87.2756000582	87.2756000582	87.2756000604	87.2756000604	87.2756000587	87.2756000587	87.275600061	87.2756000591	87.2756000591	87.2756000591	87.2756000593	87.2756000593	87.2756000593	87.2756000591	87.2756000587	87.2756000577	87.2756000571	87.2756000571	87.2756000627	87.2756000627	87.2756000587	87.2756000587	87.2756000587	87.2756000577	87.2756000616	87.2756000576	87.2756000576	87.2756000616	87.2756000609	87.2756000609	87.2756000551	87.2756000581	87.2756000581	87.2756000581	87.2756000551	87.2756000581	87.2756000581	87.2756000571	87.2756000581	87.2756000588	87.2756000588	87.2756000568	87.2756000572	87.2756000572	87.2756000578	87.2756000578	87.2756000578	87.2756000578	87.2756000542	87.2756000582	87.2756000582	87.2756000542	87.2756000562	87.2756000568	87.2756000568	87.2756000538	87.2756000575	87.2756000575	87.2756000582	87.2756000582	87.2756000592	87.2756000592	87.2756000628	87.2756000578	87.2756000578	87.2756000578	87.2756000618	87.2756000558	87.2756000538	87.2756000538	87.27560005709	87.27560005709	87.27560005739	87.275600057	87.275600057	87.2756000576	87.2756000576	87.2756000576	87.2756000576	87.2756000581	87.2756000581	87.2756000581	87.2756000571	87.2756000571	87.2756000571	87.2756000585	87.2756000575	87.2756000575	87.275600057	87.275600054	87.275600055	87.2756000618	87.2756000618	87.2756000573	87.2756000573	87.2756000533	87.2756000599	87.2756000609	87.2756000569	87.2756000569	87.2756000619	87.2756000619	87.2756000521	87.2756000521	87.2756000574	87.2756000604	87.2756000588	22.4133967781	22.4133967781	22.4133967781	22.4133967778	22.4133967778	22.4133967778	13.7428517027	13.7428517037	0	4.095666	8.62682175	9.2869514	9.2869514	11.567206769	15.0109411789	15.3995010244	16.6342929545	21.4143987425	26.1279668538	26.1279668538	28.4021384568	28.4021384568	37.5390004648	43.3826924638	46.9710003418	46.9710003418	46.9710003418	46.9710003418	46.9710003438	46.9710003438	46.9710003418	46.9710003418	46.9710003388	46.9710003388	95.4102000638	139.5252000638	166.4444000441	166.4444000441	166.4444000411	166.4444000511	166.4444000591	166.4444000561	166.4444000561	166.4444000561	166.4444000561	166.4444000511	166.4444000321	177.8114000418	240.6208000518
Crotalus_viridis	87.2756000582	87.2756000582	87.2756000604	87.2756000604	87.2756000587	87.2756000587	87.275600061	87.2756000591	87.2756000591	87.2756000591	87.2756000593	87.2756000593	87.2756000593	87.2756000591	87.2756000587	87.2756000577	87.2756000571	87.2756000571	87.2756000627	87.2756000627	87.2756000587	87.2756000587	87.2756000587	87.2756000577	87.2756000616	87.2756000576	87.2756000576	87.2756000616	87.2756000609	87.2756000609	87.2756000551	87.2756000581	87.2756000581	87.2756000581	87.2756000551	87.2756000581	87.2756000581	87.2756000571	87.2756000581	87.2756000588	87.2756000588	87.2756000568	87.2756000572	87.2756000572	87.2756000578	87.2756000578	87.2756000578	87.2756000578	87.2756000542	87.2756000582	87.2756000582	87.2756000542	87.2756000562	87.2756000568	87.2756000568	87.2756000538	87.2756000575	87.2756000575	87.2756000582	87.2756000582	87.2756000592	87.2756000592	87.2756000628	87.2756000578	87.2756000578	87.2756000578	87.2756000618	87.2756000558	87.2756000538	87.2756000538	87.27560005709	87.27560005709	87.27560005739	87.275600057	87.275600057	87.2756000576	87.2756000576	87.2756000576	87.2756000576	87.2756000581	87.2756000581	87.2756000581	87.2756000571	87.2756000571	87.2756000571	87.2756000585	87.2756000575	87.2756000575	87.275600057	87.275600054	87.275600055	87.2756000618	87.2756000618	87.2756000573	87.2756000573	87.2756000533	87.2756000599	87.2756000609	87.2756000569	87.2756000569	87.2756000619	87.2756000619	87.2756000521	87.2756000521	87.2756000574	87.2756000604	87.2756000588	22.4133967781	22.4133967781	22.4133967781	22.4133967778	22.4133967778	22.4133967778	13.7428517027	13.7428517037	4.095666	0	8.62682175	9.2869514	9.2869514	11.567206769	15.0109411789	15.3995010244	16.6342929545	21.4143987425	26.1279668538	26.1279668538	28.4021384568	28.4021384568	37.5390004648	43.3826924638	46.9710003418	46.9710003418	46.9710003418	46.9710003418	46.9710003438	46.9710003438	46.9710003418	46.9710003418	46.9710003388	46.9710003388	95.4102000638	139.5252000638	166.4444000441	166.4444000441	166.4444000411	166.4444000511	166.4444000591	166.4444000561	166.4444000561	166.4444000561	166.4444000561	166.4444000511	166.4444000321	177.8114000418	240.6208000518
Crotalus_tigris	87.2756000582	87.2756000582	87.2756000604	87.2756000604	87.2756000587	87.2756000587	87.275600061	87.2756000591	87.2756000591	87.2756000591	87.2756000593	87.2756000593	87.2756000593	87.2756000591	87.2756000587	87.2756000577	87.2756000571	87.2756000571	87.2756000627	87.2756000627	87.2756000587	87.2756000587	87.2756000587	87.2756000577	87.2756000616	87.2756000576	87.2756000576	87.2756000616	87.2756000609	87.2756000609	87.2756000551	87.2756000581	87.2756000581	87.2756000581	87.2756000551	87.2756000581	87.2756000581	87.2756000571	87.2756000581	87.2756000588	87.2756000588	87.2756000568	87.2756000572	87.2756000572	87.2756000578	87.2756000578	87.2756000578	87.2756000578	87.2756000542	87.2756000582	87.2756000582	87.2756000542	87.2756000562	87.2756000568	87.2756000568	87.2756000538	87.2756000575	87.2756000575	87.2756000582	87.2756000582	87.2756000592	87.2756000592	87.2756000628	87.2756000578	87.2756000578	87.2756000578	87.2756000618	87.2756000558	87.2756000538	87.2756000538	87.27560005709	87.27560005709	87.27560005739	87.275600057	87.275600057	87.2756000576	87.2756000576	87.2756000576	87.2756000576	87.2756000581	87.2756000581	87.2756000581	87.2756000571	87.2756000571	87.2756000571	87.2756000585	87.2756000575	87.2756000575	87.275600057	87.275600054	87.275600055	87.2756000618	87.2756000618	87.2756000573	87.2756000573	87.2756000533	87.2756000599	87.2756000609	87.2756000569	87.2756000569	87.2756000619	87.2756000619	87.2756000521	87.2756000521	87.2756000574	87.2756000604	87.2756000588	22.4133967781	22.4133967781	22.4133967781	22.4133967778	22.4133967778	22.4133967778	13.7428517027	13.7428517037	8.62682175	8.62682175	0	9.2869514	9.2869514	11.567206769	15.0109411789	15.3995010244	16.6342929545	21.4143987425	26.1279668538	26.1279668538	28.4021384568	28.4021384568	37.5390004648	43.3826924638	46.9710003418	46.9710003418	46.9710003418	46.9710003418	46.9710003438	46.9710003438	46.9710003418	46.9710003418	46.9710003388	46.9710003388	95.4102000638	139.5252000638	166.4444000441	166.4444000441	166.4444000411	166.4444000511	166.4444000591	166.4444000561	166.4444000561	166.4444000561	166.4444000561	166.4444000511	166.4444000321	177.8114000418	240.6208000518
Crotalus_mitchellii	87.2756000582	87.2756000582	87.2756000604	87.2756000604	87.2756000587	87.2756000587	87.275600061	87.2756000591	87.2756000591	87.2756000591	87.2756000593	87.2756000593	87.2756000593	87.2756000591	87.2756000587	87.2756000577	87.2756000571	87.2756000571	87.2756000627	87.2756000627	87.2756000587	87.2756000587	87.2756000587	87.2756000577	87.2756000616	87.2756000576	87.2756000576	87.2756000616	87.2756000609	87.2756000609	87.2756000551	87.2756000581	87.2756000581	87.2756000581	87.2756000551	87.2756000581	87.2756000581	87.2756000571	87.2756000581	87.2756000588	87.2756000588	87.2756000568	87.2756000572	87.2756000572	87.2756000578	87.2756000578	87.2756000578	87.2756000578	87.2756000542	87.2756000582	87.2756000582	87.2756000542	87.2756000562	87.2756000568	87.2756000568	87.2756000538	87.2756000575	87.2756000575	87.2756000582	87.2756000582	87.2756000592	87.2756000592	87.2756000628	87.2756000578	87.2756000578	87.2756000578	87.2756000618	87.2756000558	87.2756000538	87.2756000538	87.27560005709	87.27560005709	87.27560005739	87.275600057	87.275600057	87.2756000576	87.2756000576	87.2756000576	87.2756000576	87.2756000581	87.2756000581	87.2756000581	87.2756000571	87.2756000571	87.2756000571	87.2756000585	87.2756000575	87.2756000575	87.275600057	87.275600054	87.275600055	87.2756000618	87.2756000618	87.2756000573	87.2756000573	87.2756000533	87.2756000599	87.2756000609	87.2756000569	87.2756000569	87.2756000619	87.2756000619	87.2756000521	87.2756000521	87.2756000574	87.2756000604	87.2756000588	22.4133967781	22.4133967781	22.4133967781	22.4133967778	22.4133967778	22.4133967778	13.7428517027	13.7428517037	9.2869514	9.2869514	9.2869514	0	8.347666	11.567206769	15.0109411789	15.3995010244	16.6342929545	21.4143987425	26.1279668538	26.1279668538	28.4021384568	28.4021384568	37.5390004648	43.3826924638	46.9710003418	46.9710003418	46.9710003418	46.9710003418	46.9710003438	46.9710003438	46.9710003418	46.9710003418	46.9710003388	46.9710003388	95.4102000638	139.5252000638	166.4444000441	166.4444000441	166.4444000411	166.4444000511	166.4444000591	166.4444000561	166.4444000561	166.4444000561	166.4444000561	166.4444000511	166.4444000321	177.8114000418	240.6208000518
Crotalus_adamanteus	87.2756000582	87.2756000582	87.2756000604	87.2756000604	87.2756000587	87.2756000587	87.275600061	87.2756000591	87.2756000591	87.2756000591	87.2756000593	87.2756000593	87.2756000593	87.2756000591	87.2756000587	87.2756000577	87.2756000571	87.2756000571	87.2756000627	87.2756000627	87.2756000587	87.2756000587	87.2756000587	87.2756000577	87.2756000616	87.2756000576	87.2756000576	87.2756000616	87.2756000609	87.2756000609	87.2756000551	87.2756000581	87.2756000581	87.2756000581	87.2756000551	87.2756000581	87.2756000581	87.2756000571	87.2756000581	87.2756000588	87.2756000588	87.2756000568	87.2756000572	87.2756000572	87.2756000578	87.2756000578	87.2756000578	87.2756000578	87.2756000542	87.2756000582	87.2756000582	87.2756000542	87.2756000562	87.2756000568	87.2756000568	87.2756000538	87.2756000575	87.2756000575	87.2756000582	87.2756000582	87.2756000592	87.2756000592	87.2756000628	87.2756000578	87.2756000578	87.2756000578	87.2756000618	87.2756000558	87.2756000538	87.2756000538	87.27560005709	87.27560005709	87.27560005739	87.275600057	87.275600057	87.2756000576	87.2756000576	87.2756000576	87.2756000576	87.2756000581	87.2756000581	87.2756000581	87.2756000571	87.2756000571	87.2756000571	87.2756000585	87.2756000575	87.2756000575	87.275600057	87.275600054	87.275600055	87.2756000618	87.2756000618	87.2756000573	87.2756000573	87.2756000533	87.2756000599	87.2756000609	87.2756000569	87.2756000569	87.2756000619	87.2756000619	87.2756000521	87.2756000521	87.2756000574	87.2756000604	87.2756000588	22.4133967781	22.4133967781	22.4133967781	22.4133967778	22.4133967778	22.4133967778	13.7428517027	13.7428517037	9.2869514	9.2869514	9.2869514	8.347666	0	11.567206769	15.0109411789	15.3995010244	16.6342929545	21.4143987425	26.1279668538	26.1279668538	28.4021384568	28.4021384568	37.5390004648	43.3826924638	46.9710003418	46.9710003418	46.9710003418	46.9710003418	46.9710003438	46.9710003438	46.9710003418	46.9710003418	46.9710003388	46.9710003388	95.4102000638	139.5252000638	166.4444000441	166.4444000441	166.4444000411	166.4444000511	166.4444000591	166.4444000561	166.4444000561	166.4444000561	166.4444000561	166.4444000511	166.4444000321	177.8114000418	240.6208000518
Crotalus_ruber	87.2756000572	87.2756000572	87.2756000594	87.2756000594	87.2756000577	87.2756000577	87.27560006	87.2756000581	87.2756000581	87.2756000581	87.2756000583	87.2756000583	87.2756000583	87.2756000581	87.2756000577	87.2756000567	87.2756000561	87.2756000561	87.2756000617	87.2756000617	87.2756000577	87.2756000577	87.2756000577	87.2756000567	87.2756000606	87.2756000566	87.2756000566	87.2756000606	87.2756000599	87.2756000599	87.2756000541	87.2756000571	87.2756000571	87.2756000571	87.2756000541	87.2756000571	87.2756000571	87.2756000561	87.2756000571	87.2756000578	87.2756000578	87.2756000558	87.2756000562	87.2756000562	87.2756000568	87.2756000568	87.2756000568	87.2756000568	87.2756000532	87.2756000572	87.2756000572	87.2756000532	87.2756000552	87.2756000558	87.2756000558	87.2756000528	87.2756000565	87.2756000565	87.2756000572	87.2756000572	87.2756000582	87.2756000582	87.2756000618	87.2756000568	87.2756000568	87.2756000568	87.2756000608	87.2756000548	87.2756000528	87.2756000528	87.27560005609	87.27560005609	87.27560005639	87.275600056	87.275600056	87.2756000566	87.2756000566	87.2756000566	87.2756000566	87.2756000571	87.2756000571	87.2756000571	87.2756000561	87.2756000561	87.2756000561	87.2756000575	87.2756000565	87.2756000565	87.275600056	87.275600053	87.275600054	87.2756000608	87.2756000608	87.2756000563	87.2756000563	87.2756000523	87.2756000589	87.2756000599	87.2756000559	87.2756000559	87.2756000609	87.2756000609	87.2756000511	87.2756000511	87.2756000564	87.2756000594	87.2756000578	22.4133967771	22.4133967771	22.4133967771	22.4133967768	22.4133967768	22.4133967768	13.7428517017	13.7428517027	11.567206769	11.567206769	11.567206769	11.567206769	11.567206769	0	15.0109411779	15.3995010234	16.6342929535	21.4143987415	26.1279668528	26.1279668528	28.4021384558	28.4021384558	37.5390004638	43.3826924628	46.9710003408	46.9710003408	46.9710003408	46.9710003408	46.9710003428	46.9710003428	46.9710003408	46.9710003408	46.9710003378	46.9710003378	95.4102000628	139.5252000628	166.4444000431	166.4444000431	166.4444000401	166.4444000501	166.4444000581	166.4444000551	166.4444000551	166.4444000551	166.4444000551	166.4444000501	166.4444000311	177.8114000408	240.6208000508
Crotalus_aquilus	87.2756000573	87.2756000573	87.2756000595	87.2756000595	87.2756000578	87.2756000578	87.2756000601	87.2756000582	87.2756000582	87.2756000582	87.2756000584	87.2756000584	87.2756000584	87.2756000582	87.2756000578	87.2756000568	87.2756000562	87.2756000562	87.2756000618	87.2756000618	87.2756000578	87.2756000578	87.2756000578	87.2756000568	87.2756000607	87.2756000567	87.2756000567	87.2756000607	87.27560006	87.27560006	87.2756000542	87.2756000572	87.2756000572	87.2756000572	87.2756000542	87.2756000572	87.2756000572	87.2756000562	87.2756000572	87.2756000579	87.2756000579	87.2756000559	87.2756000563	87.2756000563	87.2756000569	87.2756000569	87.2756000569	87.2756000569	87.2756000533	87.2756000573	87.2756000573	87.2756000533	87.2756000553	87.2756000559	87.2756000559	87.2756000529	87.2756000566	87.2756000566	87.2756000573	87.2756000573	87.2756000583	87.2756000583	87.2756000619	87.2756000569	87.2756000569	87.2756000569	87.2756000609	87.2756000549	87.2756000529	87.2756000529	87.27560005619	87.27560005619	87.27560005649	87.2756000561	87.2756000561	87.2756000567	87.2756000567	87.2756000567	87.2756000567	87.2756000572	87.2756000572	87.2756000572	87.2756000562	87.2756000562	87.2756000562	87.2756000576	87.2756000566	87.2756000566	87.2756000561	87.2756000531	87.2756000541	87.2756000609	87.2756000609	87.2756000564	87.2756000564	87.2756000524	87.275600059	87.27560006	87.275600056	87.275600056	87.275600061	87.275600061	87.2756000512	87.2756000512	87.2756000565	87.2756000595	87.2756000579	22.4133967772	22.4133967772	22.4133967772	22.4133967769	22.4133967769	22.4133967769	15.0109411776	15.0109411786	15.0109411789	15.0109411789	15.0109411789	15.0109411789	15.0109411789	15.0109411779	0	15.3995010235	16.6342929536	21.4143987416	26.1279668529	26.1279668529	28.4021384559	28.4021384559	37.5390004639	43.3826924629	46.9710003409	46.9710003409	46.9710003409	46.9710003409	46.9710003429	46.9710003429	46.9710003409	46.9710003409	46.9710003379	46.9710003379	95.4102000629	139.5252000629	166.4444000432	166.4444000432	166.4444000402	166.4444000502	166.4444000582	166.4444000552	166.4444000552	166.4444000552	166.4444000552	166.4444000502	166.4444000312	177.8114000409	240.6208000509
Crotalus_enyo	87.2756000578	87.2756000578	87.27560006	87.27560006	87.2756000583	87.2756000583	87.2756000606	87.2756000587	87.2756000587	87.2756000587	87.2756000589	87.2756000589	87.2756000589	87.2756000587	87.2756000583	87.2756000573	87.2756000567	87.2756000567	87.2756000623	87.2756000623	87.2756000583	87.2756000583	87.2756000583	87.2756000573	87.2756000612	87.2756000572	87.2756000572	87.2756000612	87.2756000605	87.2756000605	87.2756000547	87.2756000577	87.2756000577	87.2756000577	87.2756000547	87.2756000577	87.2756000577	87.2756000567	87.2756000577	87.2756000584	87.2756000584	87.2756000564	87.2756000568	87.2756000568	87.2756000574	87.2756000574	87.2756000574	87.2756000574	87.2756000538	87.2756000578	87.2756000578	87.2756000538	87.2756000558	87.2756000564	87.2756000564	87.2756000534	87.2756000571	87.2756000571	87.2756000578	87.2756000578	87.2756000588	87.2756000588	87.2756000624	87.2756000574	87.2756000574	87.2756000574	87.2756000614	87.2756000554	87.2756000534	87.2756000534	87.27560005669	87.27560005669	87.27560005699	87.2756000566	87.2756000566	87.2756000572	87.2756000572	87.2756000572	87.2756000572	87.2756000577	87.2756000577	87.2756000577	87.2756000567	87.2756000567	87.2756000567	87.2756000581	87.2756000571	87.2756000571	87.2756000566	87.2756000536	87.2756000546	87.2756000614	87.2756000614	87.2756000569	87.2756000569	87.2756000529	87.2756000595	87.2756000605	87.2756000565	87.2756000565	87.2756000615	87.2756000615	87.2756000517	87.2756000517	87.275600057	87.27560006	87.2756000584	22.4133967777	22.4133967777	22.4133967777	22.4133967774	22.4133967774	22.4133967774	15.3995010231	15.3995010241	15.3995010244	15.3995010244	15.3995010244	15.3995010244	15.3995010244	15.3995010234	15.3995010235	0	16.6342929541	21.4143987421	26.1279668534	26.1279668534	28.4021384564	28.4021384564	37.5390004644	43.3826924634	46.9710003414	46.9710003414	46.9710003414	46.9710003414	46.9710003434	46.9710003434	46.9710003414	46.9710003414	46.9710003384	46.9710003384	95.4102000634	139.5252000634	166.4444000437	166.4444000437	166.4444000407	166.4444000507	166.4444000587	166.4444000557	166.4444000557	166.4444000557	166.4444000557	166.4444000507	166.4444000317	177.8114000414	240.6208000514
Sistrurus_catenatus	87.2756000577	87.2756000577	87.2756000599	87.2756000599	87.2756000582	87.2756000582	87.2756000605	87.2756000586	87.2756000586	87.2756000586	87.2756000588	87.2756000588	87.2756000588	87.2756000586	87.2756000582	87.2756000572	87.2756000566	87.2756000566	87.2756000622	87.2756000622	87.2756000582	87.2756000582	87.2756000582	87.2756000572	87.2756000611	87.2756000571	87.2756000571	87.2756000611	87.2756000604	87.2756000604	87.2756000546	87.2756000576	87.2756000576	87.2756000576	87.2756000546	87.2756000576	87.2756000576	87.2756000566	87.2756000576	87.2756000583	87.2756000583	87.2756000563	87.2756000567	87.2756000567	87.2756000573	87.2756000573	87.2756000573	87.2756000573	87.2756000537	87.2756000577	87.2756000577	87.2756000537	87.2756000557	87.2756000563	87.2756000563	87.2756000533	87.275600057	87.275600057	87.2756000577	87.2756000577	87.2756000587	87.2756000587	87.2756000623	87.2756000573	87.2756000573	87.2756000573	87.2756000613	87.2756000553	87.2756000533	87.2756000533	87.27560005659	87.27560005659	87.27560005689	87.2756000565	87.2756000565	87.2756000571	87.2756000571	87.2756000571	87.2756000571	87.2756000576	87.2756000576	87.2756000576	87.2756000566	87.2756000566	87.2756000566	87.275600058	87.275600057	87.275600057	87.2756000565	87.2756000535	87.2756000545	87.2756000613	87.2756000613	87.2756000568	87.2756000568	87.2756000528	87.2756000594	87.2756000604	87.2756000564	87.2756000564	87.2756000614	87.2756000614	87.2756000516	87.2756000516	87.2756000569	87.2756000599	87.2756000583	22.4133967776	22.4133967776	22.4133967776	22.4133967773	22.4133967773	22.4133967773	16.6342929532	16.6342929542	16.6342929545	16.6342929545	16.6342929545	16.6342929545	16.6342929545	16.6342929535	16.6342929536	16.6342929541	0	21.414398742	26.1279668533	26.1279668533	28.4021384563	28.4021384563	37.5390004643	43.3826924633	46.9710003413	46.9710003413	46.9710003413	46.9710003413	46.9710003433	46.9710003433	46.9710003413	46.9710003413	46.9710003383	46.9710003383	95.4102000633	139.5252000633	166.4444000436	166.4444000436	166.4444000406	166.4444000506	166.4444000586	166.4444000556	166.4444000556	166.4444000556	166.4444000556	166.4444000506	166.4444000316	177.8114000413	240.6208000513
Agkistrodon_piscivorus	87.2756000557	87.2756000557	87.2756000579	87.2756000579	87.2756000562	87.2756000562	87.2756000585	87.2756000566	87.2756000566	87.2756000566	87.2756000568	87.2756000568	87.2756000568	87.2756000566	87.2756000562	87.2756000552	87.2756000546	87.2756000546	87.2756000602	87.2756000602	87.2756000562	87.2756000562	87.2756000562	87.2756000552	87.2756000591	87.2756000551	87.2756000551	87.2756000591	87.2756000584	87.2756000584	87.2756000526	87.2756000556	87.2756000556	87.2756000556	87.2756000526	87.2756000556	87.2756000556	87.2756000546	87.2756000556	87.2756000563	87.2756000563	87.2756000543	87.2756000547	87.2756000547	87.2756000553	87.2756000553	87.2756000553	87.2756000553	87.2756000517	87.2756000557	87.2756000557	87.2756000517	87.2756000537	87.2756000543	87.2756000543	87.2756000513	87.275600055	87.275600055	87.2756000557	87.2756000557	87.2756000567	87.2756000567	87.2756000603	87.2756000553	87.2756000553	87.2756000553	87.2756000593	87.2756000533	87.2756000513	87.2756000513	87.27560005459	87.27560005459	87.27560005489	87.2756000545	87.2756000545	87.2756000551	87.2756000551	87.2756000551	87.2756000551	87.2756000556	87.2756000556	87.2756000556	87.2756000546	87.2756000546	87.2756000546	87.275600056	87.275600055	87.275600055	87.2756000545	87.2756000515	87.2756000525	87.2756000593	87.2756000593	87.2756000548	87.2756000548	87.2756000508	87.2756000574	87.2756000584	87.2756000544	87.2756000544	87.2756000594	87.2756000594	87.2756000496	87.2756000496	87.2756000549	87.2756000579	87.2756000563	22.4133967756	22.4133967756	22.4133967756	22.4133967753	22.4133967753	22.4133967753	21.4143987412	21.4143987422	21.4143987425	21.4143987425	21.4143987425	21.4143987425	21.4143987425	21.4143987415	21.4143987416	21.4143987421	21.414398742	0	26.1279668513	26.1279668513	28.4021384543	28.4021384543	37.5390004623	43.3826924613	46.9710003393	46.9710003393	46.9710003393	46.9710003393	46.9710003413	46.9710003413	46.9710003393	46.9710003393	46.9710003363	46.9710003363	95.4102000613	139.5252000613	166.4444000416	166.4444000416	166.4444000386	166.4444000486	166.4444000566	166.4444000536	166.4444000536	166.4444000536	166.4444000536	166.4444000486	166.4444000296	177.8114000393	240.6208000493
Protobothrops_mucrosquamatus	87.2756000584	87.2756000584	87.2756000606	87.2756000606	87.2756000589	87.2756000589	87.2756000612	87.2756000593	87.2756000593	87.2756000593	87.2756000595	87.2756000595	87.2756000595	87.2756000593	87.2756000589	87.2756000579	87.2756000573	87.2756000573	87.2756000629	87.2756000629	87.2756000589	87.2756000589	87.2756000589	87.2756000579	87.2756000618	87.2756000578	87.2756000578	87.2756000618	87.2756000611	87.2756000611	87.2756000553	87.2756000583	87.2756000583	87.2756000583	87.2756000553	87.2756000583	87.2756000583	87.2756000573	87.2756000583	87.275600059	87.275600059	87.275600057	87.2756000574	87.2756000574	87.275600058	87.275600058	87.275600058	87.275600058	87.2756000544	87.2756000584	87.2756000584	87.2756000544	87.2756000564	87.275600057	87.275600057	87.275600054	87.2756000577	87.2756000577	87.2756000584	87.2756000584	87.2756000594	87.2756000594	87.275600063	87.275600058	87.275600058	87.275600058	87.275600062	87.275600056	87.275600054	87.275600054	87.27560005729	87.27560005729	87.27560005759	87.2756000572	87.2756000572	87.2756000578	87.2756000578	87.2756000578	87.2756000578	87.2756000583	87.2756000583	87.2756000583	87.2756000573	87.2756000573	87.2756000573	87.2756000587	87.2756000577	87.2756000577	87.2756000572	87.2756000542	87.2756000552	87.275600062	87.275600062	87.2756000575	87.2756000575	87.2756000535	87.2756000601	87.2756000611	87.2756000571	87.2756000571	87.2756000621	87.2756000621	87.2756000523	87.2756000523	87.2756000576	87.2756000606	87.275600059	26.1279668543	26.1279668543	26.1279668543	26.127966854	26.127966854	26.127966854	26.1279668525	26.1279668535	26.1279668538	26.1279668538	26.1279668538	26.1279668538	26.1279668538	26.1279668528	26.1279668529	26.1279668534	26.1279668533	26.1279668513	0	11.613288666	28.402138457	28.402138457	37.539000465	43.382692464	46.971000342	46.971000342	46.971000342	46.971000342	46.971000344	46.971000344	46.971000342	46.971000342	46.971000339	46.971000339	95.410200064	139.525200064	166.4444000443	166.4444000443	166.4444000413	166.4444000513	166.4444000593	166.4444000563	166.4444000563	166.4444000563	166.4444000563	166.4444000513	166.4444000323	177.811400042	240.620800052
Protobothrops_flavoviridis	87.2756000584	87.2756000584	87.2756000606	87.2756000606	87.2756000589	87.2756000589	87.2756000612	87.2756000593	87.2756000593	87.2756000593	87.2756000595	87.2756000595	87.2756000595	87.2756000593	87.2756000589	87.2756000579	87.2756000573	87.2756000573	87.2756000629	87.2756000629	87.2756000589	87.2756000589	87.2756000589	87.2756000579	87.2756000618	87.2756000578	87.2756000578	87.2756000618	87.2756000611	87.2756000611	87.2756000553	87.2756000583	87.2756000583	87.2756000583	87.2756000553	87.2756000583	87.2756000583	87.2756000573	87.2756000583	87.275600059	87.275600059	87.275600057	87.2756000574	87.2756000574	87.275600058	87.275600058	87.275600058	87.275600058	87.2756000544	87.2756000584	87.2756000584	87.2756000544	87.2756000564	87.275600057	87.275600057	87.275600054	87.2756000577	87.2756000577	87.2756000584	87.2756000584	87.2756000594	87.2756000594	87.275600063	87.275600058	87.275600058	87.275600058	87.275600062	87.275600056	87.275600054	87.275600054	87.27560005729	87.27560005729	87.27560005759	87.2756000572	87.2756000572	87.2756000578	87.2756000578	87.2756000578	87.2756000578	87.2756000583	87.2756000583	87.2756000583	87.2756000573	87.2756000573	87.2756000573	87.2756000587	87.2756000577	87.2756000577	87.2756000572	87.2756000542	87.2756000552	87.275600062	87.275600062	87.2756000575	87.2756000575	87.2756000535	87.2756000601	87.2756000611	87.2756000571	87.2756000571	87.2756000621	87.2756000621	87.2756000523	87.2756000523	87.2756000576	87.2756000606	87.275600059	26.1279668543	26.1279668543	26.1279668543	26.127966854	26.127966854	26.127966854	26.1279668525	26.1279668535	26.1279668538	26.1279668538	26.1279668538	26.1279668538	26.1279668538	26.1279668528	26.1279668529	26.1279668534	26.1279668533	26.1279668513	11.613288666	0	28.402138457	28.402138457	37.539000465	43.382692464	46.971000342	46.971000342	46.971000342	46.971000342	46.971000344	46.971000344	46.971000342	46.971000342	46.971000339	46.971000339	95.410200064	139.525200064	166.4444000443	166.4444000443	166.4444000413	166.4444000513	166.4444000593	166.4444000563	166.4444000563	166.4444000563	166.4444000563	166.4444000513	166.4444000323	177.811400042	240.620800052
Trimeresurus_albolabris	87.2756000574	87.2756000574	87.2756000596	87.2756000596	87.2756000579	87.2756000579	87.2756000602	87.2756000583	87.2756000583	87.2756000583	87.2756000585	87.2756000585	87.2756000585	87.2756000583	87.2756000579	87.2756000569	87.2756000563	87.2756000563	87.2756000619	87.2756000619	87.2756000579	87.2756000579	87.2756000579	87.2756000569	87.2756000608	87.2756000568	87.2756000568	87.2756000608	87.2756000601	87.2756000601	87.2756000543	87.2756000573	87.2756000573	87.2756000573	87.2756000543	87.2756000573	87.2756000573	87.2756000563	87.2756000573	87.275600058	87.275600058	87.275600056	87.2756000564	87.2756000564	87.275600057	87.275600057	87.275600057	87.275600057	87.2756000534	87.2756000574	87.2756000574	87.2756000534	87.2756000554	87.275600056	87.275600056	87.275600053	87.2756000567	87.2756000567	87.2756000574	87.2756000574	87.2756000584	87.2756000584	87.275600062	87.275600057	87.275600057	87.275600057	87.275600061	87.275600055	87.275600053	87.275600053	87.27560005629	87.27560005629	87.27560005659	87.2756000562	87.2756000562	87.2756000568	87.2756000568	87.2756000568	87.2756000568	87.2756000573	87.2756000573	87.2756000573	87.2756000563	87.2756000563	87.2756000563	87.2756000577	87.2756000567	87.2756000567	87.2756000562	87.2756000532	87.2756000542	87.275600061	87.275600061	87.2756000565	87.2756000565	87.2756000525	87.2756000591	87.2756000601	87.2756000561	87.2756000561	87.2756000611	87.2756000611	87.2756000513	87.2756000513	87.2756000566	87.2756000596	87.275600058	28.4021384573	28.4021384573	28.4021384573	28.402138457	28.402138457	28.402138457	28.4021384555	28.4021384565	28.4021384568	28.4021384568	28.4021384568	28.4021384568	28.4021384568	28.4021384558	28.4021384559	28.4021384564	28.4021384563	28.4021384543	28.402138457	28.402138457	0	23.6440187	37.539000464	43.382692463	46.971000341	46.971000341	46.971000341	46.971000341	46.971000343	46.971000343	46.971000341	46.971000341	46.971000338	46.971000338	95.410200063	139.525200063	166.4444000433	166.4444000433	166.4444000403	166.4444000503	166.4444000583	166.4444000553	166.4444000553	166.4444000553	166.4444000553	166.4444000503	166.4444000313	177.811400041	240.620800051
Trimeresurus_trigonocephalus	87.2756000574	87.2756000574	87.2756000596	87.2756000596	87.2756000579	87.2756000579	87.2756000602	87.2756000583	87.2756000583	87.2756000583	87.2756000585	87.2756000585	87.2756000585	87.2756000583	87.2756000579	87.2756000569	87.2756000563	87.2756000563	87.2756000619	87.2756000619	87.2756000579	87.2756000579	87.2756000579	87.2756000569	87.2756000608	87.2756000568	87.2756000568	87.2756000608	87.2756000601	87.2756000601	87.2756000543	87.2756000573	87.2756000573	87.2756000573	87.2756000543	87.2756000573	87.2756000573	87.2756000563	87.2756000573	87.275600058	87.275600058	87.275600056	87.2756000564	87.2756000564	87.275600057	87.275600057	87.275600057	87.275600057	87.2756000534	87.2756000574	87.2756000574	87.2756000534	87.2756000554	87.275600056	87.275600056	87.275600053	87.2756000567	87.2756000567	87.2756000574	87.2756000574	87.2756000584	87.2756000584	87.275600062	87.275600057	87.275600057	87.275600057	87.275600061	87.275600055	87.275600053	87.275600053	87.27560005629	87.27560005629	87.27560005659	87.2756000562	87.2756000562	87.2756000568	87.2756000568	87.2756000568	87.2756000568	87.2756000573	87.2756000573	87.2756000573	87.2756000563	87.2756000563	87.2756000563	87.2756000577	87.2756000567	87.2756000567	87.2756000562	87.2756000532	87.2756000542	87.275600061	87.275600061	87.2756000565	87.2756000565	87.2756000525	87.2756000591	87.2756000601	87.2756000561	87.2756000561	87.2756000611	87.2756000611	87.2756000513	87.2756000513	87.2756000566	87.2756000596	87.275600058	28.4021384573	28.4021384573	28.4021384573	28.402138457	28.402138457	28.402138457	28.4021384555	28.4021384565	28.4021384568	28.4021384568	28.4021384568	28.4021384568	28.4021384568	28.4021384558	28.4021384559	28.4021384564	28.4021384563	28.4021384543	28.402138457	28.402138457	23.6440187	0	37.539000464	43.382692463	46.971000341	46.971000341	46.971000341	46.971000341	46.971000343	46.971000343	46.971000341	46.971000341	46.971000338	46.971000338	95.410200063	139.525200063	166.4444000433	166.4444000433	166.4444000403	166.4444000503	166.4444000583	166.4444000553	166.4444000553	166.4444000553	166.4444000553	166.4444000503	166.4444000313	177.811400041	240.620800051
Hypnale_hypnale	87.2756000534	87.2756000534	87.2756000556	87.2756000556	87.2756000539	87.2756000539	87.2756000562	87.2756000543	87.2756000543	87.2756000543	87.2756000545	87.2756000545	87.2756000545	87.2756000543	87.2756000539	87.2756000529	87.2756000523	87.2756000523	87.2756000579	87.2756000579	87.2756000539	87.2756000539	87.2756000539	87.2756000529	87.2756000568	87.2756000528	87.2756000528	87.2756000568	87.2756000561	87.2756000561	87.2756000503	87.2756000533	87.2756000533	87.2756000533	87.2756000503	87.2756000533	87.2756000533	87.2756000523	87.2756000533	87.275600054	87.275600054	87.275600052	87.2756000524	87.2756000524	87.275600053	87.275600053	87.275600053	87.275600053	87.2756000494	87.2756000534	87.2756000534	87.2756000494	87.2756000514	87.275600052	87.275600052	87.275600049	87.2756000527	87.2756000527	87.2756000534	87.2756000534	87.2756000544	87.2756000544	87.275600058	87.275600053	87.275600053	87.275600053	87.275600057	87.275600051	87.275600049	87.275600049	87.27560005229	87.27560005229	87.27560005259	87.2756000522	87.2756000522	87.2756000528	87.2756000528	87.2756000528	87.2756000528	87.2756000533	87.2756000533	87.2756000533	87.2756000523	87.2756000523	87.2756000523	87.2756000537	87.2756000527	87.2756000527	87.2756000522	87.2756000492	87.2756000502	87.275600057	87.275600057	87.2756000525	87.2756000525	87.2756000485	87.2756000551	87.2756000561	87.2756000521	87.2756000521	87.2756000571	87.2756000571	87.2756000473	87.2756000473	87.2756000526	87.2756000556	87.275600054	37.5390004653	37.5390004653	37.5390004653	37.539000465	37.539000465	37.539000465	37.5390004635	37.5390004645	37.5390004648	37.5390004648	37.5390004648	37.5390004648	37.5390004648	37.5390004638	37.5390004639	37.5390004644	37.5390004643	37.5390004623	37.539000465	37.539000465	37.539000464	37.539000464	0	43.382692459	46.971000337	46.971000337	46.971000337	46.971000337	46.971000339	46.971000339	46.971000337	46.971000337	46.971000334	46.971000334	95.410200059	139.525200059	166.4444000393	166.4444000393	166.4444000363	166.4444000463	166.4444000543	166.4444000513	166.4444000513	166.4444000513	166.4444000513	166.4444000463	166.4444000273	177.811400037	240.620800047
Azemiops_feae	87.2756000544	87.2756000544	87.2756000566	87.2756000566	87.2756000549	87.2756000549	87.2756000572	87.2756000553	87.2756000553	87.2756000553	87.2756000555	87.2756000555	87.2756000555	87.2756000553	87.2756000549	87.2756000539	87.2756000533	87.2756000533	87.2756000589	87.2756000589	87.2756000549	87.2756000549	87.2756000549	87.2756000539	87.2756000578	87.2756000538	87.2756000538	87.2756000578	87.2756000571	87.2756000571	87.2756000513	87.2756000543	87.2756000543	87.2756000543	87.2756000513	87.2756000543	87.2756000543	87.2756000533	87.2756000543	87.275600055	87.275600055	87.275600053	87.2756000534	87.2756000534	87.275600054	87.275600054	87.275600054	87.275600054	87.2756000504	87.2756000544	87.2756000544	87.2756000504	87.2756000524	87.275600053	87.275600053	87.27560005	87.2756000537	87.2756000537	87.2756000544	87.2756000544	87.2756000554	87.2756000554	87.275600059	87.275600054	87.275600054	87.275600054	87.275600058	87.275600052	87.27560005	87.27560005	87.27560005329	87.27560005329	87.27560005359	87.2756000532	87.2756000532	87.2756000538	87.2756000538	87.2756000538	87.2756000538	87.2756000543	87.2756000543	87.2756000543	87.2756000533	87.2756000533	87.2756000533	87.2756000547	87.2756000537	87.2756000537	87.2756000532	87.2756000502	87.2756000512	87.275600058	87.275600058	87.2756000535	87.2756000535	87.2756000495	87.2756000561	87.2756000571	87.2756000531	87.2756000531	87.2756000581	87.2756000581	87.2756000483	87.2756000483	87.2756000536	87.2756000566	87.275600055	43.3826924643	43.3826924643	43.3826924643	43.382692464	43.382692464	43.382692464	43.3826924625	43.3826924635	43.3826924638	43.3826924638	43.3826924638	43.3826924638	43.3826924638	43.3826924628	43.3826924629	43.3826924634	43.3826924633	43.3826924613	43.382692464	43.382692464	43.382692463	43.382692463	43.382692459	0	46.971000338	46.971000338	46.971000338	46.971000338	46.97100034	46.97100034	46.971000338	46.971000338	46.971000335	46.971000335	95.41020006	139.52520006	166.4444000403	166.4444000403	166.4444000373	166.4444000473	166.4444000553	166.4444000523	166.4444000523	166.4444000523	166.4444000523	166.4444000473	166.4444000283	177.811400038	240.620800048
Vipera_ursinii	87.2756000584	87.2756000584	87.2756000606	87.2756000606	87.2756000589	87.2756000589	87.2756000612	87.2756000593	87.2756000593	87.2756000593	87.2756000595	87.2756000595	87.2756000595	87.2756000593	87.2756000589	87.2756000579	87.2756000573	87.2756000573	87.2756000629	87.2756000629	87.2756000589	87.2756000589	87.2756000589	87.2756000579	87.2756000618	87.2756000578	87.2756000578	87.2756000618	87.2756000611	87.2756000611	87.2756000553	87.2756000583	87.2756000583	87.2756000583	87.2756000553	87.2756000583	87.2756000583	87.2756000573	87.2756000583	87.275600059	87.275600059	87.275600057	87.2756000574	87.2756000574	87.275600058	87.275600058	87.275600058	87.275600058	87.2756000544	87.2756000584	87.2756000584	87.2756000544	87.2756000564	87.275600057	87.275600057	87.275600054	87.2756000577	87.2756000577	87.2756000584	87.2756000584	87.2756000594	87.2756000594	87.275600063	87.275600058	87.275600058	87.275600058	87.275600062	87.275600056	87.275600054	87.275600054	87.27560005729	87.27560005729	87.27560005759	87.2756000572	87.2756000572	87.2756000578	87.2756000578	87.2756000578	87.2756000578	87.2756000583	87.2756000583	87.2756000583	87.2756000573	87.2756000573	87.2756000573	87.2756000587	87.2756000577	87.2756000577	87.2756000572	87.2756000542	87.2756000552	87.275600062	87.275600062	87.2756000575	87.2756000575	87.2756000535	87.2756000601	87.2756000611	87.2756000571	87.2756000571	87.2756000621	87.2756000621	87.2756000523	87.2756000523	87.2756000576	87.2756000606	87.275600059	46.9710003423	46.9710003423	46.9710003423	46.971000342	46.971000342	46.971000342	46.9710003405	46.9710003415	46.9710003418	46.9710003418	46.9710003418	46.9710003418	46.9710003418	46.9710003408	46.9710003409	46.9710003414	46.9710003413	46.9710003393	46.971000342	46.971000342	46.971000341	46.971000341	46.971000337	46.971000338	0	7.303390222	14.804700174	14.804700174	24.594150298	24.594150298	26.868618	37.146668	37.851292021	37.851292021	95.410200064	139.525200064	166.4444000443	166.4444000443	166.4444000413	166.4444000513	166.4444000593	166.4444000563	166.4444000563	166.4444000563	166.4444000563	166.4444000513	166.4444000323	177.811400042	240.620800052
Vipera_berus	87.2756000584	87.2756000584	87.2756000606	87.2756000606	87.2756000589	87.2756000589	87.2756000612	87.2756000593	87.2756000593	87.2756000593	87.2756000595	87.2756000595	87.2756000595	87.2756000593	87.2756000589	87.2756000579	87.2756000573	87.2756000573	87.2756000629	87.2756000629	87.2756000589	87.2756000589	87.2756000589	87.2756000579	87.2756000618	87.2756000578	87.2756000578	87.2756000618	87.2756000611	87.2756000611	87.2756000553	87.2756000583	87.2756000583	87.2756000583	87.2756000553	87.2756000583	87.2756000583	87.2756000573	87.2756000583	87.275600059	87.275600059	87.275600057	87.2756000574	87.2756000574	87.275600058	87.275600058	87.275600058	87.275600058	87.2756000544	87.2756000584	87.2756000584	87.2756000544	87.2756000564	87.275600057	87.275600057	87.275600054	87.2756000577	87.2756000577	87.2756000584	87.2756000584	87.2756000594	87.2756000594	87.275600063	87.275600058	87.275600058	87.275600058	87.275600062	87.275600056	87.275600054	87.275600054	87.27560005729	87.27560005729	87.27560005759	87.2756000572	87.2756000572	87.2756000578	87.2756000578	87.2756000578	87.2756000578	87.2756000583	87.2756000583	87.2756000583	87.2756000573	87.2756000573	87.2756000573	87.2756000587	87.2756000577	87.2756000577	87.2756000572	87.2756000542	87.2756000552	87.275600062	87.275600062	87.2756000575	87.2756000575	87.2756000535	87.2756000601	87.2756000611	87.2756000571	87.2756000571	87.2756000621	87.2756000621	87.2756000523	87.2756000523	87.2756000576	87.2756000606	87.275600059	46.9710003423	46.9710003423	46.9710003423	46.971000342	46.971000342	46.971000342	46.9710003405	46.9710003415	46.9710003418	46.9710003418	46.9710003418	46.9710003418	46.9710003418	46.9710003408	46.9710003409	46.9710003414	46.9710003413	46.9710003393	46.971000342	46.971000342	46.971000341	46.971000341	46.971000337	46.971000338	7.303390222	0	14.804700174	14.804700174	24.594150298	24.594150298	26.868618	37.146668	37.851292021	37.851292021	95.410200064	139.525200064	166.4444000443	166.4444000443	166.4444000413	166.4444000513	166.4444000593	166.4444000563	166.4444000563	166.4444000563	166.4444000563	166.4444000513	166.4444000323	177.811400042	240.620800052
Vipera_latastei	87.2756000584	87.2756000584	87.2756000606	87.2756000606	87.2756000589	87.2756000589	87.2756000612	87.2756000593	87.2756000593	87.2756000593	87.2756000595	87.2756000595	87.2756000595	87.2756000593	87.2756000589	87.2756000579	87.2756000573	87.2756000573	87.2756000629	87.2756000629	87.2756000589	87.2756000589	87.2756000589	87.2756000579	87.2756000618	87.2756000578	87.2756000578	87.2756000618	87.2756000611	87.2756000611	87.2756000553	87.2756000583	87.2756000583	87.2756000583	87.2756000553	87.2756000583	87.2756000583	87.2756000573	87.2756000583	87.275600059	87.275600059	87.275600057	87.2756000574	87.2756000574	87.275600058	87.275600058	87.275600058	87.275600058	87.2756000544	87.2756000584	87.2756000584	87.2756000544	87.2756000564	87.275600057	87.275600057	87.275600054	87.2756000577	87.2756000577	87.2756000584	87.2756000584	87.2756000594	87.2756000594	87.275600063	87.275600058	87.275600058	87.275600058	87.275600062	87.275600056	87.275600054	87.275600054	87.27560005729	87.27560005729	87.27560005759	87.2756000572	87.2756000572	87.2756000578	87.2756000578	87.2756000578	87.2756000578	87.2756000583	87.2756000583	87.2756000583	87.2756000573	87.2756000573	87.2756000573	87.2756000587	87.2756000577	87.2756000577	87.2756000572	87.2756000542	87.2756000552	87.275600062	87.275600062	87.2756000575	87.2756000575	87.2756000535	87.2756000601	87.2756000611	87.2756000571	87.2756000571	87.2756000621	87.2756000621	87.2756000523	87.2756000523	87.2756000576	87.2756000606	87.275600059	46.9710003423	46.9710003423	46.9710003423	46.971000342	46.971000342	46.971000342	46.9710003405	46.9710003415	46.9710003418	46.9710003418	46.9710003418	46.9710003418	46.9710003418	46.9710003408	46.9710003409	46.9710003414	46.9710003413	46.9710003393	46.971000342	46.971000342	46.971000341	46.971000341	46.971000337	46.971000338	14.804700174	14.804700174	0	13.597576	24.594150298	24.594150298	26.868618	37.146668	37.851292021	37.851292021	95.410200064	139.525200064	166.4444000443	166.4444000443	166.4444000413	166.4444000513	166.4444000593	166.4444000563	166.4444000563	166.4444000563	166.4444000563	166.4444000513	166.4444000323	177.811400042	240.620800052
Vipera_ammodytes	87.2756000584	87.2756000584	87.2756000606	87.2756000606	87.2756000589	87.2756000589	87.2756000612	87.2756000593	87.2756000593	87.2756000593	87.2756000595	87.2756000595	87.2756000595	87.2756000593	87.2756000589	87.2756000579	87.2756000573	87.2756000573	87.2756000629	87.2756000629	87.2756000589	87.2756000589	87.2756000589	87.2756000579	87.2756000618	87.2756000578	87.2756000578	87.2756000618	87.2756000611	87.2756000611	87.2756000553	87.2756000583	87.2756000583	87.2756000583	87.2756000553	87.2756000583	87.2756000583	87.2756000573	87.2756000583	87.275600059	87.275600059	87.275600057	87.2756000574	87.2756000574	87.275600058	87.275600058	87.275600058	87.275600058	87.2756000544	87.2756000584	87.2756000584	87.2756000544	87.2756000564	87.275600057	87.275600057	87.275600054	87.2756000577	87.2756000577	87.2756000584	87.2756000584	87.2756000594	87.2756000594	87.275600063	87.275600058	87.275600058	87.275600058	87.275600062	87.275600056	87.275600054	87.275600054	87.27560005729	87.27560005729	87.27560005759	87.2756000572	87.2756000572	87.2756000578	87.2756000578	87.2756000578	87.2756000578	87.2756000583	87.2756000583	87.2756000583	87.2756000573	87.2756000573	87.2756000573	87.2756000587	87.2756000577	87.2756000577	87.2756000572	87.2756000542	87.2756000552	87.275600062	87.275600062	87.2756000575	87.2756000575	87.2756000535	87.2756000601	87.2756000611	87.2756000571	87.2756000571	87.2756000621	87.2756000621	87.2756000523	87.2756000523	87.2756000576	87.2756000606	87.275600059	46.9710003423	46.9710003423	46.9710003423	46.971000342	46.971000342	46.971000342	46.9710003405	46.9710003415	46.9710003418	46.9710003418	46.9710003418	46.9710003418	46.9710003418	46.9710003408	46.9710003409	46.9710003414	46.9710003413	46.9710003393	46.971000342	46.971000342	46.971000341	46.971000341	46.971000337	46.971000338	14.804700174	14.804700174	13.597576	0	24.594150298	24.594150298	26.868618	37.146668	37.851292021	37.851292021	95.410200064	139.525200064	166.4444000443	166.4444000443	166.4444000413	166.4444000513	166.4444000593	166.4444000563	166.4444000563	166.4444000563	166.4444000563	166.4444000513	166.4444000323	177.811400042	240.620800052
Daboia_russelii	87.2756000604	87.2756000604	87.2756000626	87.2756000626	87.2756000609	87.2756000609	87.2756000632	87.2756000613	87.2756000613	87.2756000613	87.2756000615	87.2756000615	87.2756000615	87.2756000613	87.2756000609	87.2756000599	87.2756000593	87.2756000593	87.2756000649	87.2756000649	87.2756000609	87.2756000609	87.2756000609	87.2756000599	87.2756000638	87.2756000598	87.2756000598	87.2756000638	87.2756000631	87.2756000631	87.2756000573	87.2756000603	87.2756000603	87.2756000603	87.2756000573	87.2756000603	87.2756000603	87.2756000593	87.2756000603	87.275600061	87.275600061	87.275600059	87.2756000594	87.2756000594	87.27560006	87.27560006	87.27560006	87.27560006	87.2756000564	87.2756000604	87.2756000604	87.2756000564	87.2756000584	87.275600059	87.275600059	87.275600056	87.2756000597	87.2756000597	87.2756000604	87.2756000604	87.2756000614	87.2756000614	87.275600065	87.27560006	87.27560006	87.27560006	87.275600064	87.275600058	87.275600056	87.275600056	87.27560005929	87.27560005929	87.27560005959	87.2756000592	87.2756000592	87.2756000598	87.2756000598	87.2756000598	87.2756000598	87.2756000603	87.2756000603	87.2756000603	87.2756000593	87.2756000593	87.2756000593	87.2756000607	87.2756000597	87.2756000597	87.2756000592	87.2756000562	87.2756000572	87.275600064	87.275600064	87.2756000595	87.2756000595	87.2756000555	87.2756000621	87.2756000631	87.2756000591	87.2756000591	87.2756000641	87.2756000641	87.2756000543	87.2756000543	87.2756000596	87.2756000626	87.275600061	46.9710003443	46.9710003443	46.9710003443	46.971000344	46.971000344	46.971000344	46.9710003425	46.9710003435	46.9710003438	46.9710003438	46.9710003438	46.9710003438	46.9710003438	46.9710003428	46.9710003429	46.9710003434	46.9710003433	46.9710003413	46.971000344	46.971000344	46.971000343	46.971000343	46.971000339	46.97100034	24.594150298	24.594150298	24.594150298	24.594150298	0	1.753546	26.868618002	37.146668002	37.851292023	37.851292023	95.410200066	139.525200066	166.4444000463	166.4444000463	166.4444000433	166.4444000533	166.4444000613	166.4444000583	166.4444000583	166.4444000583	166.4444000583	166.4444000533	166.4444000343	177.811400044	240.620800054
Daboia_siamensis	87.2756000604	87.2756000604	87.2756000626	87.2756000626	87.2756000609	87.2756000609	87.2756000632	87.2756000613	87.2756000613	87.2756000613	87.2756000615	87.2756000615	87.2756000615	87.2756000613	87.2756000609	87.2756000599	87.2756000593	87.2756000593	87.2756000649	87.2756000649	87.2756000609	87.2756000609	87.2756000609	87.2756000599	87.2756000638	87.2756000598	87.2756000598	87.2756000638	87.2756000631	87.2756000631	87.2756000573	87.2756000603	87.2756000603	87.2756000603	87.2756000573	87.2756000603	87.2756000603	87.2756000593	87.2756000603	87.275600061	87.275600061	87.275600059	87.2756000594	87.2756000594	87.27560006	87.27560006	87.27560006	87.27560006	87.2756000564	87.2756000604	87.2756000604	87.2756000564	87.2756000584	87.275600059	87.275600059	87.275600056	87.2756000597	87.2756000597	87.2756000604	87.2756000604	87.2756000614	87.2756000614	87.275600065	87.27560006	87.27560006	87.27560006	87.275600064	87.275600058	87.275600056	87.275600056	87.27560005929	87.27560005929	87.27560005959	87.2756000592	87.2756000592	87.2756000598	87.2756000598	87.2756000598	87.2756000598	87.2756000603	87.2756000603	87.2756000603	87.2756000593	87.2756000593	87.2756000593	87.2756000607	87.2756000597	87.2756000597	87.2756000592	87.2756000562	87.2756000572	87.275600064	87.275600064	87.2756000595	87.2756000595	87.2756000555	87.2756000621	87.2756000631	87.2756000591	87.2756000591	87.2756000641	87.2756000641	87.2756000543	87.2756000543	87.2756000596	87.2756000626	87.275600061	46.9710003443	46.9710003443	46.9710003443	46.971000344	46.971000344	46.971000344	46.9710003425	46.9710003435	46.9710003438	46.9710003438	46.9710003438	46.9710003438	46.9710003438	46.9710003428	46.9710003429	46.9710003434	46.9710003433	46.9710003413	46.971000344	46.971000344	46.971000343	46.971000343	46.971000339	46.97100034	24.594150298	24.594150298	24.594150298	24.594150298	1.753546	0	26.868618002	37.146668002	37.851292023	37.851292023	95.410200066	139.525200066	166.4444000463	166.4444000463	166.4444000433	166.4444000533	166.4444000613	166.4444000583	166.4444000583	166.4444000583	166.4444000583	166.4444000533	166.4444000343	177.811400044	240.620800054
Macrovipera_schweizeri	87.2756000584	87.2756000584	87.2756000606	87.2756000606	87.2756000589	87.2756000589	87.2756000612	87.2756000593	87.2756000593	87.2756000593	87.2756000595	87.2756000595	87.2756000595	87.2756000593	87.2756000589	87.2756000579	87.2756000573	87.2756000573	87.2756000629	87.2756000629	87.2756000589	87.2756000589	87.2756000589	87.2756000579	87.2756000618	87.2756000578	87.2756000578	87.2756000618	87.2756000611	87.2756000611	87.2756000553	87.2756000583	87.2756000583	87.2756000583	87.2756000553	87.2756000583	87.2756000583	87.2756000573	87.2756000583	87.275600059	87.275600059	87.275600057	87.2756000574	87.2756000574	87.275600058	87.275600058	87.275600058	87.275600058	87.2756000544	87.2756000584	87.2756000584	87.2756000544	87.2756000564	87.275600057	87.275600057	87.275600054	87.2756000577	87.2756000577	87.2756000584	87.2756000584	87.2756000594	87.2756000594	87.275600063	87.275600058	87.275600058	87.275600058	87.275600062	87.275600056	87.275600054	87.275600054	87.27560005729	87.27560005729	87.27560005759	87.2756000572	87.2756000572	87.2756000578	87.2756000578	87.2756000578	87.2756000578	87.2756000583	87.2756000583	87.2756000583	87.2756000573	87.2756000573	87.2756000573	87.2756000587	87.2756000577	87.2756000577	87.2756000572	87.2756000542	87.2756000552	87.275600062	87.275600062	87.2756000575	87.2756000575	87.2756000535	87.2756000601	87.2756000611	87.2756000571	87.2756000571	87.2756000621	87.2756000621	87.2756000523	87.2756000523	87.2756000576	87.2756000606	87.275600059	46.9710003423	46.9710003423	46.9710003423	46.971000342	46.971000342	46.971000342	46.9710003405	46.9710003415	46.9710003418	46.9710003418	46.9710003418	46.9710003418	46.9710003418	46.9710003408	46.9710003409	46.9710003414	46.9710003413	46.9710003393	46.971000342	46.971000342	46.971000341	46.971000341	46.971000337	46.971000338	26.868618	26.868618	26.868618	26.868618	26.868618002	26.868618002	0	37.146668	37.851292021	37.851292021	95.410200064	139.525200064	166.4444000443	166.4444000443	166.4444000413	166.4444000513	166.4444000593	166.4444000563	166.4444000563	166.4444000563	166.4444000563	166.4444000513	166.4444000323	177.811400042	240.620800052
Cerastes_gasperettii	87.2756000584	87.2756000584	87.2756000606	87.2756000606	87.2756000589	87.2756000589	87.2756000612	87.2756000593	87.2756000593	87.2756000593	87.2756000595	87.2756000595	87.2756000595	87.2756000593	87.2756000589	87.2756000579	87.2756000573	87.2756000573	87.2756000629	87.2756000629	87.2756000589	87.2756000589	87.2756000589	87.2756000579	87.2756000618	87.2756000578	87.2756000578	87.2756000618	87.2756000611	87.2756000611	87.2756000553	87.2756000583	87.2756000583	87.2756000583	87.2756000553	87.2756000583	87.2756000583	87.2756000573	87.2756000583	87.275600059	87.275600059	87.275600057	87.2756000574	87.2756000574	87.275600058	87.275600058	87.275600058	87.275600058	87.2756000544	87.2756000584	87.2756000584	87.2756000544	87.2756000564	87.275600057	87.275600057	87.275600054	87.2756000577	87.2756000577	87.2756000584	87.2756000584	87.2756000594	87.2756000594	87.275600063	87.275600058	87.275600058	87.275600058	87.275600062	87.275600056	87.275600054	87.275600054	87.27560005729	87.27560005729	87.27560005759	87.2756000572	87.2756000572	87.2756000578	87.2756000578	87.2756000578	87.2756000578	87.2756000583	87.2756000583	87.2756000583	87.2756000573	87.2756000573	87.2756000573	87.2756000587	87.2756000577	87.2756000577	87.2756000572	87.2756000542	87.2756000552	87.275600062	87.275600062	87.2756000575	87.2756000575	87.2756000535	87.2756000601	87.2756000611	87.2756000571	87.2756000571	87.2756000621	87.2756000621	87.2756000523	87.2756000523	87.2756000576	87.2756000606	87.275600059	46.9710003423	46.9710003423	46.9710003423	46.971000342	46.971000342	46.971000342	46.9710003405	46.9710003415	46.9710003418	46.9710003418	46.9710003418	46.9710003418	46.9710003418	46.9710003408	46.9710003409	46.9710003414	46.9710003413	46.9710003393	46.971000342	46.971000342	46.971000341	46.971000341	46.971000337	46.971000338	37.146668	37.146668	37.146668	37.146668	37.146668002	37.146668002	37.146668	0	37.851292021	37.851292021	95.410200064	139.525200064	166.4444000443	166.4444000443	166.4444000413	166.4444000513	166.4444000593	166.4444000563	166.4444000563	166.4444000563	166.4444000563	166.4444000513	166.4444000323	177.811400042	240.620800052
Bitis_arietans	87.2756000554	87.2756000554	87.2756000576	87.2756000576	87.2756000559	87.2756000559	87.2756000582	87.2756000563	87.2756000563	87.2756000563	87.2756000565	87.2756000565	87.2756000565	87.2756000563	87.2756000559	87.2756000549	87.2756000543	87.2756000543	87.2756000599	87.2756000599	87.2756000559	87.2756000559	87.2756000559	87.2756000549	87.2756000588	87.2756000548	87.2756000548	87.2756000588	87.2756000581	87.2756000581	87.2756000523	87.2756000553	87.2756000553	87.2756000553	87.2756000523	87.2756000553	87.2756000553	87.2756000543	87.2756000553	87.275600056	87.275600056	87.275600054	87.2756000544	87.2756000544	87.275600055	87.275600055	87.275600055	87.275600055	87.2756000514	87.2756000554	87.2756000554	87.2756000514	87.2756000534	87.275600054	87.275600054	87.275600051	87.2756000547	87.2756000547	87.2756000554	87.2756000554	87.2756000564	87.2756000564	87.27560006	87.275600055	87.275600055	87.275600055	87.275600059	87.275600053	87.275600051	87.275600051	87.27560005429	87.27560005429	87.27560005459	87.2756000542	87.2756000542	87.2756000548	87.2756000548	87.2756000548	87.2756000548	87.2756000553	87.2756000553	87.2756000553	87.2756000543	87.2756000543	87.2756000543	87.2756000557	87.2756000547	87.2756000547	87.2756000542	87.2756000512	87.2756000522	87.275600059	87.275600059	87.2756000545	87.2756000545	87.2756000505	87.2756000571	87.2756000581	87.2756000541	87.2756000541	87.2756000591	87.2756000591	87.2756000493	87.2756000493	87.2756000546	87.2756000576	87.275600056	46.9710003393	46.9710003393	46.9710003393	46.971000339	46.971000339	46.971000339	46.9710003375	46.9710003385	46.9710003388	46.9710003388	46.9710003388	46.9710003388	46.9710003388	46.9710003378	46.9710003379	46.9710003384	46.9710003383	46.9710003363	46.971000339	46.971000339	46.971000338	46.971000338	46.971000334	46.971000335	37.851292021	37.851292021	37.851292021	37.851292021	37.851292023	37.851292023	37.851292021	37.851292021	0	35.39220006	95.410200061	139.525200061	166.4444000413	166.4444000413	166.4444000383	166.4444000483	166.4444000563	166.4444000533	166.4444000533	166.4444000533	166.4444000533	166.4444000483	166.4444000293	177.811400039	240.620800049
Causus_rhombeatus	87.2756000554	87.2756000554	87.2756000576	87.2756000576	87.2756000559	87.2756000559	87.2756000582	87.2756000563	87.2756000563	87.2756000563	87.2756000565	87.2756000565	87.2756000565	87.2756000563	87.2756000559	87.2756000549	87.2756000543	87.2756000543	87.2756000599	87.2756000599	87.2756000559	87.2756000559	87.2756000559	87.2756000549	87.2756000588	87.2756000548	87.2756000548	87.2756000588	87.2756000581	87.2756000581	87.2756000523	87.2756000553	87.2756000553	87.2756000553	87.2756000523	87.2756000553	87.2756000553	87.2756000543	87.2756000553	87.275600056	87.275600056	87.275600054	87.2756000544	87.2756000544	87.275600055	87.275600055	87.275600055	87.275600055	87.2756000514	87.2756000554	87.2756000554	87.2756000514	87.2756000534	87.275600054	87.275600054	87.275600051	87.2756000547	87.2756000547	87.2756000554	87.2756000554	87.2756000564	87.2756000564	87.27560006	87.275600055	87.275600055	87.275600055	87.275600059	87.275600053	87.275600051	87.275600051	87.27560005429	87.27560005429	87.27560005459	87.2756000542	87.2756000542	87.2756000548	87.2756000548	87.2756000548	87.2756000548	87.2756000553	87.2756000553	87.2756000553	87.2756000543	87.2756000543	87.2756000543	87.2756000557	87.2756000547	87.2756000547	87.2756000542	87.2756000512	87.2756000522	87.275600059	87.275600059	87.2756000545	87.2756000545	87.2756000505	87.2756000571	87.2756000581	87.2756000541	87.2756000541	87.2756000591	87.2756000591	87.2756000493	87.2756000493	87.2756000546	87.2756000576	87.275600056	46.9710003393	46.9710003393	46.9710003393	46.971000339	46.971000339	46.971000339	46.9710003375	46.9710003385	46.9710003388	46.9710003388	46.9710003388	46.9710003388	46.9710003388	46.9710003378	46.9710003379	46.9710003384	46.9710003383	46.9710003363	46.971000339	46.971000339	46.971000338	46.971000338	46.971000334	46.971000335	37.851292021	37.851292021	37.851292021	37.851292021	37.851292023	37.851292023	37.851292021	37.851292021	35.39220006	0	95.410200061	139.525200061	166.4444000413	166.4444000413	166.4444000383	166.4444000483	166.4444000563	166.4444000533	166.4444000533	166.4444000533	166.4444000533	166.4444000483	166.4444000293	177.811400039	240.620800049
Pareas_carinatus	95.4102000604	95.4102000604	95.4102000626	95.4102000626	95.4102000609	95.4102000609	95.4102000632	95.4102000613	95.4102000613	95.4102000613	95.4102000615	95.4102000615	95.4102000615	95.4102000613	95.4102000609	95.4102000599	95.4102000593	95.4102000593	95.4102000649	95.4102000649	95.4102000609	95.4102000609	95.4102000609	95.4102000599	95.4102000638	95.4102000598	95.4102000598	95.4102000638	95.4102000631	95.4102000631	95.4102000573	95.4102000603	95.4102000603	95.4102000603	95.4102000573	95.4102000603	95.4102000603	95.4102000593	95.4102000603	95.410200061	95.410200061	95.410200059	95.4102000594	95.4102000594	95.41020006	95.41020006	95.41020006	95.41020006	95.4102000564	95.4102000604	95.4102000604	95.4102000564	95.4102000584	95.410200059	95.410200059	95.410200056	95.4102000597	95.4102000597	95.4102000604	95.4102000604	95.4102000614	95.4102000614	95.410200065	95.41020006	95.41020006	95.41020006	95.410200064	95.410200058	95.410200056	95.410200056	95.41020005929	95.41020005929	95.41020005959	95.4102000592	95.4102000592	95.4102000598	95.4102000598	95.4102000598	95.4102000598	95.4102000603	95.4102000603	95.4102000603	95.4102000593	95.4102000593	95.4102000593	95.4102000607	95.4102000597	95.4102000597	95.4102000592	95.4102000562	95.4102000572	95.410200064	95.410200064	95.4102000595	95.4102000595	95.4102000555	95.4102000621	95.4102000631	95.4102000591	95.4102000591	95.4102000641	95.4102000641	95.4102000543	95.4102000543	95.4102000596	95.4102000626	95.410200061	95.4102000643	95.4102000643	95.4102000643	95.410200064	95.410200064	95.410200064	95.4102000625	95.4102000635	95.4102000638	95.4102000638	95.4102000638	95.4102000638	95.4102000638	95.4102000628	95.4102000629	95.4102000634	95.4102000633	95.4102000613	95.410200064	95.410200064	95.410200063	95.410200063	95.410200059	95.41020006	95.410200064	95.410200064	95.410200064	95.410200064	95.410200066	95.410200066	95.410200064	95.410200064	95.410200061	95.410200061	0	139.52520006	166.4444000403	166.4444000403	166.4444000373	166.4444000473	166.4444000553	166.4444000523	166.4444000523	166.4444000523	166.4444000523	166.4444000473	166.4444000283	177.811400038	240.620800048
Acrochordus_granulatus	139.5252000604	139.5252000604	139.5252000626	139.5252000626	139.5252000609	139.5252000609	139.5252000632	139.5252000613	139.5252000613	139.5252000613	139.5252000615	139.5252000615	139.5252000615	139.5252000613	139.5252000609	139.5252000599	139.5252000593	139.5252000593	139.5252000649	139.5252000649	139.5252000609	139.5252000609	139.5252000609	139.5252000599	139.5252000638	139.5252000598	139.5252000598	139.5252000638	139.5252000631	139.5252000631	139.5252000573	139.5252000603	139.5252000603	139.5252000603	139.5252000573	139.5252000603	139.5252000603	139.5252000593	139.5252000603	139.525200061	139.525200061	139.525200059	139.5252000594	139.5252000594	139.52520006	139.52520006	139.52520006	139.52520006	139.5252000564	139.5252000604	139.5252000604	139.5252000564	139.5252000584	139.525200059	139.525200059	139.525200056	139.5252000597	139.5252000597	139.5252000604	139.5252000604	139.5252000614	139.5252000614	139.525200065	139.52520006	139.52520006	139.52520006	139.525200064	139.525200058	139.525200056	139.525200056	139.52520005929	139.52520005929	139.52520005959	139.5252000592	139.5252000592	139.5252000598	139.5252000598	139.5252000598	139.5252000598	139.5252000603	139.5252000603	139.5252000603	139.5252000593	139.5252000593	139.5252000593	139.5252000607	139.5252000597	139.5252000597	139.5252000592	139.5252000562	139.5252000572	139.525200064	139.525200064	139.5252000595	139.5252000595	139.5252000555	139.5252000621	139.5252000631	139.5252000591	139.5252000591	139.5252000641	139.5252000641	139.5252000543	139.5252000543	139.5252000596	139.5252000626	139.525200061	139.5252000643	139.5252000643	139.5252000643	139.525200064	139.525200064	139.525200064	139.5252000625	139.5252000635	139.5252000638	139.5252000638	139.5252000638	139.5252000638	139.5252000638	139.5252000628	139.5252000629	139.5252000634	139.5252000633	139.5252000613	139.525200064	139.525200064	139.525200063	139.525200063	139.525200059	139.52520006	139.525200064	139.525200064	139.525200064	139.525200064	139.525200066	139.525200066	139.525200064	139.525200064	139.525200061	139.525200061	139.52520006	0	166.4444000403	166.4444000403	166.4444000373	166.4444000473	166.4444000553	166.4444000523	166.4444000523	166.4444000523	166.4444000523	166.4444000473	166.4444000283	177.811400038	240.620800048
Corallus_caninus	166.4444000407	166.4444000407	166.4444000429	166.4444000429	166.4444000412	166.4444000412	166.4444000435	166.4444000416	166.4444000416	166.4444000416	166.4444000418	166.4444000418	166.4444000418	166.4444000416	166.4444000412	166.4444000402	166.4444000396	166.4444000396	166.4444000452	166.4444000452	166.4444000412	166.4444000412	166.4444000412	166.4444000402	166.4444000441	166.4444000401	166.4444000401	166.4444000441	166.4444000434	166.4444000434	166.4444000376	166.4444000406	166.4444000406	166.4444000406	166.4444000376	166.4444000406	166.4444000406	166.4444000396	166.4444000406	166.4444000413	166.4444000413	166.4444000393	166.4444000397	166.4444000397	166.4444000403	166.4444000403	166.4444000403	166.4444000403	166.4444000367	166.4444000407	166.4444000407	166.4444000367	166.4444000387	166.4444000393	166.4444000393	166.4444000363	166.44440004	166.44440004	166.4444000407	166.4444000407	166.4444000417	166.4444000417	166.4444000453	166.4444000403	166.4444000403	166.4444000403	166.4444000443	166.4444000383	166.4444000363	166.4444000363	166.44440003959	166.44440003959	166.44440003989	166.4444000395	166.4444000395	166.4444000401	166.4444000401	166.4444000401	166.4444000401	166.4444000406	166.4444000406	166.4444000406	166.4444000396	166.4444000396	166.4444000396	166.444400041	166.44440004	166.44440004	166.4444000395	166.4444000365	166.4444000375	166.4444000443	166.4444000443	166.4444000398	166.4444000398	166.4444000358	166.4444000424	166.4444000434	166.4444000394	166.4444000394	166.4444000444	166.4444000444	166.4444000346	166.4444000346	166.4444000399	166.4444000429	166.4444000413	166.4444000446	166.4444000446	166.4444000446	166.4444000443	166.4444000443	166.4444000443	166.4444000428	166.4444000438	166.4444000441	166.4444000441	166.4444000441	166.4444000441	166.4444000441	166.4444000431	166.4444000432	166.4444000437	166.4444000436	166.4444000416	166.4444000443	166.4444000443	166.4444000433	166.4444000433	166.4444000393	166.4444000403	166.4444000443	166.4444000443	166.4444000443	166.4444000443	166.4444000463	166.4444000463	166.4444000443	166.4444000443	166.4444000413	166.4444000413	166.4444000403	166.4444000403	0	112.85419972	120.791357523	127.112399513	162.972399561	162.972399558	162.972399558	162.972399558	162.972399558	162.972399553	165.549599692	177.8114000383	240.6208000483
Boa_constrictor	166.4444000407	166.4444000407	166.4444000429	166.4444000429	166.4444000412	166.4444000412	166.4444000435	166.4444000416	166.4444000416	166.4444000416	166.4444000418	166.4444000418	166.4444000418	166.4444000416	166.4444000412	166.4444000402	166.4444000396	166.4444000396	166.4444000452	166.4444000452	166.4444000412	166.4444000412	166.4444000412	166.4444000402	166.4444000441	166.4444000401	166.4444000401	166.4444000441	166.4444000434	166.4444000434	166.4444000376	166.4444000406	166.4444000406	166.4444000406	166.4444000376	166.4444000406	166.4444000406	166.4444000396	166.4444000406	166.4444000413	166.4444000413	166.4444000393	166.4444000397	166.4444000397	166.4444000403	166.4444000403	166.4444000403	166.4444000403	166.4444000367	166.4444000407	166.4444000407	166.4444000367	166.4444000387	166.4444000393	166.4444000393	166.4444000363	166.44440004	166.44440004	166.4444000407	166.4444000407	166.4444000417	166.4444000417	166.4444000453	166.4444000403	166.4444000403	166.4444000403	166.4444000443	166.4444000383	166.4444000363	166.4444000363	166.44440003959	166.44440003959	166.44440003989	166.4444000395	166.4444000395	166.4444000401	166.4444000401	166.4444000401	166.4444000401	166.4444000406	166.4444000406	166.4444000406	166.4444000396	166.4444000396	166.4444000396	166.444400041	166.44440004	166.44440004	166.4444000395	166.4444000365	166.4444000375	166.4444000443	166.4444000443	166.4444000398	166.4444000398	166.4444000358	166.4444000424	166.4444000434	166.4444000394	166.4444000394	166.4444000444	166.4444000444	166.4444000346	166.4444000346	166.4444000399	166.4444000429	166.4444000413	166.4444000446	166.4444000446	166.4444000446	166.4444000443	166.4444000443	166.4444000443	166.4444000428	166.4444000438	166.4444000441	166.4444000441	166.4444000441	166.4444000441	166.4444000441	166.4444000431	166.4444000432	166.4444000437	166.4444000436	166.4444000416	166.4444000443	166.4444000443	166.4444000433	166.4444000433	166.4444000393	166.4444000403	166.4444000443	166.4444000443	166.4444000443	166.4444000443	166.4444000463	166.4444000463	166.4444000443	166.4444000443	166.4444000413	166.4444000413	166.4444000403	166.4444000403	112.85419972	0	120.791357523	127.112399513	162.972399561	162.972399558	162.972399558	162.972399558	162.972399558	162.972399553	165.549599692	177.8114000383	240.6208000483
Candoia_aspera	166.4444000377	166.4444000377	166.4444000399	166.4444000399	166.4444000382	166.4444000382	166.4444000405	166.4444000386	166.4444000386	166.4444000386	166.4444000388	166.4444000388	166.4444000388	166.4444000386	166.4444000382	166.4444000372	166.4444000366	166.4444000366	166.4444000422	166.4444000422	166.4444000382	166.4444000382	166.4444000382	166.4444000372	166.4444000411	166.4444000371	166.4444000371	166.4444000411	166.4444000404	166.4444000404	166.4444000346	166.4444000376	166.4444000376	166.4444000376	166.4444000346	166.4444000376	166.4444000376	166.4444000366	166.4444000376	166.4444000383	166.4444000383	166.4444000363	166.4444000367	166.4444000367	166.4444000373	166.4444000373	166.4444000373	166.4444000373	166.4444000337	166.4444000377	166.4444000377	166.4444000337	166.4444000357	166.4444000363	166.4444000363	166.4444000333	166.444400037	166.444400037	166.4444000377	166.4444000377	166.4444000387	166.4444000387	166.4444000423	166.4444000373	166.4444000373	166.4444000373	166.4444000413	166.4444000353	166.4444000333	166.4444000333	166.44440003659	166.44440003659	166.44440003689	166.4444000365	166.4444000365	166.4444000371	166.4444000371	166.4444000371	166.4444000371	166.4444000376	166.4444000376	166.4444000376	166.4444000366	166.4444000366	166.4444000366	166.444400038	166.444400037	166.444400037	166.4444000365	166.4444000335	166.4444000345	166.4444000413	166.4444000413	166.4444000368	166.4444000368	166.4444000328	166.4444000394	166.4444000404	166.4444000364	166.4444000364	166.4444000414	166.4444000414	166.4444000316	166.4444000316	166.4444000369	166.4444000399	166.4444000383	166.4444000416	166.4444000416	166.4444000416	166.4444000413	166.4444000413	166.4444000413	166.4444000398	166.4444000408	166.4444000411	166.4444000411	166.4444000411	166.4444000411	166.4444000411	166.4444000401	166.4444000402	166.4444000407	166.4444000406	166.4444000386	166.4444000413	166.4444000413	166.4444000403	166.4444000403	166.4444000363	166.4444000373	166.4444000413	166.4444000413	166.4444000413	166.4444000413	166.4444000433	166.4444000433	166.4444000413	166.4444000413	166.4444000383	166.4444000383	166.4444000373	166.4444000373	120.791357523	120.791357523	0	127.11239951	162.972399558	162.972399555	162.972399555	162.972399555	162.972399555	162.97239955	165.549599689	177.8114000353	240.6208000453
Charina_bottae	166.4444000477	166.4444000477	166.4444000499	166.4444000499	166.4444000482	166.4444000482	166.4444000505	166.4444000486	166.4444000486	166.4444000486	166.4444000488	166.4444000488	166.4444000488	166.4444000486	166.4444000482	166.4444000472	166.4444000466	166.4444000466	166.4444000522	166.4444000522	166.4444000482	166.4444000482	166.4444000482	166.4444000472	166.4444000511	166.4444000471	166.4444000471	166.4444000511	166.4444000504	166.4444000504	166.4444000446	166.4444000476	166.4444000476	166.4444000476	166.4444000446	166.4444000476	166.4444000476	166.4444000466	166.4444000476	166.4444000483	166.4444000483	166.4444000463	166.4444000467	166.4444000467	166.4444000473	166.4444000473	166.4444000473	166.4444000473	166.4444000437	166.4444000477	166.4444000477	166.4444000437	166.4444000457	166.4444000463	166.4444000463	166.4444000433	166.444400047	166.444400047	166.4444000477	166.4444000477	166.4444000487	166.4444000487	166.4444000523	166.4444000473	166.4444000473	166.4444000473	166.4444000513	166.4444000453	166.4444000433	166.4444000433	166.44440004659	166.44440004659	166.44440004689	166.4444000465	166.4444000465	166.4444000471	166.4444000471	166.4444000471	166.4444000471	166.4444000476	166.4444000476	166.4444000476	166.4444000466	166.4444000466	166.4444000466	166.444400048	166.444400047	166.444400047	166.4444000465	166.4444000435	166.4444000445	166.4444000513	166.4444000513	166.4444000468	166.4444000468	166.4444000428	166.4444000494	166.4444000504	166.4444000464	166.4444000464	166.4444000514	166.4444000514	166.4444000416	166.4444000416	166.4444000469	166.4444000499	166.4444000483	166.4444000516	166.4444000516	166.4444000516	166.4444000513	166.4444000513	166.4444000513	166.4444000498	166.4444000508	166.4444000511	166.4444000511	166.4444000511	166.4444000511	166.4444000511	166.4444000501	166.4444000502	166.4444000507	166.4444000506	166.4444000486	166.4444000513	166.4444000513	166.4444000503	166.4444000503	166.4444000463	166.4444000473	166.4444000513	166.4444000513	166.4444000513	166.4444000513	166.4444000533	166.4444000533	166.4444000513	166.4444000513	166.4444000483	166.4444000483	166.4444000473	166.4444000473	127.112399513	127.112399513	127.11239951	0	162.972399568	162.972399565	162.972399565	162.972399565	162.972399565	162.97239956	165.549599699	177.8114000453	240.6208000553
Liasis_olivaceus	166.4444000557	166.4444000557	166.4444000579	166.4444000579	166.4444000562	166.4444000562	166.4444000585	166.4444000566	166.4444000566	166.4444000566	166.4444000568	166.4444000568	166.4444000568	166.4444000566	166.4444000562	166.4444000552	166.4444000546	166.4444000546	166.4444000602	166.4444000602	166.4444000562	166.4444000562	166.4444000562	166.4444000552	166.4444000591	166.4444000551	166.4444000551	166.4444000591	166.4444000584	166.4444000584	166.4444000526	166.4444000556	166.4444000556	166.4444000556	166.4444000526	166.4444000556	166.4444000556	166.4444000546	166.4444000556	166.4444000563	166.4444000563	166.4444000543	166.4444000547	166.4444000547	166.4444000553	166.4444000553	166.4444000553	166.4444000553	166.4444000517	166.4444000557	166.4444000557	166.4444000517	166.4444000537	166.4444000543	166.4444000543	166.4444000513	166.444400055	166.444400055	166.4444000557	166.4444000557	166.4444000567	166.4444000567	166.4444000603	166.4444000553	166.4444000553	166.4444000553	166.4444000593	166.4444000533	166.4444000513	166.4444000513	166.44440005459	166.44440005459	166.44440005489	166.4444000545	166.4444000545	166.4444000551	166.4444000551	166.4444000551	166.4444000551	166.4444000556	166.4444000556	166.4444000556	166.4444000546	166.4444000546	166.4444000546	166.444400056	166.444400055	166.444400055	166.4444000545	166.4444000515	166.4444000525	166.4444000593	166.4444000593	166.4444000548	166.4444000548	166.4444000508	166.4444000574	166.4444000584	166.4444000544	166.4444000544	166.4444000594	166.4444000594	166.4444000496	166.4444000496	166.4444000549	166.4444000579	166.4444000563	166.4444000596	166.4444000596	166.4444000596	166.4444000593	166.4444000593	166.4444000593	166.4444000578	166.4444000588	166.4444000591	166.4444000591	166.4444000591	166.4444000591	166.4444000591	166.4444000581	166.4444000582	166.4444000587	166.4444000586	166.4444000566	166.4444000593	166.4444000593	166.4444000583	166.4444000583	166.4444000543	166.4444000553	166.4444000593	166.4444000593	166.4444000593	166.4444000593	166.4444000613	166.4444000613	166.4444000593	166.4444000593	166.4444000563	166.4444000563	166.4444000553	166.4444000553	162.972399561	162.972399561	162.972399558	162.972399568	0	20.344485737	20.344485737	26.471799569	26.471799569	41.547799588	165.549599707	177.8114000533	240.6208000633
Simalia_tracyae	166.4444000527	166.4444000527	166.4444000549	166.4444000549	166.4444000532	166.4444000532	166.4444000555	166.4444000536	166.4444000536	166.4444000536	166.4444000538	166.4444000538	166.4444000538	166.4444000536	166.4444000532	166.4444000522	166.4444000516	166.4444000516	166.4444000572	166.4444000572	166.4444000532	166.4444000532	166.4444000532	166.4444000522	166.4444000561	166.4444000521	166.4444000521	166.4444000561	166.4444000554	166.4444000554	166.4444000496	166.4444000526	166.4444000526	166.4444000526	166.4444000496	166.4444000526	166.4444000526	166.4444000516	166.4444000526	166.4444000533	166.4444000533	166.4444000513	166.4444000517	166.4444000517	166.4444000523	166.4444000523	166.4444000523	166.4444000523	166.4444000487	166.4444000527	166.4444000527	166.4444000487	166.4444000507	166.4444000513	166.4444000513	166.4444000483	166.444400052	166.444400052	166.4444000527	166.4444000527	166.4444000537	166.4444000537	166.4444000573	166.4444000523	166.4444000523	166.4444000523	166.4444000563	166.4444000503	166.4444000483	166.4444000483	166.44440005159	166.44440005159	166.44440005189	166.4444000515	166.4444000515	166.4444000521	166.4444000521	166.4444000521	166.4444000521	166.4444000526	166.4444000526	166.4444000526	166.4444000516	166.4444000516	166.4444000516	166.444400053	166.444400052	166.444400052	166.4444000515	166.4444000485	166.4444000495	166.4444000563	166.4444000563	166.4444000518	166.4444000518	166.4444000478	166.4444000544	166.4444000554	166.4444000514	166.4444000514	166.4444000564	166.4444000564	166.4444000466	166.4444000466	166.4444000519	166.4444000549	166.4444000533	166.4444000566	166.4444000566	166.4444000566	166.4444000563	166.4444000563	166.4444000563	166.4444000548	166.4444000558	166.4444000561	166.4444000561	166.4444000561	166.4444000561	166.4444000561	166.4444000551	166.4444000552	166.4444000557	166.4444000556	166.4444000536	166.4444000563	166.4444000563	166.4444000553	166.4444000553	166.4444000513	166.4444000523	166.4444000563	166.4444000563	166.4444000563	166.4444000563	166.4444000583	166.4444000583	166.4444000563	166.4444000563	166.4444000533	166.4444000533	166.4444000523	166.4444000523	162.972399558	162.972399558	162.972399555	162.972399565	20.344485737	0	15.742214	26.471799566	26.471799566	41.547799585	165.549599704	177.8114000503	240.6208000603
Simalia_boeleni	166.4444000527	166.4444000527	166.4444000549	166.4444000549	166.4444000532	166.4444000532	166.4444000555	166.4444000536	166.4444000536	166.4444000536	166.4444000538	166.4444000538	166.4444000538	166.4444000536	166.4444000532	166.4444000522	166.4444000516	166.4444000516	166.4444000572	166.4444000572	166.4444000532	166.4444000532	166.4444000532	166.4444000522	166.4444000561	166.4444000521	166.4444000521	166.4444000561	166.4444000554	166.4444000554	166.4444000496	166.4444000526	166.4444000526	166.4444000526	166.4444000496	166.4444000526	166.4444000526	166.4444000516	166.4444000526	166.4444000533	166.4444000533	166.4444000513	166.4444000517	166.4444000517	166.4444000523	166.4444000523	166.4444000523	166.4444000523	166.4444000487	166.4444000527	166.4444000527	166.4444000487	166.4444000507	166.4444000513	166.4444000513	166.4444000483	166.444400052	166.444400052	166.4444000527	166.4444000527	166.4444000537	166.4444000537	166.4444000573	166.4444000523	166.4444000523	166.4444000523	166.4444000563	166.4444000503	166.4444000483	166.4444000483	166.44440005159	166.44440005159	166.44440005189	166.4444000515	166.4444000515	166.4444000521	166.4444000521	166.4444000521	166.4444000521	166.4444000526	166.4444000526	166.4444000526	166.4444000516	166.4444000516	166.4444000516	166.444400053	166.444400052	166.444400052	166.4444000515	166.4444000485	166.4444000495	166.4444000563	166.4444000563	166.4444000518	166.4444000518	166.4444000478	166.4444000544	166.4444000554	166.4444000514	166.4444000514	166.4444000564	166.4444000564	166.4444000466	166.4444000466	166.4444000519	166.4444000549	166.4444000533	166.4444000566	166.4444000566	166.4444000566	166.4444000563	166.4444000563	166.4444000563	166.4444000548	166.4444000558	166.4444000561	166.4444000561	166.4444000561	166.4444000561	166.4444000561	166.4444000551	166.4444000552	166.4444000557	166.4444000556	166.4444000536	166.4444000563	166.4444000563	166.4444000553	166.4444000553	166.4444000513	166.4444000523	166.4444000563	166.4444000563	166.4444000563	166.4444000563	166.4444000583	166.4444000583	166.4444000563	166.4444000563	166.4444000533	166.4444000533	166.4444000523	166.4444000523	162.972399558	162.972399558	162.972399555	162.972399565	20.344485737	15.742214	0	26.471799566	26.471799566	41.547799585	165.549599704	177.8114000503	240.6208000603
Morelia_carinata	166.4444000527	166.4444000527	166.4444000549	166.4444000549	166.4444000532	166.4444000532	166.4444000555	166.4444000536	166.4444000536	166.4444000536	166.4444000538	166.4444000538	166.4444000538	166.4444000536	166.4444000532	166.4444000522	166.4444000516	166.4444000516	166.4444000572	166.4444000572	166.4444000532	166.4444000532	166.4444000532	166.4444000522	166.4444000561	166.4444000521	166.4444000521	166.4444000561	166.4444000554	166.4444000554	166.4444000496	166.4444000526	166.4444000526	166.4444000526	166.4444000496	166.4444000526	166.4444000526	166.4444000516	166.4444000526	166.4444000533	166.4444000533	166.4444000513	166.4444000517	166.4444000517	166.4444000523	166.4444000523	166.4444000523	166.4444000523	166.4444000487	166.4444000527	166.4444000527	166.4444000487	166.4444000507	166.4444000513	166.4444000513	166.4444000483	166.444400052	166.444400052	166.4444000527	166.4444000527	166.4444000537	166.4444000537	166.4444000573	166.4444000523	166.4444000523	166.4444000523	166.4444000563	166.4444000503	166.4444000483	166.4444000483	166.44440005159	166.44440005159	166.44440005189	166.4444000515	166.4444000515	166.4444000521	166.4444000521	166.4444000521	166.4444000521	166.4444000526	166.4444000526	166.4444000526	166.4444000516	166.4444000516	166.4444000516	166.444400053	166.444400052	166.444400052	166.4444000515	166.4444000485	166.4444000495	166.4444000563	166.4444000563	166.4444000518	166.4444000518	166.4444000478	166.4444000544	166.4444000554	166.4444000514	166.4444000514	166.4444000564	166.4444000564	166.4444000466	166.4444000466	166.4444000519	166.4444000549	166.4444000533	166.4444000566	166.4444000566	166.4444000566	166.4444000563	166.4444000563	166.4444000563	166.4444000548	166.4444000558	166.4444000561	166.4444000561	166.4444000561	166.4444000561	166.4444000561	166.4444000551	166.4444000552	166.4444000557	166.4444000556	166.4444000536	166.4444000563	166.4444000563	166.4444000553	166.4444000553	166.4444000513	166.4444000523	166.4444000563	166.4444000563	166.4444000563	166.4444000563	166.4444000583	166.4444000583	166.4444000563	166.4444000563	166.4444000533	166.4444000533	166.4444000523	166.4444000523	162.972399558	162.972399558	162.972399555	162.972399565	26.471799569	26.471799566	26.471799566	0	15.07616	41.547799585	165.549599704	177.8114000503	240.6208000603
Morelia_viridis	166.4444000527	166.4444000527	166.4444000549	166.4444000549	166.4444000532	166.4444000532	166.4444000555	166.4444000536	166.4444000536	166.4444000536	166.4444000538	166.4444000538	166.4444000538	166.4444000536	166.4444000532	166.4444000522	166.4444000516	166.4444000516	166.4444000572	166.4444000572	166.4444000532	166.4444000532	166.4444000532	166.4444000522	166.4444000561	166.4444000521	166.4444000521	166.4444000561	166.4444000554	166.4444000554	166.4444000496	166.4444000526	166.4444000526	166.4444000526	166.4444000496	166.4444000526	166.4444000526	166.4444000516	166.4444000526	166.4444000533	166.4444000533	166.4444000513	166.4444000517	166.4444000517	166.4444000523	166.4444000523	166.4444000523	166.4444000523	166.4444000487	166.4444000527	166.4444000527	166.4444000487	166.4444000507	166.4444000513	166.4444000513	166.4444000483	166.444400052	166.444400052	166.4444000527	166.4444000527	166.4444000537	166.4444000537	166.4444000573	166.4444000523	166.4444000523	166.4444000523	166.4444000563	166.4444000503	166.4444000483	166.4444000483	166.44440005159	166.44440005159	166.44440005189	166.4444000515	166.4444000515	166.4444000521	166.4444000521	166.4444000521	166.4444000521	166.4444000526	166.4444000526	166.4444000526	166.4444000516	166.4444000516	166.4444000516	166.444400053	166.444400052	166.444400052	166.4444000515	166.4444000485	166.4444000495	166.4444000563	166.4444000563	166.4444000518	166.4444000518	166.4444000478	166.4444000544	166.4444000554	166.4444000514	166.4444000514	166.4444000564	166.4444000564	166.4444000466	166.4444000466	166.4444000519	166.4444000549	166.4444000533	166.4444000566	166.4444000566	166.4444000566	166.4444000563	166.4444000563	166.4444000563	166.4444000548	166.4444000558	166.4444000561	166.4444000561	166.4444000561	166.4444000561	166.4444000561	166.4444000551	166.4444000552	166.4444000557	166.4444000556	166.4444000536	166.4444000563	166.4444000563	166.4444000553	166.4444000553	166.4444000513	166.4444000523	166.4444000563	166.4444000563	166.4444000563	166.4444000563	166.4444000583	166.4444000583	166.4444000563	166.4444000563	166.4444000533	166.4444000533	166.4444000523	166.4444000523	162.972399558	162.972399558	162.972399555	162.972399565	26.471799569	26.471799566	26.471799566	15.07616	0	41.547799585	165.549599704	177.8114000503	240.6208000603
Python_bivittatus	166.4444000477	166.4444000477	166.4444000499	166.4444000499	166.4444000482	166.4444000482	166.4444000505	166.4444000486	166.4444000486	166.4444000486	166.4444000488	166.4444000488	166.4444000488	166.4444000486	166.4444000482	166.4444000472	166.4444000466	166.4444000466	166.4444000522	166.4444000522	166.4444000482	166.4444000482	166.4444000482	166.4444000472	166.4444000511	166.4444000471	166.4444000471	166.4444000511	166.4444000504	166.4444000504	166.4444000446	166.4444000476	166.4444000476	166.4444000476	166.4444000446	166.4444000476	166.4444000476	166.4444000466	166.4444000476	166.4444000483	166.4444000483	166.4444000463	166.4444000467	166.4444000467	166.4444000473	166.4444000473	166.4444000473	166.4444000473	166.4444000437	166.4444000477	166.4444000477	166.4444000437	166.4444000457	166.4444000463	166.4444000463	166.4444000433	166.444400047	166.444400047	166.4444000477	166.4444000477	166.4444000487	166.4444000487	166.4444000523	166.4444000473	166.4444000473	166.4444000473	166.4444000513	166.4444000453	166.4444000433	166.4444000433	166.44440004659	166.44440004659	166.44440004689	166.4444000465	166.4444000465	166.4444000471	166.4444000471	166.4444000471	166.4444000471	166.4444000476	166.4444000476	166.4444000476	166.4444000466	166.4444000466	166.4444000466	166.444400048	166.444400047	166.444400047	166.4444000465	166.4444000435	166.4444000445	166.4444000513	166.4444000513	166.4444000468	166.4444000468	166.4444000428	166.4444000494	166.4444000504	166.4444000464	166.4444000464	166.4444000514	166.4444000514	166.4444000416	166.4444000416	166.4444000469	166.4444000499	166.4444000483	166.4444000516	166.4444000516	166.4444000516	166.4444000513	166.4444000513	166.4444000513	166.4444000498	166.4444000508	166.4444000511	166.4444000511	166.4444000511	166.4444000511	166.4444000511	166.4444000501	166.4444000502	166.4444000507	166.4444000506	166.4444000486	166.4444000513	166.4444000513	166.4444000503	166.4444000503	166.4444000463	166.4444000473	166.4444000513	166.4444000513	166.4444000513	166.4444000513	166.4444000533	166.4444000533	166.4444000513	166.4444000513	166.4444000483	166.4444000483	166.4444000473	166.4444000473	162.972399553	162.972399553	162.97239955	162.97239956	41.547799588	41.547799585	41.547799585	41.547799585	41.547799585	0	165.549599699	177.8114000453	240.6208000553
Rhinophis_saffragamus	166.4444000287	166.4444000287	166.4444000309	166.4444000309	166.4444000292	166.4444000292	166.4444000315	166.4444000296	166.4444000296	166.4444000296	166.4444000298	166.4444000298	166.4444000298	166.4444000296	166.4444000292	166.4444000282	166.4444000276	166.4444000276	166.4444000332	166.4444000332	166.4444000292	166.4444000292	166.4444000292	166.4444000282	166.4444000321	166.4444000281	166.4444000281	166.4444000321	166.4444000314	166.4444000314	166.4444000256	166.4444000286	166.4444000286	166.4444000286	166.4444000256	166.4444000286	166.4444000286	166.4444000276	166.4444000286	166.4444000293	166.4444000293	166.4444000273	166.4444000277	166.4444000277	166.4444000283	166.4444000283	166.4444000283	166.4444000283	166.4444000247	166.4444000287	166.4444000287	166.4444000247	166.4444000267	166.4444000273	166.4444000273	166.4444000243	166.444400028	166.444400028	166.4444000287	166.4444000287	166.4444000297	166.4444000297	166.4444000333	166.4444000283	166.4444000283	166.4444000283	166.4444000323	166.4444000263	166.4444000243	166.4444000243	166.44440002759	166.44440002759	166.44440002789	166.4444000275	166.4444000275	166.4444000281	166.4444000281	166.4444000281	166.4444000281	166.4444000286	166.4444000286	166.4444000286	166.4444000276	166.4444000276	166.4444000276	166.444400029	166.444400028	166.444400028	166.4444000275	166.4444000245	166.4444000255	166.4444000323	166.4444000323	166.4444000278	166.4444000278	166.4444000238	166.4444000304	166.4444000314	166.4444000274	166.4444000274	166.4444000324	166.4444000324	166.4444000226	166.4444000226	166.4444000279	166.4444000309	166.4444000293	166.4444000326	166.4444000326	166.4444000326	166.4444000323	166.4444000323	166.4444000323	166.4444000308	166.4444000318	166.4444000321	166.4444000321	166.4444000321	166.4444000321	166.4444000321	166.4444000311	166.4444000312	166.4444000317	166.4444000316	166.4444000296	166.4444000323	166.4444000323	166.4444000313	166.4444000313	166.4444000273	166.4444000283	166.4444000323	166.4444000323	166.4444000323	166.4444000323	166.4444000343	166.4444000343	166.4444000323	166.4444000323	166.4444000293	166.4444000293	166.4444000283	166.4444000283	165.549599692	165.549599692	165.549599689	165.549599699	165.549599707	165.549599704	165.549599704	165.549599704	165.549599704	165.549599699	0	177.8114000263	240.6208000363
Anilius_scytale	177.8114000384	177.8114000384	177.8114000406	177.8114000406	177.8114000389	177.8114000389	177.8114000412	177.8114000393	177.8114000393	177.8114000393	177.8114000395	177.8114000395	177.8114000395	177.8114000393	177.8114000389	177.8114000379	177.8114000373	177.8114000373	177.8114000429	177.8114000429	177.8114000389	177.8114000389	177.8114000389	177.8114000379	177.8114000418	177.8114000378	177.8114000378	177.8114000418	177.8114000411	177.8114000411	177.8114000353	177.8114000383	177.8114000383	177.8114000383	177.8114000353	177.8114000383	177.8114000383	177.8114000373	177.8114000383	177.811400039	177.811400039	177.811400037	177.8114000374	177.8114000374	177.811400038	177.811400038	177.811400038	177.811400038	177.8114000344	177.8114000384	177.8114000384	177.8114000344	177.8114000364	177.811400037	177.811400037	177.811400034	177.8114000377	177.8114000377	177.8114000384	177.8114000384	177.8114000394	177.8114000394	177.811400043	177.811400038	177.811400038	177.811400038	177.811400042	177.811400036	177.811400034	177.811400034	177.81140003729	177.81140003729	177.81140003759	177.8114000372	177.8114000372	177.8114000378	177.8114000378	177.8114000378	177.8114000378	177.8114000383	177.8114000383	177.8114000383	177.8114000373	177.8114000373	177.8114000373	177.8114000387	177.8114000377	177.8114000377	177.8114000372	177.8114000342	177.8114000352	177.811400042	177.811400042	177.8114000375	177.8114000375	177.8114000335	177.8114000401	177.8114000411	177.8114000371	177.8114000371	177.8114000421	177.8114000421	177.8114000323	177.8114000323	177.8114000376	177.8114000406	177.811400039	177.8114000423	177.8114000423	177.8114000423	177.811400042	177.811400042	177.811400042	177.8114000405	177.8114000415	177.8114000418	177.8114000418	177.8114000418	177.8114000418	177.8114000418	177.8114000408	177.8114000409	177.8114000414	177.8114000413	177.8114000393	177.811400042	177.811400042	177.811400041	177.811400041	177.811400037	177.811400038	177.811400042	177.811400042	177.811400042	177.811400042	177.811400044	177.811400044	177.811400042	177.811400042	177.811400039	177.811400039	177.811400038	177.811400038	177.8114000383	177.8114000383	177.8114000353	177.8114000453	177.8114000533	177.8114000503	177.8114000503	177.8114000503	177.8114000503	177.8114000453	177.8114000263	0	240.62080005
Anilios_bituberculatus	240.6208000484	240.6208000484	240.6208000506	240.6208000506	240.6208000489	240.6208000489	240.6208000512	240.6208000493	240.6208000493	240.6208000493	240.6208000495	240.6208000495	240.6208000495	240.6208000493	240.6208000489	240.6208000479	240.6208000473	240.6208000473	240.6208000529	240.6208000529	240.6208000489	240.6208000489	240.6208000489	240.6208000479	240.6208000518	240.6208000478	240.6208000478	240.6208000518	240.6208000511	240.6208000511	240.6208000453	240.6208000483	240.6208000483	240.6208000483	240.6208000453	240.6208000483	240.6208000483	240.6208000473	240.6208000483	240.620800049	240.620800049	240.620800047	240.6208000474	240.6208000474	240.620800048	240.620800048	240.620800048	240.620800048	240.6208000444	240.6208000484	240.6208000484	240.6208000444	240.6208000464	240.620800047	240.620800047	240.620800044	240.6208000477	240.6208000477	240.6208000484	240.6208000484	240.6208000494	240.6208000494	240.620800053	240.620800048	240.620800048	240.620800048	240.620800052	240.620800046	240.620800044	240.620800044	240.62080004729	240.62080004729	240.62080004759	240.6208000472	240.6208000472	240.6208000478	240.6208000478	240.6208000478	240.6208000478	240.6208000483	240.6208000483	240.6208000483	240.6208000473	240.6208000473	240.6208000473	240.6208000487	240.6208000477	240.6208000477	240.6208000472	240.6208000442	240.6208000452	240.620800052	240.620800052	240.6208000475	240.6208000475	240.6208000435	240.6208000501	240.6208000511	240.6208000471	240.6208000471	240.6208000521	240.6208000521	240.6208000423	240.6208000423	240.6208000476	240.6208000506	240.620800049	240.6208000523	240.6208000523	240.6208000523	240.620800052	240.620800052	240.620800052	240.6208000505	240.6208000515	240.6208000518	240.6208000518	240.6208000518	240.6208000518	240.6208000518	240.6208000508	240.6208000509	240.6208000514	240.6208000513	240.6208000493	240.620800052	240.620800052	240.620800051	240.620800051	240.620800047	240.620800048	240.620800052	240.620800052	240.620800052	240.620800052	240.620800054	240.620800054	240.620800052	240.620800052	240.620800049	240.620800049	240.620800048	240.620800048	240.6208000483	240.6208000483	240.6208000453	240.6208000553	240.6208000633	240.6208000603	240.6208000603	240.6208000603	240.6208000603	240.6208000553	240.6208000363	240.62080005	0
